"name","flavor"
"10,000,000 Volt Thunderbolt","This move can’t be used. It’s recommended that this move is forgotten. Once forgotten, this move can’t be remembered."
"Absorb","A nutrient-draining attack. The user's HP is restored by up to half the damage taken by the target."
"Accelerock","The user smashes into the target at high speed. This move always goes first."
"Acid","Opposing Pokémon are attacked with a spray of harsh acid. This may also lower their Sp. Def stats."
"Acid Armor","The user alters its cellular structure to liquefy itself, sharply boosting its Defense stat."
"Acid Downpour","This move can’t be used. It’s recommended that this move is forgotten. Once forgotten, this move can’t be remembered."
"Acid Spray","The user attacks by spitting fluid that works to melt the target. This also harshly lowers the target's Sp. Def stat."
"Acrobatics","The user nimbly strikes the target. This attack does massive damage if the user isn't holding an item."
"Acupressure","The user applies pressure to stress points, sharply boosting one of its or its allies' stats."
"Aerial Ace","The user confounds the target with speed, then slashes. This attack never misses."
"Aeroblast","A vortex of air is shot at the target to inflict damage. This move has a heightened chance of landing a critical hit."
"After You","The user helps the target and makes it use its move right after the user."
"Agility","The user relaxes and lightens its body to move faster. This sharply boosts its Speed stat."
"Air Cutter","The user launches razor-like wind to slash opposing Pokémon. This move has a heightened chance of landing a critical hit."
"Air Slash","The user attacks with a blade of air that slices even the sky. This may also make the target flinch."
"All-Out Pummeling","This move can’t be used. It’s recommended that this move is forgotten. Once forgotten, this move can’t be remembered."
"Alluring Voice","The user attacks the target using its angelic voice. This also confuses the target if its stats have been boosted during the turn."
"Ally Switch","The user teleports using a strange power and switches places with one of its allies. This move's chance of failing rises if it is used in succession."
"Amnesia","The user temporarily empties its mind to forget its concerns. This sharply boosts the user's Sp. Def stat."
"Anchor Shot","The user entangles the target with its anchor chain while attacking. The target becomes unable to flee."
"Ancient Power","The user attacks with a prehistoric power. This may also boost all the user's stats at once."
"Apple Acid","The user attacks the target with an acidic liquid created from tart apples. This also lowers the target's Sp. Def stat."
"Aqua Cutter","The user expels pressurized water to cut at the target like a blade. This move has a heightened chance of landing a critical hit."
"Aqua Jet","The user lunges at the target to inflict damage, moving at blinding speed. This move always goes first."
"Aqua Ring","The user envelops itself in a veil made of water. It regains some HP every turn."
"Aqua Step","The user toys with the target and attacks it using light and fluid dance steps. This also boosts the user's Speed stat."
"Aqua Tail","The user attacks by swinging its tail as if it were a vicious wave in a raging storm."
"Arm Thrust","The user attacks the target with open-palmed arm thrusts. This move hits two to five times in a row."
"Armor Cannon","The user shoots its own armor out as blazing projectiles. This also lowers the user’s Defense and Sp. Def stats."
"Aromatherapy","This move can't be used. It's recommended that this move is forgotten. Once forgotten, this move can't be remembered."
"Aromatic Mist","The user boosts the Sp. Def stat of an ally Pokémon by using a mysterious aroma."
"Assist","This move can’t be used. It’s recommended that this move is forgotten. Once forgotten, this move can’t be remembered."
"Assurance","This move's power is doubled if the target has already taken some damage in the same turn."
"Astonish","The user attacks the target by crying out in a startling fashion. This may also make the target flinch."
"Astral Barrage","The user attacks by sending a frightful amount of small ghosts at opposing Pokémon."
"Attack Order","The user calls out its underlings to pummel the target. This move has a heightened chance of landing a critical hit."
"Attract","If the target is of the opposite gender to the user, it becomes infatuated with the user and will sometimes be unable to use its moves."
"Aura Sphere","The user lets loose a pulse of aura power from deep within its body at the target. This attack never misses."
"Aura Wheel","Morpeko attacks and boosts its Speed stat with the energy stored in its cheeks. This move's type changes depending on the user's form."
"Aurora Beam","The target is hit with a rainbow-colored beam. This may also lower the target's Attack stat."
"Aurora Veil","This move reduces damage from physical and special moves for five turns. This can be used only when it is snowing."
"Autotomize","The user sheds part of its body to make itself lighter and sharply raise its Speed stat."
"Avalanche","This move's power is doubled if the target has inflicted damage on the user in the same turn."
"Axe Kick","The user attacks by kicking up into the air and slamming its heel down upon the target. This may also confuse the target. If it misses, the user takes damage instead."
"Baby-Doll Eyes","The user stares at the target with its baby-doll eyes, which lowers the target's Attack stat. This move always goes first."
"Baddy Bad","This move can’t be used. It’s recommended that this move is forgotten. Once forgotten, this move can’t be remembered."
"Baneful Bunker","In addition to protecting the user from attacks, this move also poisons any attacker that makes direct contact."
"Barb Barrage","The user launches countless toxic barbs to inflict damage. This may also poison the target. This move’s power is doubled if the target is already poisoned."
"Barrage","This move can’t be used. It’s recommended that this move is forgotten. Once forgotten, this move can’t be remembered."
"Barrier","This move can’t be used. It’s recommended that this move is forgotten. Once forgotten, this move can’t be remembered."
"Baton Pass","The user switches places with a party Pokémon in waiting and passes along any stat changes."
"Beak Blast","The user first heats up its beak, and then it attacks the target. Making direct contact with the user while it's heating up its beak results in a burn."
"Beat Up","The user gets all party Pokémon to attack the target. The more party Pokémon, the greater the number of attacks."
"Behemoth Bash","The user becomes a gigantic shield and slams into the target. This move deals twice the damage if the target is Dynamaxed."
"Behemoth Blade","The user becomes a gigantic sword and cuts the target. This move deals twice the damage if the target is Dynamaxed."
"Belch","The user lets out a damaging belch at the target. The user must eat a held Berry to use this move."
"Belly Drum","The user maximizes its Attack stat but loses HP equal to half its max HP."
"Bestow","This move can’t be used. It’s recommended that this move is forgotten. Once forgotten, this move can’t be remembered."
"Bide","This move can’t be used. It’s recommended that this move is forgotten. Once forgotten, this move can’t be remembered."
"Bind","A long body, tentacles, or the like are used to bind and squeeze the target for four to five turns."
"Bite","The target is bitten with viciously sharp fangs. This may also make the target flinch."
"Bitter Blade","The user focuses its bitter feelings toward the world of the living into a slashing attack. The user's HP is restored by up to half the damage taken by the target."
"Bitter Malice","The user attacks the target with spine-chilling resentment. This also lowers the target’s Attack stat."
"Black Hole Eclipse","This move can’t be used. It’s recommended that this move is forgotten. Once forgotten, this move can’t be remembered."
"Blast Burn","The target is razed by a fiery explosion. The user can't move on the next turn."
"Blaze Kick","The user launches a kick that has a heightened chance of landing a critical hit. This may also leave the target with a burn."
"Bleakwind Storm","The user attacks with savagely cold winds that cause both body and spirit to tremble. This may also lower the Speed stats of opposing Pokémon."
"Blizzard","A howling blizzard is summoned to strike opposing Pokémon. This may also leave the opposing Pokémon frozen."
"Block","The user blocks the target's way with arms spread wide to prevent the target from fleeing."
"Blood Moon","The user unleashes the full brunt of its spirit from a full moon that shines as red as blood. This move can't be used twice in a row."
"Bloom Doom","This move can’t be used. It’s recommended that this move is forgotten. Once forgotten, this move can’t be remembered."
"Blue Flare","The user attacks by engulfing the target in an intense, yet beautiful, blue flame. This may also leave the target with a burn."
"Body Press","The user attacks by slamming its body into the target. The higher the user's Defense stat, the greater the damage this move deals."
"Body Slam","The user attacks by dropping onto the target with its full body weight. This may also leave the target with paralysis."
"Bolt Beak","The user stabs the target with its electrified beak. If the user attacks before the target, the power of this move is doubled."
"Bolt Strike","The user surrounds itself with a great amount of electricity and charges the target. This may also leave the target with paralysis."
"Bone Club","This move can’t be used. It’s recommended that this move is forgotten. Once forgotten, this move can’t be remembered."
"Bone Rush","The user attacks by striking the target with a hard bone. This move hits two to five times in a row."
"Bonemerang","The user throws the bone it holds. The bone loops around to hit the target twice—coming and going."
"Boomburst","The user attacks everything around it with the destructive power of a terrible explosive sound."
"Bounce","The user bounces up high on the first turn, then drops onto the target on the next turn. This may also leave the target with paralysis."
"Bouncy Bubble","This move can’t be used. It’s recommended that this move is forgotten. Once forgotten, this move can’t be remembered."
"Branch Poke","The user attacks the target by poking it with a sharply pointed branch."
"Brave Bird","The user tucks in its wings and charges at a low altitude. This also damages the user quite a lot."
"Breaking Swipe","The user swings its tough tail wildly and attacks opposing Pokémon. This also lowers their Attack stats."
"Breakneck Blitz","This move can’t be used. It’s recommended that this move is forgotten. Once forgotten, this move can’t be remembered."
"Brick Break","The user attacks with a swift chop. This move can also break barriers, such as Light Screen and Reflect."
"Brine","This move's power is doubled if the target's HP is at half or less."
"Brutal Swing","The user swings its body around violently to inflict damage on everything in its vicinity."
"Bubble","This move can’t be used. It’s recommended that this move is forgotten. Once forgotten, this move can’t be remembered."
"Bubble Beam","A spray of bubbles is forcefully ejected at the target. This may also lower the target's Speed stat."
"Bug Bite","The user attacks by biting the target. If the target is holding a Berry, the user eats it and gains its effect."
"Bug Buzz","The user vibrates to generate a damaging sound wave. This may also lower the target's Sp. Def stat."
"Bulk Up","The user tenses its muscles to bulk up its body, boosting its Attack and Defense stats."
"Bulldoze","The user strikes everything around it by stomping down on the ground. This lowers the Speed stats of those hit."
"Bullet Punch","The user strikes the target with tough punches as fast as bullets. This move always goes first."
"Bullet Seed","The user attacks by forcefully shooting seeds at the target. This move hits two to five times in a row."
"Burn Up","To inflict massive damage, the user burns itself out. After using this move, the user will no longer be Fire type."
"Burning Bulwark","The user's intensely hot fur protects it from attacks and also burns any attacker that makes direct contact with it."
"Burning Jealousy","The user attacks with energy from jealousy. This leaves all opposing Pokémon that have had their stats boosted during the turn with a burn."
"Buzzy Buzz","This move can’t be used. It’s recommended that this move is forgotten. Once forgotten, this move can’t be remembered."
"Calm Mind","The user quietly focuses its mind and calms its spirit to boost its Sp. Atk and Sp. Def stats."
"Camouflage","This move can’t be used. It’s recommended that this move is forgotten. Once forgotten, this move can’t be remembered."
"Captivate","This move can’t be used. It’s recommended that this move is forgotten. Once forgotten, this move can’t be remembered."
"Catastropika","This move can’t be used. It’s recommended that this move is forgotten. Once forgotten, this move can’t be remembered."
"Ceaseless Edge","The user slashes its shell blade at the target. Shell splinters left behind by this attack remain scattered under the target as spikes."
"Celebrate","The Pokémon congratulates you on your special day!"
"Charge","The user becomes charged, boosting the power of the next Electric-type move it uses. This also boosts the user's Sp. Def stat."
"Charge Beam","The user attacks the target with an electric charge. The residual electricity may also boost the user's Sp. Atk stat."
"Charm","The user gazes at the target rather charmingly, making it less wary. This harshly lowers the target's Attack stat."
"Chatter","The user attacks the target with sound waves of deafening chatter. This confuses the target."
"Chilling Water","The user attacks the target by showering it with water that's so cold it saps the target's power. This also lowers the target's Attack stat."
"Chilly Reception","The user tells a chillingly bad joke before switching places with a party Pokémon in waiting. This summons a snowstorm lasting five turns."
"Chip Away","This move can’t be used. It’s recommended that this move is forgotten. Once forgotten, this move can’t be remembered."
"Chloroblast","The user launches its amassed chlorophyll to inflict damage on the target. This also damages the user."
"Circle Throw","The target is thrown, and a different Pokémon is dragged out. In the wild, this ends a battle against a single Pokémon."
"Clamp","This move can’t be used. It’s recommended that this move is forgotten. Once forgotten, this move can’t be remembered."
"Clanging Scales","The user rubs the scales on its entire body and makes a huge noise to attack opposing Pokémon. The user's Defense stat is lowered after the attack."
"Clangorous Soul","The user boosts all its stats by using some of its own HP."
"Clangorous Soulblaze","This move can’t be used. It’s recommended that this move is forgotten. Once forgotten, this move can’t be remembered."
"Clear Smog","The user attacks the target by throwing a clump of special mud. All stat changes are eliminated."
"Close Combat","The user fights the target up close, inflicting damage without guarding itself. This also lowers the user's Defense and Sp. Def stats."
"Coaching","The user properly coaches its ally Pokémon, boosting their Attack and Defense stats."
"Coil","The user coils up and concentrates. This boosts its Attack and Defense stats as well as its accuracy."
"Collision Course","The user transforms and crashes to the ground, causing a massive prehistoric explosion. This move's power is boosted more than usual if it’s a supereffective hit."
"Comet Punch","This move can’t be used. It’s recommended that this move is forgotten. Once forgotten, this move can’t be remembered."
"Comeuppance","The user retaliates with much greater force against the opponent that last inflicted damage on it."
"Confide","The user tells the target a secret, and the target loses its ability to concentrate. This lowers the target's Sp. Atk stat."
"Confuse Ray","The target is exposed to a sinister ray that causes confusion."
"Confusion","The target is hit with a weak telekinetic force to inflict damage. This may also confuse the target."
"Constrict","This move can’t be used. It’s recommended that this move is forgotten. Once forgotten, this move can’t be remembered."
"Continental Crush","This move can’t be used. It’s recommended that this move is forgotten. Once forgotten, this move can’t be remembered."
"Conversion","The user changes its type to become the same type as the move at the top of the list of moves it knows."
"Conversion 2","The user changes its type to make itself resistant to the type of the move the target used last."
"Copycat","The user mimics the move used immediately before it. The move fails if no other move has been used yet."
"Core Enforcer","If the Pokémon the user has inflicted damage on have already used their moves, this move eliminates the effect of the target’s Ability."
"Corkscrew Crash","This move can’t be used. It’s recommended that this move is forgotten. Once forgotten, this move can’t be remembered."
"Corrosive Gas","The user surrounds everything around it with highly acidic gas and melts away items they hold."
"Cosmic Power","The user absorbs a mystical power from space to boost its Defense and Sp. Def stats."
"Cotton Guard","The user protects itself by wrapping its body in soft cotton, drastically boosting its Defense stat."
"Cotton Spore","The user releases cotton-like spores that cling to opposing Pokémon. This harshly lowers their Speed stats."
"Counter","A retaliatory attack that counters any physical move, inflicting double the damage taken."
"Court Change","With its mysterious power, the user swaps the effects on either side of the field."
"Covet","The user endearingly approaches the target, then steals the target's held item."
"Crabhammer","The target is hammered with a large pincer. This move has a heightened chance of landing a critical hit."
"Crafty Shield","The user protects itself and its allies from status moves with a mysterious power. This does not stop moves that do damage."
"Cross Chop","The user delivers a double chop with its forearms crossed. This move has a heightened chance of landing a critical hit."
"Cross Poison","A slashing attack with a poisonous blade that may also poison the target. This move has a heightened chance of landing a critical hit."
"Crunch","The user crunches up the target with sharp fangs. This may also lower the target's Defense stat."
"Crush Claw","The user slashes the target with hard and sharp claws. This may also lower the target's Defense stat."
"Crush Grip","The target is crushed with great force. The more HP the target has left, the greater the move's power."
"Curse","A move that has different effects depending on whether the user is a Ghost type or not."
"Cut","The target is cut with a scythe or claw."
"Dark Pulse","The user releases a horrible aura imbued with ill intent. This may also make the target flinch."
"Dark Void","Opposing Pokémon are dragged into a world of total darkness that puts them to sleep."
"Darkest Lariat","The user swings both arms and hits the target. The target's stat changes don't affect the damage inflicted by this move."
"Dazzling Gleam","The user damages opposing Pokémon by emitting a powerful flash."
"Decorate","The user sharply boosts the target's Attack and Sp. Atk stats by decorating the target."
"Defend Order","The user calls out its underlings to shield its body, boosting its Defense and Sp. Def stats."
"Defense Curl","The user curls up and boosts its Defense stat."
"Defog","A strong wind blows away the target's barriers such as Reflect or Light Screen. This also lowers the target's evasiveness."
"Destiny Bond","If the user is knocked out after using this move, the Pokémon that knocked it out will also faint. This move's chance of failing rises if it is used in succession."
"Detect","This move enables the user to protect itself from all attacks. Its chance of failing rises if it is used in succession."
"Devastating Drake","This move can’t be used. It’s recommended that this move is forgotten. Once forgotten, this move can’t be remembered."
"Diamond Storm","The user whips up a storm of diamonds to damage opposing Pokémon. This may also sharply boost the user's Defense stat."
"Dig","The user burrows into the ground on the first turn, then attacks on the next turn."
"Dire Claw","The user lashes out at the target with ruinous claws. This may also leave the target poisoned, paralyzed, or asleep."
"Disable","For four turns, the target will be unable to use whichever move it last used."
"Disarming Voice","Letting out a charming cry, the user does emotional damage to opposing Pokémon. This attack never misses."
"Discharge","The user strikes everything around it by letting loose a flare of electricity. This may also leave those hit by the attack with paralysis."
"Dive","The user dives on the first turn, then floats up and attacks on the next turn."
"Dizzy Punch","This move can’t be used. It’s recommended that this move is forgotten. Once forgotten, this move can’t be remembered."
"Doodle","The user captures the very essence of the target in a sketch. This changes the Abilities of the user and its ally Pokémon to that of the target."
"Doom Desire","Two turns after this move is used, a concentrated bundle of light blasts the target."
"Double Hit","The user slams the target with a tail or the like. The target is hit twice in a row."
"Double Iron Bash","The user rotates, centering the hex nut in its chest, and then strikes with its arms twice in a row. This may also make the target flinch."
"Double Kick","The user attacks by kicking the target twice in a row using two feet."
"Double Shock","The user discharges all the electricity from its body to perform a high-damage attack. After using this move, the user will no longer be Electric type."
"Double Slap","This move can’t be used. It’s recommended that this move is forgotten. Once forgotten, this move can’t be remembered."
"Double Team","By moving rapidly, the user makes illusory copies of itself to boost its evasiveness."
"Double-Edge","A reckless life-risking tackle in which the user rushes the target. This also damages the user quite a lot."
"Draco Meteor","Comets are summoned down from the sky onto the target. The recoil from this move harshly lowers the user’s Sp. Atk stat."
"Dragon Ascent","The user attacks the target by dropping out of the sky at high speed. This also lowers the user's Defense and Sp. Def stats."
"Dragon Breath","The user exhales a mighty gust that inflicts damage. This may also leave the target with paralysis."
"Dragon Cheer","The user raises its allies’ morale with a draconic cry so that their future attacks have a heightened chance of landing critical hits. This rouses Dragon types more."
"Dragon Claw","The user slashes the target with huge, sharp claws to inflict damage."
"Dragon Dance","The user vigorously performs a mystic, powerful dance that boosts its Attack and Speed stats."
"Dragon Darts","The user attacks twice using Dreepy. If there are two opposing Pokémon, this move hits each of them once."
"Dragon Energy","Converting its life-force into power, the user attacks opposing Pokémon. The lower the user's HP, the lower the move's power."
"Dragon Hammer","The user wields its body like a hammer to attack the target and inflict damage."
"Dragon Pulse","The target is attacked with a shock wave generated by the user's gaping mouth."
"Dragon Rage","This move can’t be used. It’s recommended that this move is forgotten. Once forgotten, this move can’t be remembered."
"Dragon Rush","The user tackles the target while exhibiting overwhelming menace. This may also make the target flinch."
"Dragon Tail","The target is knocked away, and a different Pokémon is dragged out. In the wild, this ends a battle against a single Pokémon."
"Drain Punch","The user attacks with an energy-draining punch. The user's HP is restored by up to half the damage taken by the target."
"Draining Kiss","The user steals the target's HP with a kiss. The user's HP is restored by over half the damage taken by the target."
"Dream Eater","The user eats the dreams of a sleeping target. The user's HP is restored by up to half the damage taken by the target."
"Drill Peck","A corkscrewing attack that strikes the target with a sharp beak acting as a drill."
"Drill Run","The user crashes into the target while rotating its body like a drill. This move has a heightened chance of landing a critical hit."
"Drum Beating","The user plays its drum, controlling the drum's roots to attack the target. This also lowers the target's Speed stat."
"Dual Chop","The user attacks its target by hitting it with brutal strikes. The target is hit twice in a row."
"Dual Wingbeat","The user slams the target with its wings to inflict damage. The target is hit twice in a row."
"Dynamax Cannon","The user condenses energy within its body and unleashes that energy from its core to inflict damage."
"Dynamic Punch","The user attacks by punching the target with full concentrated power. This also confuses the target."
"Earth Power","The user makes the ground under the target erupt with power. This may also lower the target's Sp. Def stat."
"Earthquake","The user sets off an earthquake that strikes every Pokémon around it."
"Echoed Voice","The user attacks the target with an echoing voice. If this move is used consecutively by any Pokémon, its power is boosted."
"Eerie Impulse","The user's body generates an eerie impulse. Exposing the target to it harshly lowers the target's Sp. Atk stat."
"Eerie Spell","The user attacks with its tremendous psychic power. This also drains 3 PP from the move last used by the target."
"Egg Bomb","This move can’t be used. It’s recommended that this move is forgotten. Once forgotten, this move can’t be remembered."
"Electric Terrain","The user turns the ground into Electric Terrain for five turns, powering up Electric-type moves. Pokémon on the ground can no longer fall asleep."
"Electrify","If the target is electrified before it uses a move during that turn, the target’s move becomes Electric type."
"Electro Ball","The user hurls an electric orb at the target. The faster the user is than the target, the greater the move's power."
"Electro Drift","The user races forward at ultrafast speeds, piercing its target with futuristic electricity. This move's power is boosted more than usual if it's a supereffective hit."
"Electro Shot","The user gathers electricity on the first turn, boosting its Sp. Atk stat, then fires a high-voltage shot on the next turn. The shot will be fired immediately in rain."
"Electroweb","The user captures opposing Pokémon in an electric net to inflict damage. This also lowers their Speed stats."
"Embargo","This move can’t be used. It’s recommended that this move is forgotten. Once forgotten, this move can’t be remembered."
"Ember","The target is attacked with small flames. This may also leave the target with a burn."
"Encore","The user compels the target to keep using the move it encored for three turns."
"Endeavor","The user inflicts damage by cutting down the target's HP to roughly equal the user's HP."
"Endure","The user endures any attack with at least 1 HP. This move's chance of failing rises if used in succession."
"Energy Ball","The user draws power from nature and fires it at the target. This may also lower the target's Sp. Def stat."
"Entrainment","The user dances with an odd rhythm that compels the target to mimic it, making the target's Ability the same as the user's."
"Eruption","The user attacks opposing Pokémon with explosive fury. The lower the user's HP, the lower the move's power."
"Esper Wing","The user slashes the target with aura-enriched wings. This also boosts the user's Speed stat. This move has a heightened chance of landing a critical hit."
"Eternabeam","This is Eternatus’s most powerful attack in its original form. The user can’t move on the next turn."
"Expanding Force","The user attacks the target with its psychic power. When the ground is Psychic Terrain, this move's power is boosted and it damages all opposing Pokémon."
"Explosion","The user attacks everything around it by causing a tremendous explosion. The user faints upon using this move."
"Extrasensory","The user attacks with an odd, unseeable power. This may also make the target flinch."
"Extreme Evoboost","This move can’t be used. It’s recommended that this move is forgotten. Once forgotten, this move can’t be remembered."
"Extreme Speed","The user charges the target at blinding speed. This move always goes first."
"Facade","This move's power is doubled if the user is poisoned, burned, or paralyzed."
"Fairy Lock","By locking down the battlefield, the user keeps all Pokémon from fleeing during the next turn."
"Fairy Wind","The user attacks by stirring up a fairy wind to strike the target."
"Fake Out","This attack hits first and makes the target flinch. It works only on the first turn each time the user enters battle."
"Fake Tears","The user feigns crying to fluster the target. This harshly lowers the target's Sp. Def stat."
"False Surrender","The user pretends to bow its head, but then it stabs the target with its disheveled hair. This attack never misses."
"False Swipe","A restrained attack that prevents the target from fainting. The target is left with at least 1 HP."
"Feather Dance","The user covers the target's body with a mass of down that harshly lowers its Attack stat."
"Feint","This attack can hit a target using a move such as Protect or Detect. This also lifts the effects of those moves."
"Feint Attack","This move can’t be used. It’s recommended that this move is forgotten. Once forgotten, this move can’t be remembered."
"Fell Stinger","When the user knocks out a target with this move, the user's Attack stat is boosted drastically."
"Fickle Beam","The user shoots a beam of light to inflict damage. Sometimes all the user's heads shoot beams in unison, doubling the move's power."
"Fiery Dance","Cloaked in flames, the user attacks the target by dancing and flapping its wings. This may also boost the user's Sp. Atk stat."
"Fiery Wrath","The user transforms its wrath into a fire-like aura to attack. This may also make opposing Pokémon flinch."
"Fillet Away","The user sharply boosts its Attack, Sp. Atk, and Speed stats by using its own HP."
"Final Gambit","The user risks everything to attack the target. The user faints but inflicts damage equal to its own HP."
"Fire Blast","The target is attacked with an intense blast of all-consuming fire. This may also leave the target with a burn."
"Fire Fang","The user bites with flame-cloaked fangs. This may also make the target flinch or leave it with a burn."
"Fire Lash","The user strikes the target with a burning lash. This also lowers the target's Defense stat."
"Fire Pledge","A column of fire hits the target. When used with its grass counterpart, this move's power is boosted and a vast sea of fire appears."
"Fire Punch","The target is attacked with a fiery punch. This may also leave the target with a burn."
"Fire Spin","The user traps the target inside a fierce vortex of fire that inflicts damage for four to five turns."
"First Impression","Although this move has great power, it works only on the first turn each time the user enters battle."
"Fishious Rend","The user rends the target with its hard gills. If the user attacks before the target, the power of this move is doubled."
"Fissure","The user opens up a fissure in the ground and drops the target in. The target faints instantly if this attack hits."
"Flail","The user flails about aimlessly to attack. The less HP the user has, the greater the move's power."
"Flame Burst","This move can’t be used. It’s recommended that this move is forgotten. Once forgotten, this move can’t be remembered."
"Flame Charge","Cloaking itself in flame, the user attacks the target. Then, building up momentum, the user boosts its Speed stat."
"Flame Wheel","The user attacks by cloaking itself in fire and charging at the target. This may also leave the target with a burn."
"Flamethrower","The target is scorched with an intense blast of fire. This may also leave the target with a burn."
"Flare Blitz","The user cloaks itself in fire and charges the target to inflict damage. This also damages the user quite a lot and may leave the target with a burn."
"Flash","This move can’t be used. It’s recommended that this move is forgotten. Once forgotten, this move can’t be remembered."
"Flash Cannon","The user gathers all its light energy and releases it at once. This may also lower the target's Sp. Def stat."
"Flatter","Flattery is used to confuse the target. However, this also boosts the target's Sp. Atk stat."
"Fleur Cannon","The user unleashes a strong beam. The recoil from this move harshly lowers the user's Sp. Atk stat."
"Fling","The user flings its held item at the target to attack. This move's power and effects depend on the item."
"Flip Turn","After making its attack, the user rushes back to switch places with a party Pokémon in waiting."
"Floaty Fall","This move can’t be used. It’s recommended that this move is forgotten. Once forgotten, this move can’t be remembered."
"Floral Healing","The user restores the target's HP by up to half its max HP. More HP is restored when the ground is Grassy Terrain."
"Flower Shield","The user raises the Defense stats of all Grass-type Pokémon in battle with a mysterious power."
"Flower Trick","The user throws a rigged bouquet of flowers at the target. This attack never misses and always lands a critical hit."
"Fly","The user flies up into the sky on the first turn, then attacks on the next turn."
"Flying Press","The user dives down onto the target from the sky. This move is Fighting and Flying type simultaneously."
"Focus Blast","The user heightens its mental focus and unleashes its power. This may also lower the target's Sp. Def stat."
"Focus Energy","The user takes a deep breath and focuses so that its future attacks have a heightened chance of landing critical hits."
"Focus Punch","The user focuses its mind before launching a punch. This move fails if the user is hit before using the move."
"Follow Me","The user draws attention to itself, making all opposing Pokémon take aim only at the user."
"Force Palm","The target is attacked with a shock wave. This may also leave the target with paralysis."
"Foresight","This move can’t be used. It’s recommended that this move is forgotten. Once forgotten, this move can’t be remembered."
"Forest’s Curse","The user puts a forest curse on the target. This adds Grass type to the target's type."
"Foul Play","The user turns the target's strength against it. The higher the target's Attack stat, the greater the damage this move inflicts."
"Freeze Shock","The turn after using this move, the user hits the target with electrically charged ice to inflict damage. This may also leave the target with paralysis."
"Freeze-Dry","The user rapidly cools the target. This may also leave the target frozen. This move is super effective on Water types."
"Freezing Glare","The user shoots its psychic power from its eyes to attack. This may also leave the target frozen."
"Freezy Frost","This move can’t be used. It’s recommended that this move is forgotten. Once forgotten, this move can’t be remembered."
"Frenzy Plant","The user slams the target with the roots of an enormous tree. The user can't move on the next turn."
"Frost Breath","The user attacks by blowing its cold breath on the target. This move always lands a critical hit."
"Frustration","This move can’t be used. It’s recommended that this move is forgotten. Once forgotten, this move can’t be remembered."
"Fury Attack","The user attacks by jabbing the target with a horn, a beak, or the like. This move hits two to five times in a row."
"Fury Cutter","The user attacks by slashing the target with scythes, claws, or the like. This attack becomes more powerful if it hits in succession."
"Fury Swipes","The user attacks by raking the target with claws, scythes, or the like. This move hits two to five times in a row."
"Fusion Bolt","The user throws down a giant lightning bolt. This move's power is boosted when influenced by an enormous flame."
"Fusion Flare","The user brings down a giant flame. This move's power is boosted when influenced by an enormous lightning bolt."
"Future Sight","Two turns after this move is used, a hunk of psychic energy attacks the target."
"Gastro Acid","The user hurls up its stomach acids on the target. The fluid eliminates the effect of the target's Ability."
"Gear Grind","The user attacks by throwing steel gears at its target twice."
"Gear Up","The user engages its gears to raise the Attack and Sp. Atk stats of ally Pokémon with the Plus or Minus Ability."
"Genesis Supernova","This move can’t be used. It’s recommended that this move is forgotten. Once forgotten, this move can’t be remembered."
"Geomancy","The user absorbs energy and sharply raises its Sp. Atk, Sp. Def, and Speed stats on the next turn."
"Giga Drain","A nutrient-draining attack. The user's HP is restored by up to half the damage taken by the target."
"Giga Impact","The user charges at the target using every bit of its power. The user can't move on the next turn."
"Gigaton Hammer","The user swings its whole body around to attack with its huge hammer. This move can't be used twice in a row."
"Gigavolt Havoc","This move can’t be used. It’s recommended that this move is forgotten. Once forgotten, this move can’t be remembered."
"Glacial Lance","The user attacks by hurling a blizzard-cloaked icicle lance at opposing Pokémon."
"Glaciate","The user attacks by blowing freezing cold air at opposing Pokémon. This also lowers their Speed stats."
"Glaive Rush","The user throws its entire body into a reckless charge. After this move is used, attacks on the user cannot miss and will inflict double damage until the user’s next turn."
"Glare","The user intimidates the target with the pattern on its belly to cause paralysis."
"Glitzy Glow","This move can’t be used. It’s recommended that this move is forgotten. Once forgotten, this move can’t be remembered."
"G-Max Cannonade","A Water-type attack that Gigantamax Blastoise use. This move continues to deal damage to opponents for four turns."
"G-Max Centiferno","A Fire-type attack that Gigantamax Centiskorch use. This move traps opponents in flames for four to five turns."
"G-Max Cuddle","A Normal-type attack that Gigantamax Eevee use. This move infatuates opponents."
"G-Max Fireball","A Fire-type attack that Gigantamax Cinderace use. This move can be used on the target regardless of its Abilities."
"G-Max Foam Burst","A Water-type attack that Gigantamax Kingler use. This move harshly lowers the Speed of opponents."
"G-Max Gold Rush","A Normal-type attack that Gigantamax Meowth use. This move confuses opponents and also earns extra money."
"G-Max Hydrosnipe","A Water-type attack that Gigantamax Inteleon use. This move can be used on the target regardless of its Abilities."
"G-Max Rapid Flow","A Water-type attack that Gigantamax Urshifu use. This rapid-strike move can ignore Max Guard."
"G-Max Replenish","A Normal-type attack that Gigantamax Snorlax use. This move restores Berries that have been eaten."
"G-Max Stonesurge","A Water-type attack that Gigantamax Drednaw use. This move scatters sharp rocks around the field."
"G-Max Stun Shock","An Electric-type attack that Gigantamax Toxtricity use. This move poisons or paralyzes opponents."
"G-Max Volt Crash","An Electric-type attack that Gigantamax Pikachu use. This move paralyzes opponents."
"G-Max Wildfire","A Fire-type attack that Gigantamax Charizard use. This move continues to deal damage to opponents for four turns."
"Grass Knot","The user snares the target with grass and trips it. The heavier the target, the greater the move's power."
"Grass Pledge","A column of grass hits the target. When used with its water counterpart, this move's power is boosted and a vast swamp appears."
"Grass Whistle","This move can’t be used. It’s recommended that this move is forgotten. Once forgotten, this move can’t be remembered."
"Grassy Glide","Gliding on the ground, the user attacks the target. This move always goes first on Grassy Terrain."
"Grassy Terrain","The user turns the ground into Grassy Terrain for five turns. This restores the HP of Pokémon on the ground a little every turn and powers up Grass-type moves."
"Grav Apple","The user inflicts damage by dropping an apple from high above. This also lowers the target's Defense stat."
"Gravity","Enables Flying types or Pokémon with the Levitate Ability to be hit by Ground-type moves for five turns. Moves that involve flying can't be used."
"Growl","The user growls in an endearing way, making opposing Pokémon less wary. This lowers their Attack stats."
"Growth","The user's body grows all at once, boosting the Attack and Sp. Atk stats."
"Grudge","If the user faints, the user’s grudge fully depletes the PP of the opponent’s move that knocked it out."
"Guard Split","The user employs its psychic power to average its Defense and Sp. Def stats with those of the target."
"Guard Swap","The user employs its psychic power to switch changes to its Defense and Sp. Def stats with the target."
"Guardian of Alola","This move can’t be used. It’s recommended that this move is forgotten. Once forgotten, this move can’t be remembered."
"Guillotine","A vicious tearing attack with big pincers. The target faints instantly if this attack hits."
"Gunk Shot","The user shoots filthy garbage at the target to attack. This may also poison the target."
"Gust","A gust of wind is whipped up by wings and launched at the target to inflict damage."
"Gyro Ball","The user tackles the target with a high-speed spin. The slower the user is than the target, the greater the move's power."
"Hail","The user summons a hailstorm lasting five turns. It damages all Pokémon except Ice types."
"Hammer Arm","The user swings its strong, heavy fist at the target to inflict damage. This also lowers the user's Speed stat."
"Happy Hour","Using Happy Hour doubles the amount of prize money received after battle."
"Hard Press","The target is crushed with an arm, a claw, or the like to inflict damage. The more HP the target has left, the greater the move's power."
"Harden","The user stiffens all the muscles in its body to boost its Defense stat."
"Haze","The user creates a haze that eliminates every stat change among all the Pokémon engaged in battle."
"Head Charge","The user charges its head into its target, using its powerful guard hair. This also damages the user a little."
"Head Smash","The user attacks the target with a hazardous full-power headbutt. This also damages the user terribly."
"Headbutt","The user sticks out its head and attacks by charging straight into the target. This may also make the target flinch."
"Headlong Rush","The user smashes into the target in a full-body tackle. This also lowers the user’s Defense and Sp. Def stats."
"Heal Bell","The user makes a soothing bell chime to cure the status conditions of all its fellow party Pokémon and allies."
"Heal Block","This move can’t be used. It’s recommended that this move is forgotten. Once forgotten, this move can’t be remembered."
"Heal Order","This move can’t be used. It’s recommended that this move is forgotten. Once forgotten, this move can’t be remembered."
"Heal Pulse","The user emits a healing pulse that restores the target's HP by up to half its max HP."
"Healing Wish","The user faints. In return, the Pokémon taking its place will have its HP restored and status conditions cured."
"Heart Stamp","This move can’t be used. It’s recommended that this move is forgotten. Once forgotten, this move can’t be remembered."
"Heart Swap","The user employs its psychic power to switch stat changes with the target."
"Heat Crash","The user slams into the target with its flame-covered body. The more the user outweighs the target, the greater the move's power."
"Heat Wave","The user attacks by exhaling hot breath on opposing Pokémon. This may also leave them with a burn."
"Heavy Slam","The user slams into the target with its heavy body. The more the user outweighs the target, the greater the move's power."
"Helping Hand","The user assists an ally by boosting the power of that ally's attack."
"Hex","This relentless attack does massive damage to a target affected by status conditions."
"Hidden Power","This move can’t be used. It’s recommended that this move is forgotten. Once forgotten, this move can’t be remembered."
"High Horsepower","The user fiercely attacks the target using its entire body."
"High Jump Kick","The target is attacked with a knee kick from a jump. If this move misses, the user takes damage instead."
"Hold Back","The user holds back when it attacks, and the target is left with at least 1 HP."
"Hold Hands","The user and an ally hold hands. This makes them very happy."
"Hone Claws","The user sharpens its claws to boost its Attack stat and accuracy."
"Horn Attack","The target is jabbed with a sharply pointed horn to inflict damage."
"Horn Drill","The user stabs the target with a horn that rotates like a drill. The target faints instantly if this attack hits."
"Horn Leech","The user drains the target's energy with its horns. The user's HP is restored by up to half the damage taken by the target."
"Howl","The user howls loudly to rouse itself and its allies. This boosts their Attack stats."
"Hurricane","The user attacks by wrapping its opponent in a fierce wind. This may also confuse the target."
"Hydro Cannon","The target is hit with a watery blast. The user can't move on the next turn."
"Hydro Pump","The target is blasted by a huge volume of water launched under great pressure."
"Hydro Steam","The user blasts the target with boiling-hot water. This move's power is not lowered in harsh sunlight but rather boosted by 50 percent."
"Hydro Vortex","This move can’t be used. It’s recommended that this move is forgotten. Once forgotten, this move can’t be remembered."
"Hyper Beam","The target is attacked with a powerful beam. The user can't move on the next turn."
"Hyper Drill","The user spins the pointed part of its body at high speed to pierce the target. This attack can hit a target using a move such as Protect or Detect."
"Hyper Fang","The user bites hard on the target with its sharp front fangs. This may also make the target flinch."
"Hyper Voice","The user attacks by letting loose a horribly loud, resounding cry."
"Hyperspace Fury","Using its many arms, the user unleashes a barrage of attacks that ignore the effects of moves like Protect and Detect. This also lowers the user's Defense stat."
"Hyperspace Hole","Using a hyperspace hole, the user appears right next to the target and strikes. This attack can hit a target using a move such as Protect or Detect."
"Hypnosis","The user employs hypnotic suggestion to make the target fall asleep."
"Ice Ball","This move can’t be used. It’s recommended that this move is forgotten. Once forgotten, this move can’t be remembered."
"Ice Beam","The target is struck with an icy-cold beam of energy. This may also leave the target frozen."
"Ice Burn","The turn after using this move, the user surrounds the target with an ultracold, freezing wind to inflict damage. This may also leave the target with a burn."
"Ice Fang","The user bites with cold-infused fangs. This may also make the target flinch or leave it frozen."
"Ice Hammer","The user swings its strong, heavy fist at the target to inflict damage. This also lowers the user's Speed stat."
"Ice Punch","The target is attacked with an icy punch. This may also leave the target frozen."
"Ice Shard","The user flash-freezes chunks of ice and hurls them at the target. This move always goes first."
"Ice Spinner","The user covers its feet in thin ice and twirls around, slamming into the target. This move's spinning motion also destroys the terrain."
"Icicle Crash","The user attacks by crashing large icicles onto the target. This may also make the target flinch."
"Icicle Spear","The user attacks by launching sharp icicles at the target. This move hits two to five times in a row."
"Icy Wind","The user attacks with a gust of chilled air. This also lowers opposing Pokémon's Speed stats."
"Imprison","If opposing Pokémon know any move also known by the user, they are prevented from using it."
"Incinerate","The user attacks opposing Pokémon with fire. If a Pokémon is holding a certain item, such as a Berry, the item becomes burned up and unusable."
"Infernal Parade","The user attacks with myriad fireballs. This may also leave the target with a burn. This move's power is doubled if the target has a status condition."
"Inferno","The user attacks by engulfing the target in an intense fire. This leaves the target with a burn."
"Inferno Overdrive","This move can’t be used. It’s recommended that this move is forgotten. Once forgotten, this move can’t be remembered."
"Infestation","The target is infested and attacked for four to five turns. The target can't flee during this time."
"Ingrain","The user lays roots that restore its own HP every turn. Because the user is now rooted, it can't switch out."
"Instruct","The user instructs the target to reuse the move last used by the target."
"Ion Deluge","This move can’t be used. It’s recommended that this move is forgotten. Once forgotten, this move can’t be remembered."
"Iron Defense","The user hardens its body's surface like iron, sharply boosting its Defense stat."
"Iron Head","The user slams the target with its steel-hard head. This may also make the target flinch."
"Iron Tail","The target is slammed with a steel-hard tail. This may also lower the target's Defense stat."
"Ivy Cudgel","The user strikes with an ivy-wrapped cudgel. This move's type changes depending on the mask worn by the user, and it has a heightened chance of landing a critical hit."
"Jaw Lock","This move prevents the user and the target from switching out until either of them faints. The effect goes away if either of the Pokémon leaves the field."
"Jet Punch","The user summons a torrent around its fist and punches at blinding speed. This move always goes first."
"Judgment","The user releases countless shots of light at the target. This move's type changes depending on the kind of plate held by the user."
"Jump Kick","This move can’t be used. It’s recommended that this move is forgotten. Once forgotten, this move can’t be remembered."
"Jungle Healing","The user becomes one with the jungle, restoring HP and curing status conditions for itself and its ally Pokémon currently in the battle."
"Karate Chop","This move can’t be used. It’s recommended that this move is forgotten. Once forgotten, this move can’t be remembered."
"Kinesis","The user distracts the target by bending a spoon. This lowers the target’s accuracy."
"King’s Shield","The user takes a defensive stance while it protects itself from damage. It also lowers the Attack stat of any attacker that makes direct contact."
"Knock Off","The user slaps down the target's held item, making it unusable for that battle. This move does more damage if the target has a held item."
"Kowtow Cleave","The user slashes at the target after kowtowing to make the target let down its guard. This attack never misses."
"Land’s Wrath","The user gathers the energy of the land and focuses that power on opposing Pokémon to damage them."
"Laser Focus","The user concentrates intensely. The attack on the next turn always results in a critical hit."
"Lash Out","The user lashes out to vent its frustration toward the target. This move's power is doubled if the user's stats were lowered during this turn."
"Last Resort","This move can be used only after the user has used all the other moves it knows in the battle."
"Last Respects","The user attacks to avenge its allies. The more defeated allies there are in the user's party, the greater the move's power."
"Lava Plume","The user torches everything around it in an inferno of scarlet flames. This may also leave those it hits with a burn."
"Leaf Blade","The user handles a sharp leaf like a sword and cuts the target to inflict damage. This move has a heightened chance of landing a critical hit."
"Leaf Storm","The user whips up a storm of leaves around the target. The recoil from this move harshly lowers the user's Sp. Atk stat."
"Leaf Tornado","The user attacks its target by encircling it in sharp leaves. This attack may also lower the target’s accuracy."
"Leafage","The user attacks by pelting the target with leaves."
"Leech Life","The user drains the target's blood. The user's HP is restored by up to half the damage taken by the target."
"Leech Seed","A seed is planted on the target. It steals some HP from the target every turn."
"Leer","The user gives opposing Pokémon an intimidating leer that lowers their Defense stats."
"Let’s Snuggle Forever","This move can’t be used. It’s recommended that this move is forgotten. Once forgotten, this move can’t be remembered."
"Lick","The user licks the target with a long tongue to inflict damage. This may also leave the target with paralysis."
"Life Dew","The user scatters mysterious water around and restores the HP of itself and its ally Pokémon currently in the battle."
"Light of Ruin","Drawing power from the Eternal Flower, the user fires a powerful beam of light. This also damages the user quite a lot."
"Light Screen","A wondrous wall of light is put up to reduce damage from special moves for five turns."
"Light That Burns the Sky","This move can’t be used. It’s recommended that this move is forgotten. Once forgotten, this move can’t be remembered."
"Liquidation","The user slams into the target using a full-force blast of water. This may also lower the target's Defense stat."
"Lock-On","The user takes sure aim at the target. This ensures the user's next move does not miss that target."
"Lovely Kiss","With a scary face, the user tries to force a kiss on the target. If it succeeds, the target falls asleep."
"Low Kick","A powerful low kick that makes the target fall over. The heavier the target, the greater the move's power."
"Low Sweep","The user makes a swift attack on the target's legs, which lowers the target's Speed stat."
"Lucky Chant","This move can’t be used. It’s recommended that this move is forgotten. Once forgotten, this move can’t be remembered."
"Lumina Crash","The user attacks by unleashing a peculiar light that even affects the mind. This also harshly lowers the target's Sp. Def stat."
"Lunar Blessing","The user receives a blessing from the crescent moon, restoring HP and curing status conditions for itself and its ally Pokémon currently in the battle."
"Lunar Dance","The user faints. In return, the Pokémon taking its place will have its HP and PP restored and its status conditions cured."
"Lunge","The user makes a lunge at the target, attacking with full force. This also lowers the target's Attack stat."
"Luster Purge","The user lets loose a damaging burst of light. This may also lower the target's Sp. Def stat."
"Mach Punch","The user throws a punch at blinding speed. This move always goes first."
"Magic Coat","Moves like Leech Seed and moves that inflict status conditions are blocked by a barrier and reflected back to the user of those moves."
"Magic Powder","The user scatters a cloud of magic powder that changes the target's type to Psychic."
"Magic Room","The user creates a bizarre area in which Pokémon's held items lose their effects for five turns."
"Magical Leaf","The user scatters curious leaves that chase the target. This attack never misses."
"Magma Storm","The user traps the target inside a maelstrom of fire that inflicts damage for four to five turns."
"Magnet Bomb","This move can’t be used. It’s recommended that this move is forgotten. Once forgotten, this move can’t be remembered."
"Magnet Rise","The user levitates using electrically generated magnetism for five turns."
"Magnetic Flux","The user manipulates magnetic fields, which boosts the Defense and Sp. Def stats of ally Pokémon with the Plus Ability or the Minus Ability."
"Magnitude","This move can’t be used. It’s recommended that this move is forgotten. Once forgotten, this move can’t be remembered."
"Make It Rain","The user attacks by throwing out a mass of coins. This also lowers the user's Sp. Atk stat. Money is earned after the battle."
"Malicious Moonsault","This move can’t be used. It’s recommended that this move is forgotten. Once forgotten, this move can’t be remembered."
"Malignant Chain","The user pours toxins into the target by wrapping them in a toxic, corrosive chain. This may also leave the target badly poisoned."
"Mat Block","Using a pulled-up mat as a shield, the user protects itself and its allies from damaging moves. This does not stop status moves."
"Matcha Gotcha","The user fires a blast of tea that it mixed. The user's HP is restored by up to half the damage taken by the target. This may also leave the target with a burn."
"Max Airstream","This is a Flying-type attack Dynamax Pokémon use. This raises ally Pokémon’s Speed stats."
"Max Darkness","This is a Dark-type attack Dynamax Pokémon use. This lowers the target’s Sp. Def stat."
"Max Flare","This is a Fire-type attack Dynamax Pokémon use. The user intensifies the sun for five turns."
"Max Flutterby","This is a Bug-type attack Dynamax Pokémon use. This lowers the target’s Sp. Atk stat."
"Max Geyser","This is a Water-type attack Dynamax Pokémon use. The user summons a heavy rain that falls for five turns."
"Max Guard","This move enables the user to protect itself from all attacks. Its chance of failing rises if it is used in succession."
"Max Hailstorm","This is an Ice-type attack Dynamax Pokémon use. The user summons a hailstorm lasting five turns."
"Max Knuckle","This is a Fighting-type attack Dynamax Pokémon use. This raises ally Pokémon’s Attack stats."
"Max Lightning","This is an Electric-type attack Dynamax Pokémon use. The user turns the ground into Electric Terrain for five turns."
"Max Mindstorm","This is a Psychic-type attack Dynamax Pokémon use. The user turns the ground into Psychic Terrain for five turns."
"Max Ooze","This is a Poison-type attack Dynamax Pokémon use. This raises ally Pokémon’s Sp. Atk stats."
"Max Overgrowth","This is a Grass-type attack Dynamax Pokémon use. The user turns the ground into Grassy Terrain for five turns."
"Max Phantasm","This is a Ghost-type attack Dynamax Pokémon use. This lowers the target’s Defense stat."
"Max Quake","This is a Ground-type attack Dynamax Pokémon use. This raises ally Pokémon’s Sp. Def stats."
"Max Rockfall","This is a Rock-type attack Dynamax Pokémon use. The user summons a sandstorm lasting five turns."
"Max Starfall","This is a Fairy-type attack Dynamax Pokémon use. The user turns the ground into Misty Terrain for five turns."
"Max Steelspike","This is a Steel-type attack Dynamax Pokémon use. This raises ally Pokémon’s Defense stats."
"Max Strike","This is a Normal-type attack Dynamax Pokémon use. This lowers the target’s Speed stat."
"Max Wyrmwind","This is a Dragon-type attack Dynamax Pokémon use. This lowers the target’s Attack stat."
"Me First","This move can’t be used. It’s recommended that this move is forgotten. Once forgotten, this move can’t be remembered."
"Mean Look","The user pins the target with a dark, arresting look. The target becomes unable to flee."
"Meditate","This move can’t be used. It’s recommended that this move is forgotten. Once forgotten, this move can’t be remembered."
"Mega Drain","A nutrient-draining attack. The user's HP is restored by up to half the damage taken by the target."
"Mega Kick","The target is attacked by a kick launched with muscle-packed power."
"Mega Punch","The target is slugged by a punch thrown with muscle-packed power."
"Megahorn","Using its tough and impressive horn, the user rams into the target with no letup."
"Memento","The user faints. In return, the target's Attack and Sp. Atk stats are harshly lowered."
"Menacing Moonraze Maelstrom","This move can’t be used. It’s recommended that this move is forgotten. Once forgotten, this move can’t be remembered."
"Metal Burst","The user retaliates with much greater force against the opponent that last inflicted damage on it."
"Metal Claw","The target is raked with steel claws. This may also boost the user's Attack stat."
"Metal Sound","A horrible sound like scraping metal harshly lowers the target's Sp. Def stat."
"Meteor Assault","The user attacks wildly with its thick leek. The user can’t move on the next turn, because the force of this move makes it stagger."
"Meteor Beam","The user gathers energy from space and boosts its Sp. Atk stat on the first turn, then attacks on the next turn."
"Meteor Mash","The target is hit with a hard punch fired like a meteor. This may also boost the user’s Attack stat."
"Metronome","The user waggles a finger and stimulates its brain into randomly using nearly any move."
"Mighty Cleave","The user wields the light that has accumulated atop its head to cleave the target. This move hits even if the target protects itself."
"Milk Drink","The user restores its own HP by up to half its max HP."
"Mimic","The user copies the move last used by the target. The copied move can be used until the user of Mimic leaves the battle."
"Mind Blown","The user attacks everything around it by causing its own head to explode. This also damages the user."
"Mind Reader","The user senses the target’s movements with its mind to ensure its next attack does not miss the target."
"Minimize","The user compresses its body to make itself look smaller, which sharply boosts its evasiveness."
"Miracle Eye","This move can’t be used. It’s recommended that this move is forgotten. Once forgotten, this move can’t be remembered."
"Mirror Coat","A retaliatory attack that counters any special move, inflicting double the damage taken."
"Mirror Move","This move can’t be used. It’s recommended that this move is forgotten. Once forgotten, this move can’t be remembered."
"Mirror Shot","This move can’t be used. It’s recommended that this move is forgotten. Once forgotten, this move can’t be remembered."
"Mist","The user cloaks itself and its allies in a white mist that prevents any of their stats from being lowered for five turns."
"Mist Ball","A mist-like flurry of down envelops and damages the target. This may also lower the target's Sp. Atk stat."
"Misty Explosion","The user attacks everything around it and faints upon using this move. This move's power is boosted on Misty Terrain."
"Misty Terrain","This protects Pokémon on the ground from status conditions and halves damage from Dragon-type moves for five turns."
"Moonblast","Borrowing the power of the moon, the user attacks the target. This may also lower the target's Sp. Atk stat."
"Moongeist Beam","The user emits a sinister ray to attack the target. This move can be used on the target regardless of its Ability."
"Moonlight","The user restores its own HP. The amount of HP regained varies with the weather."
"Morning Sun","The user restores its own HP. The amount of HP regained varies with the weather."
"Mortal Spin","The user performs a spin attack that can also eliminate the effects of such moves as Bind, Wrap, and Leech Seed. This also poisons opposing Pokémon."
"Mountain Gale","The user hurls giant chunks of ice at the target to inflict damage. This may also make the target flinch."
"Mud Bomb","This move can’t be used. It’s recommended that this move is forgotten. Once forgotten, this move can’t be remembered."
"Mud Shot","The user attacks by hurling a blob of mud at the target. This also lowers the target's Speed stat."
"Mud Sport","This move can’t be used. It’s recommended that this move is forgotten. Once forgotten, this move can’t be remembered."
"Muddy Water","The user attacks by shooting muddy water at opposing Pokémon. This may also lower their accuracy."
"Mud-Slap","The user hurls mud in the target's face to inflict damage and lower its accuracy."
"Multi-Attack","Cloaking itself in high energy, the user slams into the target. The memory held determines the move’s type."
"Mystical Fire","The user attacks by breathing a special, hot fire. This also lowers the target's Sp. Atk stat."
"Mystical Power","The user attacks by emitting a mysterious power. This also boosts the user’s Sp. Atk stat."
"Nasty Plot","The user stimulates its brain by thinking bad thoughts. This sharply boosts the user's Sp. Atk stat."
"Natural Gift","This move can’t be used. It’s recommended that this move is forgotten. Once forgotten, this move can’t be remembered."
"Nature Power","This attack makes use of nature’s power. Its effects vary depending on the user’s environment."
"Nature’s Madness","The user hits the target with the force of nature. It halves the target’s HP."
"Needle Arm","This move can’t be used. It’s recommended that this move is forgotten. Once forgotten, this move can’t be remembered."
"Never-Ending Nightmare","This move can’t be used. It’s recommended that this move is forgotten. Once forgotten, this move can’t be remembered."
"Night Daze","The user looses a pitch-black shock wave at the target to inflict damage. This may also lower the target's accuracy."
"Night Shade","The user makes the target see a frightening mirage. It inflicts damage equal to the user's level."
"Night Slash","The user slashes the target the instant an opportunity arises. This move has a heightened chance of landing a critical hit."
"Nightmare","This move can’t be used. It’s recommended that this move is forgotten. Once forgotten, this move can’t be remembered."
"No Retreat","This move boosts all the user's stats but prevents the user from switching out or fleeing."
"Noble Roar","Letting out a noble roar, the user intimidates the target and lowers the target's Attack and Sp. Atk stats."
"Nuzzle","The user attacks by nuzzling its electrified cheeks against the target. This also leaves the target with paralysis."
"Oblivion Wing","The user absorbs its target’s HP. The user’s HP is restored by over half of the damage taken by the target."
"Obstruct","This move enables the user to protect itself from all attacks. Its chance of failing rises if it is used in succession. Direct contact harshly lowers the attacker’s Defense stat."
"Oceanic Operetta","This move can’t be used. It’s recommended that this move is forgotten. Once forgotten, this move can’t be remembered."
"Octazooka","The user attacks by spraying ink in the target’s face or eyes. This may also lower the target’s accuracy."
"Octolock","The user locks the target in and prevents it from fleeing. This move also lowers the target’s Defense and Sp. Def every turn."
"Odor Sleuth","This move can’t be used. It’s recommended that this move is forgotten. Once forgotten, this move can’t be remembered."
"Ominous Wind","This move can’t be used. It’s recommended that this move is forgotten. Once forgotten, this move can’t be remembered."
"Order Up","The user attacks with elegant poise. If the user has a Tatsugiri in its mouth, this move boosts one of the user's stats based on the Tatsugiri's form."
"Origin Pulse","The user attacks opposing Pokémon with countless beams of light that glow a deep and brilliant blue."
"Outrage","The user rampages and attacks for two to three turns. The user then becomes confused."
"Overdrive","The user attacks opposing Pokémon by twanging a guitar or bass guitar, causing a huge echo and strong vibration."
"Overheat","The user attacks the target with all its might. The recoil from this move harshly lowers the user's Sp. Atk stat."
"Pain Split","The user adds its HP to the target's HP, then equally splits the combined HP between the target and itself."
"Parabolic Charge","The user attacks everything around it. The user's HP is restored by half the damage taken by those hit."
"Parting Shot","With a parting threat, the user lowers the target's Attack and Sp. Atk stats. Then it switches places with a party Pokémon in waiting."
"Pay Day","Coins are hurled at the target to inflict damage. Money is earned after the battle."
"Payback","The user stores power, then attacks. This move's power is doubled if the user moves after the target."
"Peck","The target is jabbed with a sharply pointed beak or horn to inflict damage."
"Perish Song","Any Pokémon that hears this song faints in three turns, unless it switches out of battle."
"Petal Blizzard","The user stirs up a violent petal blizzard and damages everything around it."
"Petal Dance","The user attacks the target by scattering petals for two to three turns. The user then becomes confused."
"Phantom Force","The user vanishes somewhere, then strikes the target on the next turn. This move hits even if the target protects itself."
"Photon Geyser","The user attacks the target with a pillar of light. This move inflicts damage using the Attack or Sp. Atk stat—whichever is higher for the user."
"Pika Papow","This move can’t be used. It’s recommended that this move is forgotten. Once forgotten, this move can’t be remembered."
"Pin Missile","The user attacks by shooting sharp spikes at the target. This move hits two to five times in a row."
"Plasma Fists","The user attacks with electrically charged fists. This move changes Normal-type moves to Electric-type moves."
"Play Nice","The user and the target become friends, and the target loses its will to fight. This lowers the target's Attack stat."
"Play Rough","The user attacks by playing rough with the target. This may also lower the target's Attack stat."
"Pluck","The user attacks by pecking the target. If the target is holding a Berry, the user eats it and gains its effect."
"Poison Fang","The user bites the target with toxic fangs. This may also leave the target badly poisoned."
"Poison Gas","A cloud of poison gas is sprayed in the faces of opposing Pokémon, poisoning those it hits."
"Poison Jab","The target is stabbed with a tentacle, an arm, or the like steeped in poison. This may also poison the target."
"Poison Powder","The user scatters a cloud of poisonous dust that poisons the target."
"Poison Sting","The user stabs the target with a poisonous stinger to inflict damage. This may also poison the target."
"Poison Tail","The user hits the target with its tail. This move has a heightened chance of landing a critical hit and may also poison the target."
"Pollen Puff","The user attacks the enemy with a pollen puff that explodes. If the target is an ally, it gives the ally a pollen puff that restores its HP instead."
"Poltergeist","The user attacks by controlling the target's item. This move fails if the target isn't holding an item."
"Population Bomb","The user’s fellows gather in droves to perform a combo attack that hits the target one to ten times in a row."
"Pounce","The user attacks by pouncing on the target. This also lowers the target's Speed stat."
"Pound","The target is physically pounded with a long tail, a foreleg, or the like."
"Powder","The user covers the target in a combustible powder. If the target uses a Fire-type move, the powder explodes and damages the target."
"Powder Snow","The user attacks with a chilling gust of powdery snow. This may also leave opposing Pokémon frozen."
"Power Gem","The user attacks with a ray of light that sparkles as if it were made of gemstones."
"Power Shift","The user swaps its Attack and Defense stats."
"Power Split","The user employs its psychic power to average its Attack and Sp. Atk stats with those of the target."
"Power Swap","The user employs its psychic power to switch changes to its Attack and Sp. Atk stats with the target."
"Power Trick","The user employs its psychic power to switch its Attack stat with its Defense stat."
"Power Trip","The user boasts its strength and attacks the target. The more the user's stats are boosted, the greater the move's power."
"Power Whip","The user violently whirls its vines, tentacles, or the like to lash the target."
"Power-Up Punch","Striking opponents over and over makes the user’s fists harder. Hitting a target raises the Attack stat."
"Precipice Blades","The user attacks opposing Pokémon by manifesting the power of the land in fearsome blades of stone."
"Present","The user attacks by giving the target a gift with a hidden trap. The gift restores HP sometimes, however."
"Prismatic Laser","The user shoots powerful lasers using the power of a prism. The user can't move on the next turn."
"Protect","This move enables the user to protect itself from all attacks. Its chance of failing rises if it is used in succession."
"Psybeam","The target is attacked with a peculiar ray. This may also confuse the target."
"Psyblade","The user rends the target with an ethereal blade. This move's power is boosted by 50 percent if the user is on Electric Terrain."
"Psych Up","The user hypnotizes itself into copying any stat change made by the target."
"Psychic","The target is hit with a strong telekinetic force to inflict damage. This may also lower the target’s Sp. Def stat."
"Psychic Fangs","The user attacks by biting the target with its psychic capabilities. This move can also break barriers, such as Light Screen and Reflect."
"Psychic Noise","The user attacks the target with unpleasant sound waves. For two turns, the target is prevented from recovering HP through moves, Abilities, or held items."
"Psychic Terrain","This protects Pokémon on the ground from priority moves and powers up Psychic-type moves for five turns."
"Psycho Boost","The user attacks the target with all its might. The recoil from this move harshly lowers the user's Sp. Atk stat."
"Psycho Cut","The user tears at the target with blades formed by psychic power. This move has a heightened chance of landing a critical hit."
"Psycho Shift","Using its psychic power of suggestion, the user transfers its status conditions to the target."
"Psyshield Bash","Cloaking itself in psychic energy, the user slams into the target. This also boosts the user’s Defense stat."
"Psyshock","The user materializes an odd psychic wave to attack the target. This move deals physical damage."
"Psystrike","The user materializes an odd psychic wave to attack the target. This move deals physical damage."
"Psywave","This move can’t be used. It’s recommended that this move is forgotten. Once forgotten, this move can’t be remembered."
"Pulverizing Pancake","This move can’t be used. It’s recommended that this move is forgotten. Once forgotten, this move can’t be remembered."
"Punishment","This move can’t be used. It’s recommended that this move is forgotten. Once forgotten, this move can’t be remembered."
"Purify","The user heals the target’s status condition. If the move succeeds, it also restores the user’s own HP."
"Pursuit","This move can’t be used. It’s recommended that this move is forgotten. Once forgotten, this move can’t be remembered."
"Pyro Ball","The user attacks by igniting a small stone and launching it as a fiery ball at the target. This may also leave the target with a burn."
"Quash","The user suppresses the target and makes its move go last."
"Quick Attack","The user lunges at the target to inflict damage, moving at blinding speed. This move always goes first."
"Quick Guard","The user protects itself and its allies from priority moves."
"Quiver Dance","The user lightly performs a beautiful, mystic dance. This boosts the user's Sp. Atk, Sp. Def, and Speed stats."
"Rage","This move can’t be used. It’s recommended that this move is forgotten. Once forgotten, this move can’t be remembered."
"Rage Fist","The user converts its rage into energy to attack. The more times the user has been hit by attacks, the greater the move's power."
"Rage Powder","The user scatters a cloud of irritating powder to draw attention to itself. Opposing Pokémon aim only at the user."
"Raging Bull","The user performs a tackle like a raging bull. This move's type depends on the user's form. It can also break barriers, such as Light Screen and Reflect."
"Raging Fury","The user rampages around spewing flames for two to three turns. The user then becomes confused."
"Rain Dance","The user summons a heavy rain that falls for five turns, powering up Water-type attacks. The rain also lowers the power of Fire-type attacks."
"Rapid Spin","The user performs a spin attack that can also eliminate the effects of such moves as Bind, Wrap, and Leech Seed. This also boosts the user's Speed stat."
"Razor Leaf","Sharp-edged leaves are launched to slash at opposing Pokémon. This move has a heightened chance of landing a critical hit."
"Razor Shell","The user cuts the target with sharp shells to inflict damage. This may also lower the target's Defense stat."
"Razor Wind","This move can’t be used. It’s recommended that this move is forgotten. Once forgotten, this move can’t be remembered."
"Recover","The user regenerates its cells, restoring its own HP by up to half its max HP."
"Recycle","The user recycles a held item that has been used in battle so it can be used again."
"Reflect","A wondrous wall of light is put up to reduce damage from physical moves for five turns."
"Reflect Type","The user reflects the target's type to become the same type as the target."
"Refresh","This move can’t be used. It’s recommended that this move is forgotten. Once forgotten, this move can’t be remembered."
"Relic Song","The user sings an ancient song and attacks by appealing to the hearts of the listening opposing Pokémon. This may also induce sleep."
"Rest","The user goes to sleep for two turns. This fully restores the user's HP and cures any status conditions."
"Retaliate","The user takes revenge for a fainted ally. This move's power is boosted if an ally fainted in the previous turn."
"Return","This move can’t be used. It’s recommended that this move is forgotten. Once forgotten, this move can’t be remembered."
"Revelation Dance","The user attacks the target by dancing with all its might. This move becomes the same type as the user's type."
"Revenge","This attack move’s power is doubled if the user has been hurt by the opponent in the same turn."
"Reversal","An all-out attack that becomes more powerful the less HP the user has."
"Revival Blessing","The user bestows a loving blessing, reviving a party Pokémon that has fainted and restoring half that Pokémon's max HP."
"Rising Voltage","The user attacks with electricity rising from the ground. This move's power is doubled if the target is on Electric Terrain."
"Roar","The target is scared off, and a different Pokémon is dragged out. In the wild, this ends a battle against a single Pokémon."
"Roar of Time","The user blasts the target with power that distorts even time. The user can't move on the next turn."
"Rock Blast","The user attacks by hurling hard rocks at the target. This move hits two to five times in a row."
"Rock Climb","This move can’t be used. It’s recommended that this move is forgotten. Once forgotten, this move can’t be remembered."
"Rock Polish","The user polishes its body to reduce drag. This sharply boosts the user's Speed stat."
"Rock Slide","Large boulders are hurled at opposing Pokémon to inflict damage. This may also make the opposing Pokémon flinch."
"Rock Smash","The user attacks with a punch. This may also lower the target's Defense stat."
"Rock Throw","The user picks up and throws a small rock at the target to inflict damage."
"Rock Tomb","The user hurls boulders at the target to inflict damage. This also lowers the target's Speed stat by cutting off its movement."
"Rock Wrecker","The user launches a huge boulder at the target to attack. The user can't move on the next turn."
"Role Play","The user mimics the target completely, copying the target's Ability."
"Rolling Kick","This move can’t be used. It’s recommended that this move is forgotten. Once forgotten, this move can’t be remembered."
"Rollout","The user continually rolls into the target over five turns. This attack becomes more powerful each time it hits."
"Roost","The user lands and rests its body. This move restores the user's HP by up to half its max HP."
"Rototiller","This move can’t be used. It’s recommended that this move is forgotten. Once forgotten, this move can’t be remembered."
"Round","The user attacks the target with a song. If others use this move, they will act immediately after the initial user, and the power of their Rounds will be boosted."
"Ruination","The user summons a ruinous disaster. This cuts the target’s HP in half."
"Sacred Fire","The target is razed with a mystical fire of great intensity. This may also leave the target with a burn."
"Sacred Sword","The user attacks by slicing with a sword. The target's stat changes don't affect the damage inflicted by this move."
"Safeguard","The user creates a protective field that prevents status conditions for five turns."
"Salt Cure","The user salt cures the target, inflicting damage every turn. Steel and Water types are more strongly affected by this move."
"Sand Attack","Sand is hurled in the target's face, lowering the target's accuracy."
"Sand Tomb","The user traps the target inside a harshly raging sandstorm that inflicts damage for four to five turns."
"Sandsear Storm","The user attacks by wrapping opposing Pokémon in fierce winds and searingly hot sand. This may also leave them with a burn."
"Sandstorm","A five-turn sandstorm is summoned to damage all Pokémon except Rock, Ground, and Steel types. The sandstorm also boosts the Sp. Def stats of Rock types."
"Sappy Seed","This move can’t be used. It’s recommended that this move is forgotten. Once forgotten, this move can’t be remembered."
"Savage Spin-Out","This move can’t be used. It’s recommended that this move is forgotten. Once forgotten, this move can’t be remembered."
"Scald","The user attacks by shooting boiling hot water at the target. This may also leave the target with a burn."
"Scale Shot","The user attacks by shooting scales two to five times in a row. This move boosts the user's Speed stat but lowers its Defense stat."
"Scary Face","The user frightens the target with a scary face to harshly lower its Speed stat."
"Scorching Sands","The user throws scorching sand at the target to attack. This may also leave the target with a burn."
"Scratch","Hard, pointed, sharp claws rake the target to inflict damage."
"Screech","An earsplitting screech harshly lowers the target's Defense stat."
"Searing Shot","The user torches everything around it in an inferno of scarlet flames. This may also leave those it hits with a burn."
"Searing Sunraze Smash","This move can’t be used. It’s recommended that this move is forgotten. Once forgotten, this move can’t be remembered."
"Secret Power","This move can’t be used. It’s recommended that this move is forgotten. Once forgotten, this move can’t be remembered."
"Secret Sword","The user cuts with its long horn. The odd power contained in the horn deals physical damage to the target."
"Seed Bomb","The user attacks by slamming a barrage of hard-shelled seeds down on the target from above."
"Seed Flare","The user emits a shock wave from its body to attack its target. This may also harshly lower the target's Sp. Def stat."
"Seismic Toss","The target is thrown using the power of gravity. It inflicts damage equal to the user's level."
"Self-Destruct","The user attacks everything around it by causing an explosion. The user faints upon using this move."
"Shadow Ball","The user attacks by hurling a shadowy blob at the target. This may also lower the target’s Sp. Def stat."
"Shadow Bone","The user attacks by beating the target with a bone that contains a spirit. This may also lower the target’s Defense stat."
"Shadow Claw","The user attacks by slashing the target with a sharp claw made from shadows. This move has a heightened chance of landing a critical hit."
"Shadow Force","The user disappears on the first turn, then attacks on the next turn. This move hits even if the target protects itself."
"Shadow Punch","The user throws a punch from the shadows. This attack never misses."
"Shadow Sneak","The user extends its shadow and attacks the target from behind. This move always goes first."
"Sharpen","This move can’t be used. It’s recommended that this move is forgotten. Once forgotten, this move can’t be remembered."
"Shattered Psyche","This move can’t be used. It’s recommended that this move is forgotten. Once forgotten, this move can’t be remembered."
"Shed Tail","The user creates a substitute for itself using its own HP before switching places with a party Pokémon in waiting."
"Sheer Cold","The target faints instantly. This move is less likely to hit the target if used by Pokémon other than Ice types."
"Shell Side Arm","This move is either physical or special—whichever will inflict more damage. This may also poison the target."
"Shell Smash","The user breaks its shell, which lowers its Defense and Sp. Def stats but sharply boosts its Attack, Sp. Atk, and Speed stats."
"Shell Trap","The user sets a shell trap. If the user is hit by a physical move, the trap will explode and inflict damage on opposing Pokémon."
"Shelter","The user makes its skin as hard as an iron shield, sharply boosting its Defense stat."
"Shift Gear","The user rotates its gears, boosting its Attack stat and sharply boosting its Speed stat."
"Shock Wave","The user strikes the target with a quick jolt of electricity. This attack never misses."
"Shore Up","The user restores its own HP by up to half its max HP. It regains more HP in a sandstorm."
"Signal Beam","This move can’t be used. It’s recommended that this move is forgotten. Once forgotten, this move can’t be remembered."
"Silk Trap","The user spins a silken trap, protecting itself from damage while lowering the Speed stat of any attacker that makes direct contact."
"Silver Wind","This move can’t be used. It’s recommended that this move is forgotten. Once forgotten, this move can’t be remembered."
"Simple Beam","The user emits a mysterious psychic wave that changes the target's Ability to Simple."
"Sing","A soothing lullaby is sung in a beautiful voice that puts the target to sleep."
"Sinister Arrow Raid","This move can’t be used. It’s recommended that this move is forgotten. Once forgotten, this move can’t be remembered."
"Sizzly Slide","This move can’t be used. It’s recommended that this move is forgotten. Once forgotten, this move can’t be remembered."
"Sketch","This move enables the user to permanently learn the move last used by the target. Once used, Sketch disappears."
"Skill Swap","The user employs its psychic power to exchange Abilities with the target."
"Skitter Smack","The user skitters behind the target to attack. This also lowers the target's Sp. Atk stat."
"Skull Bash","The user tucks in its head to raise its Defense stat on the first turn, then rams the target on the next turn."
"Sky Attack","The user attacks the turn after using this move. This move has a heightened chance of landing a critical hit and may also make the target flinch."
"Sky Drop","This move can’t be used. It’s recommended that this move is forgotten. Once forgotten, this move can’t be remembered."
"Sky Uppercut","This move can’t be used. It’s recommended that this move is forgotten. Once forgotten, this move can’t be remembered."
"Slack Off","The user slacks off, restoring its own HP by up to half its max HP."
"Slam","The target is slammed with a long tail, vines, or the like to inflict damage."
"Slash","The target is attacked with a slash of claws, scythes, or the like. This move has a heightened chance of landing a critical hit."
"Sleep Powder","The user scatters a cloud of soporific dust that puts the target to sleep."
"Sleep Talk","The user randomly uses one of the moves it knows. This move can only be used while the user is asleep."
"Sludge","The user hurls unsanitary sludge at the target to inflict damage. This may also poison the target."
"Sludge Bomb","The user hurls unsanitary sludge at the target to inflict damage. This may also poison the target."
"Sludge Wave","The user strikes everything around it by swamping the area with a giant sludge wave. This may also poison those it hits."
"Smack Down","The user throws a stone or similar projectile to attack the target. If the target is in the air, it will be knocked down to the ground."
"Smart Strike","The user stabs the target with a sharp horn. This attack never misses."
"Smelling Salts","This move can’t be used. It’s recommended that this move is forgotten. Once forgotten, this move can’t be remembered."
"Smog","The target is attacked with a discharge of filthy gases. This may also poison the target."
"Smokescreen","The user releases an obscuring cloud of smoke or ink. This lowers the target's accuracy."
"Snap Trap","The user snares the target in a snap trap for four to five turns."
"Snarl","The user yells as if it's ranting about something, which lowers the Sp. Atk stats of opposing Pokémon."
"Snatch","This move can’t be used. It’s recommended that this move is forgotten. Once forgotten, this move can’t be remembered."
"Snipe Shot","The user ignores the effects of opposing Pokémon's moves and Abilities that draw in moves, allowing this move to hit the chosen target."
"Snore","This attack can be used only if the user is asleep. The harsh noise may also make the target flinch."
"Snowscape","The user summons a snowstorm lasting five turns. This boosts the Defense stats of Ice types."
"Soak","The user shoots a torrent of water that changes the target's type to Water."
"Soft-Boiled","The user restores its own HP by up to half its max HP."
"Solar Beam","The user gathers light on the first turn, then blasts a bundled beam on the next turn."
"Solar Blade","The user gathers light on the first turn, then fills a blade with the light's energy and attacks on the next turn."
"Sonic Boom","This move can’t be used. It’s recommended that this move is forgotten. Once forgotten, this move can’t be remembered."
"Soul-Stealing 7-Star Strike","This move can’t be used. It’s recommended that this move is forgotten. Once forgotten, this move can’t be remembered."
"Spacial Rend","The user tears the target along with the space around it. This move has a heightened chance of landing a critical hit."
"Spark","The user attacks the target with an electrically charged tackle. This may also leave the target with paralysis."
"Sparkling Aria","The user bursts into song, emitting many bubbles. Any Pokémon suffering from a burn will be cured by the touch of these bubbles."
"Sparkly Swirl","This move can’t be used. It’s recommended that this move is forgotten. Once forgotten, this move can’t be remembered."
"Spectral Thief","The user hides in the target’s shadow, steals the target’s stat boosts, and then attacks."
"Speed Swap","The user exchanges Speed stats with the target."
"Spicy Extract","The user emits an incredibly spicy extract, sharply boosting the target's Attack stat and harshly lowering the target's Defense stat."
"Spider Web","This move can’t be used. It’s recommended that this move is forgotten. Once forgotten, this move can’t be remembered."
"Spike Cannon","This move can’t be used. It’s recommended that this move is forgotten. Once forgotten, this move can’t be remembered."
"Spikes","The user lays a trap of spikes at the feet of the opposing team. The spikes will damage opposing Pokémon that switch into battle."
"Spiky Shield","In addition to protecting the user from attacks, this move also damages any attacker that makes direct contact."
"Spin Out","The user spins furiously by straining its legs, inflicting damage on the target. This also harshly lowers the user's Speed stat."
"Spirit Break","The user attacks the target with so much force that it could break the target's spirit. This also lowers the target's Sp. Atk stat."
"Spirit Shackle","The user attacks while simultaneously stitching the target's shadow to the ground to prevent the target from fleeing."
"Spit Up","The power stored using the move Stockpile is released at once in an attack. The more power is stored, the greater the move's power."
"Spite","The user unleashes its grudge on the move last used by the target by cutting 4 PP from it."
"Splash","The user just flops and splashes around to no effect at all..."
"Splintered Stormshards","This move can’t be used. It’s recommended that this move is forgotten. Once forgotten, this move can’t be remembered."
"Splishy Splash","This move can’t be used. It’s recommended that this move is forgotten. Once forgotten, this move can’t be remembered."
"Spore","The user scatters bursts of spores that induce sleep."
"Spotlight","This move can’t be used. It’s recommended that this move is forgotten. Once forgotten, this move can’t be remembered."
"Springtide Storm","The user attacks by wrapping opposing Pokémon in fierce winds brimming with love and hate. This may also lower their Attack stats."
"Stealth Rock","The user lays a trap of levitating stones around the opposing team. The trap damages opposing Pokémon that switch into battle."
"Steam Eruption","The user immerses the target in superheated steam. This may also leave the target with a burn."
"Steamroller","This move can’t be used. It’s recommended that this move is forgotten. Once forgotten, this move can’t be remembered."
"Steel Beam","The user fires a beam of steel that it collected from its entire body. This also damages the user."
"Steel Roller","The user attacks while destroying the terrain. This move fails if the ground hasn't turned into a terrain."
"Steel Wing","The target is hit with wings of steel. This may also boost the user's Defense stat."
"Sticky Web","The user weaves a sticky net around the opposing team, which lowers their Speed stats upon switching into battle."
"Stockpile","The user stores power and boosts its Defense and Sp. Def stats. This move can be used up to three times."
"Stoked Sparksurfer","This move can’t be used. It’s recommended that this move is forgotten. Once forgotten, this move can’t be remembered."
"Stomp","The user attacks by stomping on the target with a big foot. This may also make the target flinch."
"Stomping Tantrum","Driven by frustration, the user attacks the target. This move's power is doubled if the user's previous move failed."
"Stone Axe","The user swings its stone axes at the target. Stone splinters left behind by this attack float around the target."
"Stone Edge","The user stabs the target with sharpened stones. This move has a heightened chance of landing a critical hit."
"Stored Power","The user attacks the target with stored power. The more the user's stats are boosted, the greater the move's power."
"Storm Throw","The user strikes the target with a fierce blow. This attack always results in a critical hit."
"Strange Steam","The user attacks the target by emitting steam. This may also confuse the target."
"Strength","The target is slugged with a punch thrown at maximum power."
"Strength Sap","The user restores its own HP by the same amount as the target's Attack stat. It then lowers the target's Attack stat."
"String Shot","The user blows silk from its mouth that binds opposing Pokémon and harshly lowers their Speed stats."
"Struggle","This attack is used in desperation only if the user has no PP. It also damages the user a little."
"Struggle Bug","The user attacks by struggling against opposing Pokémon. This also lowers their Sp. Atk stats."
"Stuff Cheeks","The user eats its held Berry, then sharply boosts its Defense stat."
"Stun Spore","The user scatters a cloud of numbing powder that paralyzes the target."
"Submission","The user grabs the target and recklessly dives for the ground. This also damages the user a little."
"Substitute","The user creates a substitute for itself using some of its own HP. The substitute serves as the user's decoy."
"Subzero Slammer","This move can’t be used. It’s recommended that this move is forgotten. Once forgotten, this move can’t be remembered."
"Sucker Punch","This move enables the user to attack first. This move fails if the target is not readying an attack."
"Sunny Day","The user intensifies the sun for five turns, powering up Fire-type attacks. The sunlight also lowers the power of Water-type attacks."
"Sunsteel Strike","The user slams into the target with the force of a meteor. This move can be used on the target regardless of its Ability."
"Super Fang","The user chomps hard on the target with its sharp front fangs. This cuts the target's HP in half."
"Supercell Slam","The user electrifies its body and drops onto the target to inflict damage. If this move misses, the user takes damage instead."
"Superpower","The user attacks the target with great power. This also lowers the user's Attack and Defense stats."
"Supersonic","The user generates odd sound waves from its body that confuse the target."
"Supersonic Skystrike","This move can’t be used. It’s recommended that this move is forgotten. Once forgotten, this move can’t be remembered."
"Surf","The user attacks everything around it by swamping its surroundings with a giant wave."
"Surging Strikes","The user, having mastered the Water style, strikes the target with a flowing motion three times in a row. This move always lands a critical hit."
"Swagger","The user enrages and confuses the target. However, this also sharply boosts the target's Attack stat."
"Swallow","The power stored using the move Stockpile is absorbed by the user to restore its own HP. The more power is stored, the more HP is restored."
"Sweet Kiss","The user kisses the target with a sweet, angelic cuteness that causes confusion."
"Sweet Scent","The user releases a scent that harshly lowers opposing Pokémon's evasiveness."
"Swift","Star-shaped rays are shot at opposing Pokémon. This attack never misses."
"Switcheroo","The user trades held items with the target faster than the eye can follow."
"Swords Dance","A frenetic dance to uplift the fighting spirit. This sharply boosts the user's Attack stat."
"Synchronoise","This move can’t be used. It’s recommended that this move is forgotten. Once forgotten, this move can’t be remembered."
"Synthesis","The user restores its own HP. The amount of HP regained varies with the weather."
"Syrup Bomb","The user sets off an explosion of sticky candy syrup, which coats the target and causes the target's Speed stat to drop each turn for three turns."
"Tachyon Cutter","The user attacks by launching particle blades at the target twice in a row. This attack never misses."
"Tackle","A physical attack in which the user charges and slams into the target with its whole body."
"Tail Glow","The user stares at flashing lights to focus its mind, drastically boosting its Sp. Atk stat."
"Tail Slap","The user attacks by striking the target with its hard tail. This move hits two to five times in a row."
"Tail Whip","The user wags its tail cutely, making opposing Pokémon less wary. This lowers their Defense stats."
"Tailwind","The user whips up a turbulent whirlwind that boosts the Speed stats of itself and its allies for four turns."
"Take Down","A reckless full-body charge attack for slamming into the target. This also damages the user a little."
"Take Heart","The user lifts its spirits, curing its own status conditions and boosting its Sp. Atk and Sp. Def stats."
"Tar Shot","The user pours sticky tar over the target, lowering the target's Speed stat. The target becomes weaker to Fire-type moves."
"Taunt","The target is taunted into a rage that allows it to use only attack moves for three turns."
"Tearful Look","The user gets teary-eyed to make the target lose its combative spirit. This lowers the target's Attack and Sp. Atk stats."
"Teatime","The user has teatime with all the Pokémon currently in the battle. Each Pokémon eats its held Berry."
"Techno Blast","The user fires a beam of light at its target. The move’s type changes depending on the Drive the user holds."
"Tectonic Rage","This move can’t be used. It’s recommended that this move is forgotten. Once forgotten, this move can’t be remembered."
"Teeter Dance","The user performs a wobbly dance that confuses every Pokémon around it."
"Telekinesis","This move can’t be used. It’s recommended that this move is forgotten. Once forgotten, this move can’t be remembered."
"Teleport","The user switches places with a party Pokémon in waiting, if any. If a wild Pokémon uses this move, it flees."
"Temper Flare","Spurred by desperation, the user attacks the target. This move's power is doubled if the user's previous move failed."
"Tera Blast","If the user has Terastallized, it unleashes energy of its Tera Type. This move inflicts damage using the Attack or Sp. Atk stat—whichever is higher for the user."
"Tera Starstorm","With the power of its crystals, the user bombards and eliminates the target. When used by Terapagos in its Stellar Form, this move damages all opposing Pokémon."
"Terrain Pulse","The user utilizes the energy of the terrain to attack. This move’s type and power change depending on the terrain at the time the move is used."
"Thief","The user attacks and steals the target's held item simultaneously. The user can't steal anything if it already holds an item."
"Thousand Arrows","This move also hits opposing Pokémon that are in the air. Those Pokémon are knocked down to the ground."
"Thousand Waves","The user attacks with a wave that crawls along the ground. Those it hits can’t flee from battle."
"Thrash","The user rampages and attacks for two to three turns. The user then becomes confused."
"Throat Chop","The user attacks the target's throat, and the resultant suffering prevents the target from using sound-based moves for two turns."
"Thunder","A wicked thunderbolt is dropped on the target to inflict damage. This may also leave the target with paralysis."
"Thunder Cage","The user traps the target inside a cage of sparking electricity that inflicts damage for four to five turns."
"Thunder Fang","The user bites with electrified fangs. This may also make the target flinch or leave it with paralysis."
"Thunder Punch","The target is attacked with an electrified punch. This may also leave the target with paralysis."
"Thunder Shock","The user attacks the target with a jolt of electricity. This may also leave the target with paralysis."
"Thunder Wave","The user launches a weak jolt of electricity that paralyzes the target."
"Thunderbolt","The user attacks the target with a strong electric blast. This may also leave the target with paralysis."
"Thunderclap","This move enables the user to attack first with a jolt of electricity. This move fails if the target is not readying an attack."
"Thunderous Kick","The user overwhelms the target with lightning-like movement before delivering a kick. This also lowers the target's Defense stat."
"Tickle","The user tickles the target into laughing, lowering its Attack and Defense stats."
"Tidy Up","The user tidies up and removes the effects of Spikes, Stealth Rock, Sticky Web, Toxic Spikes, and Substitute. This also boosts the user’s Attack and Speed stats."
"Topsy-Turvy","All stat changes affecting the target turn topsy-turvy and become the opposite of what they were."
"Torch Song","The user blows out raging flames as if singing a song, scorching the target. This also boosts the user's Sp. Atk stat."
"Torment","The user torments and enrages the target, making it incapable of using the same move twice in a row."
"Toxic","A move that leaves the target badly poisoned. Its poison damage worsens every turn."
"Toxic Spikes","The user lays a trap of poison spikes at the feet of the opposing team. The spikes will poison opposing Pokémon that switch into battle."
"Toxic Thread","The user shoots poisonous threads to poison the target and lower the target's Speed stat."
"Trailblaze","The user attacks suddenly as if leaping out from tall grass. The user's nimble footwork boosts its Speed stat."
"Transform","The user transforms into a copy of the target, right down to having the same move set."
"Tri Attack","The user strikes with a simultaneous three-beam attack. This may also burn, freeze, or paralyze the target."
"Trick","The user catches the target off guard and swaps the target's held item with its own."
"Trick Room","The user creates a bizarre area in which slower Pokémon get to move first for five turns."
"Trick-or-Treat","The user takes the target trick-or-treating. This adds Ghost type to the target’s type."
"Triple Arrows","The user kicks, then fires three arrows. This move has a heightened chance of landing a critical hit and may also lower the target’s Defense stat or make it flinch."
"Triple Axel","A consecutive three-kick attack that becomes more powerful with each successful hit."
"Triple Dive","The user performs a perfectly timed triple dive, hitting the target with splashes of water three times in a row."
"Triple Kick","A consecutive three-kick attack that becomes more powerful with each successful hit."
"Trop Kick","The user lands an intense kick of tropical origins on the target. This also lowers the target's Attack stat."
"Trump Card","This move can’t be used. It’s recommended that this move is forgotten. Once forgotten, this move can’t be remembered."
"Twin Beam","The user shoots mystical beams from its eyes to inflict damage. The target is hit twice in a row."
"Twineedle","This move can’t be used. It’s recommended that this move is forgotten. Once forgotten, this move can’t be remembered."
"Twinkle Tackle","This move can’t be used. It’s recommended that this move is forgotten. Once forgotten, this move can’t be remembered."
"Twister","The user whips up a vicious tornado to tear at opposing Pokémon. This may also make them flinch."
"Upper Hand","The user reacts to the target's movement and strikes with the heel of its palm, making the target flinch. This move fails if the target is not readying a priority move."
"Uproar","The user attacks in an uproar for three turns. During that time, no Pokémon can fall asleep."
"U-turn","After making its attack, the user rushes back to switch places with a party Pokémon in waiting."
"Vacuum Wave","The user whirls its fists to send a wave of pure vacuum at the target. This move always goes first."
"V-create","With a hot flame on its forehead, the user hurls itself at its target. This lowers the user’s Defense, Sp. Def, and Speed stats."
"Veevee Volley","This move can’t be used. It’s recommended that this move is forgotten. Once forgotten, this move can’t be remembered."
"Venom Drench","Opposing Pokémon are drenched in an odd poisonous liquid. This lowers the Attack, Sp. Atk, and Speed stats of a poisoned target."
"Venoshock","The user drenches the target in a special poisonous liquid. This move's power is doubled if the target is poisoned."
"Victory Dance","The user performs an intense dance to usher in victory, boosting its Attack, Defense, and Speed stats."
"Vine Whip","The target is struck with slender, whiplike vines to inflict damage."
"Vise Grip","The target is gripped and squeezed from both sides to inflict damage."
"Vital Throw","The user attacks last. In return, this throw move never misses."
"Volt Switch","After making its attack, the user rushes back to switch places with a party Pokémon in waiting."
"Volt Tackle","The user electrifies itself and charges the target. This also damages the user quite a lot. This attack may leave the target with paralysis."
"Wake-Up Slap","This move can’t be used. It’s recommended that this move is forgotten. Once forgotten, this move can’t be remembered."
"Water Gun","The target is blasted with a forceful shot of water."
"Water Pledge","A column of water hits the target. When used with its fire counterpart, this move's power is boosted and a rainbow appears."
"Water Pulse","The user attacks the target with a pulsing blast of water. This may also confuse the target."
"Water Shuriken","The user hits the target with throwing stars two to five times in a row. This move always goes first."
"Water Sport","This move can’t be used. It’s recommended that this move is forgotten. Once forgotten, this move can’t be remembered."
"Water Spout","The user spouts water to damage opposing Pokémon. The lower the user's HP, the lower the move's power."
"Waterfall","The user charges at the target and may make it flinch."
"Wave Crash","The user shrouds itself in water and slams into the target with its whole body to inflict damage. This also damages the user quite a lot."
"Weather Ball","This move's type and power change depending on the weather at the time the move is used."
"Whirlpool","The user traps the target inside a violent, swirling whirlpool that inflicts damage for four to five turns."
"Whirlwind","The target is blown away, and a different Pokémon is dragged out. In the wild, this ends a battle against a single Pokémon."
"Wicked Blow","The user, having mastered the Dark style, strikes the target with a fierce blow. This move always lands a critical hit."
"Wide Guard","The user and its allies are protected from wide-ranging attacks for one turn."
"Wild Charge","The user shrouds itself in electricity and smashes into its target. This also damages the user a little."
"Wildbolt Storm","The user summons a thunderous tempest and savagely attacks with lightning and wind. This may also leave opposing Pokémon with paralysis."
"Will-O-Wisp","The user shoots a sinister flame at the target to inflict a burn."
"Wing Attack","The target is struck with large, imposing wings spread wide to inflict damage."
"Wish","One turn after this move is used, the user's or its replacement's HP is restored by up to half the user's max HP."
"Withdraw","The user withdraws its body into its hard shell, boosting its Defense stat."
"Wonder Room","The user creates a bizarre area in which Pokémon's Defense and Sp. Def stats are swapped for five turns."
"Wood Hammer","The user slams its rugged body into the target to attack. This also damages the user quite a lot."
"Work Up","The user is roused, and its Attack and Sp. Atk stats are boosted."
"Worry Seed","A seed that causes worry is planted on the target. It prevents sleep by making the target's Ability Insomnia."
"Wrap","A long body, vines, or the like are used to wrap and squeeze the target for four to five turns."
"Wring Out","This move can’t be used. It’s recommended that this move is forgotten. Once forgotten, this move can’t be remembered."
"X-Scissor","The user slashes at the target by crossing its scythes, claws, or the like as if they were a pair of scissors."
"Yawn","The user lets loose a huge yawn that lulls the target into falling asleep on the next turn."
"Zap Cannon","The user attacks by firing an electric blast like a cannon. This also leaves the target with paralysis."
"Zen Headbutt","The user focuses its willpower to its head and attacks the target. This may also make the target flinch."
"Zing Zap","The user crashes into the target, delivering a powerful electric shock. This may also make the target flinch."
"Zippy Zap","This move can’t be used. It’s recommended that this move is forgotten. Once forgotten, this move can’t be remembered."
