"move_id","version_group_id","flavor_text"
"1","3","Pounds with forelegs or tail."
"1","5","Pounds the foe with forelegs or tail."
"1","7","A physical attack delivered with a long tail or a foreleg, etc."
"1","8","The foe is physically pounded with a long tail or a foreleg, etc."
"1","11","The target is physically pounded with a long tail or a foreleg, etc."
"1","15","The target is physically pounded with a long tail, a foreleg, or the like."
"2","3","Has a high critical hit ratio."
"2","5","A chopping attack with a high critical-hit ratio."
"2","7","The foe is attacked with a sharp chop. It has a high critical-hit ratio."
"2","11","The target is attacked with a sharp chop. Critical hits land more easily."
"2","20","This move can’t be used. It’s recommended that this move is forgotten. Once forgotten, this move can’t be remembered."
"3","3","Repeatedly slaps 2-5 times."
"3","5","Repeatedly slaps the foe 2 to 5 times."
"3","7","The foe is slapped repeatedly, back and forth, two to five times."
"3","8","The foe is slapped repeatedly, back and forth, two to five times in a row."
"3","11","The target is slapped repeatedly, back and forth, two to five times in a row."
"3","20","This move can’t be used. It’s recommended that this move is forgotten. Once forgotten, this move can’t be remembered."
"4","3","Repeatedly punches 2-5 times."
"4","5","Repeatedly punches the foe 2 to 5 times."
"4","7","The foe is hit with a flurry of punches that strike two to five times."
"4","8","The foe is hit with a flurry of punches that strike two to five times in a row."
"4","11","The target is hit with a flurry of punches that strike two to five times in a row."
"4","20","This move can’t be used. It’s recommended that this move is forgotten. Once forgotten, this move can’t be remembered."
"5","3","A powerful punch thrown very hard."
"5","5","A strong punch thrown with incredible power."
"5","7","The foe is slugged by a punch thrown with muscle-packed power."
"5","11","The target is slugged by a punch thrown with muscle-packed power."
"6","3","Throws coins. Gets them back later."
"6","5","Throws coins at the foe. Money is recovered after."
"6","7","Numerous coins are hurled at the foe. Money is earned after battle."
"6","8","Numerous coins are hurled at the foe to inflict damage. Money is earned after battle."
"6","11","Numerous coins are hurled at the target to inflict damage. Money is earned after the battle."
"6","25","Coins are hurled at the target to inflict damage. Money is earned after the battle."
"7","3","A fiery punch. May cause a burn."
"7","5","A fiery punch that may burn the foe."
"7","7","The foe is punched with a fiery fist. It may leave the foe with a burn."
"7","8","The foe is punched with a fiery fist. It may leave the target with a burn."
"7","11","The target is punched with a fiery fist. It may also leave the target with a burn."
"7","15","The target is punched with a fiery fist. This may also leave the target with a burn."
"7","25","The target is attacked with a fiery punch. This may also leave the target with a burn."
"8","3","An icy punch. May cause freezing."
"8","5","An icy punch that may freeze the foe."
"8","7","The foe is punched with an icy fist. It may leave the foe frozen."
"8","8","The foe is punched with an icy fist. It may leave the target frozen."
"8","11","The target is punched with an icy fist. It may also leave the target frozen."
"8","15","The target is punched with an icy fist. This may also leave the target frozen."
"8","24","The target is punched with an icy fist. This may also leave the target with frostbite."
"8","25","The target is attacked with an icy punch. This may also leave the target frozen."
"9","3","An electric punch. It may paralyze."
"9","5","An electrified punch that may paralyze the foe."
"9","7","The foe is punched with an electrified fist. It may leave the foe paralyzed."
"9","8","The foe is punched with an electrified fist. It may leave the target with paralysis."
"9","11","The target is punched with an electrified fist. It may also leave the target with paralysis."
"9","15","The target is punched with an electrified fist. This may also leave the target with paralysis."
"9","25","The target is attacked with an electrified punch. This may also leave the target with paralysis."
"10","3","Scratches with sharp claws."
"10","5","Scratches the foe with sharp claws."
"10","7","Hard, pointed, and sharp claws rake the foe."
"10","8","Hard, pointed, and sharp claws rake the foe to inflict damage."
"10","11","Hard, pointed, and sharp claws rake the target to inflict damage."
"10","15","Hard, pointed, sharp claws rake the target to inflict damage."
"11","3","Grips with powerful pincers."
"11","5","Grips the foe with large and powerful pincers."
"11","7","Huge, impressive pincers grip and squeeze the foe."
"11","11","The target is gripped and squeezed from both sides to inflict damage."
"12","3","A one-hit KO, pincer attack."
"12","5","A powerful pincer attack that may cause fainting."
"12","7","A vicious tearing attack with pincers. The foe will faint if it hits."
"12","8","A vicious, tearing attack with pincers. The foe will faint instantly if this attack hits."
"12","11","A vicious, tearing attack with big pincers. The target will faint instantly if this attack hits."
"12","15","A vicious, tearing attack with big pincers. The target faints instantly if this attack hits."
"12","25","A vicious tearing attack with big pincers. The target faints instantly if this attack hits."
"13","3","1st turn: Prepare 2nd turn: Attack"
"13","5","A 2-turn move that strikes the foe on the 2nd turn."
"13","7","Blades of wind hit the foe on the 2nd turn. It has a high critical-hit ratio."
"13","8","A two-turn attack. Blades of wind hit the foe on the second turn. It has a high critical-hit ratio."
"13","11","A two-turn attack. Blades of wind hit opposing Pokémon on the second turn. Critical hits land more easily."
"13","17","In this two-turn attack, blades of wind hit opposing Pokémon on the second turn. Critical hits land more easily."
"13","20","This move can’t be used. It’s recommended that this move is forgotten. Once forgotten, this move can’t be remembered."
"14","3","A dance that increases ATTACK."
"14","5","A fighting dance that sharply raises ATTACK."
"14","7","A frenetic dance of fighting. It sharply raises the ATTACK stat."
"14","8","A frenetic dance to uplift the fighting spirit. It sharply raises the user’s Attack stat."
"14","15","A frenetic dance to uplift the fighting spirit. This sharply raises the user’s Attack stat."
"14","24","A frenetic dance to uplift the fighting spirit. This raises the user’s offensive stats."
"14","25","A frenetic dance to uplift the fighting spirit. This sharply boosts the user's Attack stat."
"15","3","Cuts using claws, scythes, etc."
"15","5","Cuts the foe with sharp scythes, claws, etc."
"15","7","A basic attack. It can be used to cut down thin trees and grass."
"15","8","The foe is cut with a scythe or a claw. It can also be used to cut down thin trees."
"15","11","The target is cut with a scythe or a claw. It can also be used to cut down thin trees."
"15","15","The target is cut with a scythe or claw. This can also be used to cut down thin trees."
"15","17","The target is cut with a scythe or claw."
"16","3","Whips up a strong gust of wind."
"16","5","Strikes the foe with a gust of wind whipped up by wings."
"16","8","A gust of wind is whipped up by wings and launched at the foe to inflict damage."
"16","11","A gust of wind is whipped up by wings and launched at the target to inflict damage."
"17","3","Strikes the target with wings."
"17","5","Strikes the foe with wings spread wide."
"17","7","The foe is struck with large, imposing wings spread wide."
"17","8","The foe is struck with large, imposing wings spread wide to inflict damage."
"17","11","The target is struck with large, imposing wings spread wide to inflict damage."
"18","3","Blows away the foe & ends battle."
"18","5","Blows away the foe with wind and ends the battle."
"18","7","The foe is made to switch out with an ally. In the wild, the battle ends."
"18","8","The foe is blown away, to be replaced by another Pokémon in its party. In the wild, the battle ends."
"18","11","The target is blown away, to be replaced by another Pokémon in its party. In the wild, the battle ends."
"18","14","The target is blown away and switched. In the wild, a battle against a single Pokémon ends."
"18","15","The target is blown away, and a different Pokémon is dragged out. In the wild, this ends a battle against a single Pokémon."
"18","19","The target is blown away, and a different Pokémon is dragged out."
"19","3","1st turn: Fly 2nd turn: Attack"
"19","5","Flies up on the first turn, then strikes the next turn."
"19","7","A 2-turn move that hits on the 2nd turn. Use it to fly to any known town."
"19","8","The user soars, then strikes on the second turn. It can also be used for flying to any familiar town."
"19","11","The user soars, then strikes its target on the second turn. It can also be used for flying to any familiar town."
"19","15","The user soars and then strikes its target on the next turn. This can also be used to fly to any familiar town."
"19","17","The user soars and then strikes its target on the next turn."
"19","19","The user flies up into the sky and then strikes its target on the next turn."
"19","25","The user flies up into the sky on the first turn, then attacks on the next turn."
"20","3","Binds the target for 2-5 turns."
"20","5","Binds and squeezes the foe for 2 to 5 turns."
"20","7","A long body or tentacles are used to bind the foe for two to five turns."
"20","8","A long body or tentacles are used to bind and squeeze the foe for two to five turns."
"20","11","Things such as long bodies or tentacles are used to bind and squeeze the target for four to five turns."
"20","25","A long body, tentacles, or the like are used to bind and squeeze the target for four to five turns."
"21","3","Slams the foe with a tail, vine, etc."
"21","5","Slams the foe with a long tail, vine, etc."
"21","7","The foe is struck with a long tail, vines, etc."
"21","8","The foe is slammed with a long tail, vines, etc., to inflict damage."
"21","11","The target is slammed with a long tail, vines, etc., to inflict damage."
"21","15","The target is slammed with a long tail, vines, or the like to inflict damage."
"22","3","Whips the foe with slender vines."
"22","5","Strikes the foe with slender, whiplike vines."
"22","7","The foe is struck with slender, whiplike vines."
"22","8","The foe is struck with slender, whiplike vines to inflict damage."
"22","11","The target is struck with slender, whiplike vines to inflict damage."
"23","3","An attack that may cause flinching."
"23","5","Stomps the enemy with a big foot. May cause flinching."
"23","7","The foe is stomped with a big foot. It may make the foe flinch."
"23","8","The foe is stomped with a big foot. It may also make the target flinch."
"23","11","The target is stomped with a big foot. It may also make the target flinch."
"23","15","The target is stomped with a big foot. This may also make the target flinch."
"23","25","The user attacks by stomping on the target with a big foot. This may also make the target flinch."
"24","3","A double kicking attack."
"24","5","A double-kicking attack that strikes the foe twice."
"24","7","Two legs are used to quickly kick the foe twice in one turn."
"24","8","The foe is quickly kicked twice in succession using both feet."
"24","11","The target is quickly kicked twice in succession using both feet."
"24","25","The user attacks by kicking the target twice in a row using two feet."
"25","3","A powerful kicking attack."
"25","5","An extremely powerful kick with intense force."
"25","7","The foe is attacked by a kick fired with muscle-packed power."
"25","8","The foe is attacked by a kick launched with muscle-packed power."
"25","11","The target is attacked by a kick launched with muscle-packed power."
"26","3","May miss, damaging the user."
"26","5","A strong jumping kick. May miss and hurt the kicker."
"26","7","The user jumps up high, then kicks. If it misses, the user hurts itself."
"26","8","The user jumps up high, then strikes with a kick. If the kick misses, the user hurts itself."
"26","20","This move can’t be used. It’s recommended that this move is forgotten. Once forgotten, this move can’t be remembered."
"27","3","A fast, spinning kick."
"27","5","A fast kick delivered from a rapid spin."
"27","7","A quick kick from a rolling spin. It may make the foe flinch."
"27","8","The user cuts a quick spin and lashes out with a sharp kick."
"27","10","The user lashes out with a quick, spinning kick. It may also make the target flinch."
"27","15","The user lashes out with a quick, spinning kick. This may also make the target flinch."
"27","20","This move can’t be used. It’s recommended that this move is forgotten. Once forgotten, this move can’t be remembered."
"28","3","Reduces accuracy by throwing sand."
"28","5","Reduces the foe’s accuracy by hurling sand in its face."
"28","7","A lot of sand is hurled in the foe’s face, reducing its accuracy."
"28","8","Sand is hurled in the foe’s face, reducing its accuracy."
"28","11","Sand is hurled in the target’s face, reducing its accuracy."
"28","15","Sand is hurled in the target’s face, reducing the target’s accuracy."
"28","24","Sand is hurled in the target's face, reducing the target's accuracy."
"28","25","Sand is hurled in the target's face, lowering the target's accuracy."
"29","3","An attack that may make foe flinch."
"29","5","A ramming attack that may cause flinching."
"29","7","The user sticks its head out and rams. It may make the foe flinch."
"29","8","The user sticks its head out and rams straight forward. It may make the foe flinch."
"29","10","The user attacks with its head. It may make the foe flinch. To find Pokémon, hit trees."
"29","11","The user sticks out its head and attacks by charging straight into the target. It may also make the target flinch."
"29","15","The user sticks out its head and attacks by charging straight into the target. This may also make the target flinch."
"30","3","An attack using a horn to jab."
"30","5","Jabs the foe with sharp horns."
"30","7","The foe is jabbed with a sharply pointed horn to inflict damage."
"30","11","The target is jabbed with a sharply pointed horn to inflict damage."
"31","3","Jabs the target 2-5 times."
"31","5","Jabs the foe 2 to 5 times with sharp horns, etc."
"31","7","The foe is jabbed repeatedly with a horn or beak two to five times."
"31","8","The foe is jabbed repeatedly with a horn or beak two to five times in a row."
"31","11","The target is jabbed repeatedly with a horn or beak two to five times in a row."
"31","25","The user attacks by jabbing the target with a horn, a beak, or the like. This move hits two to five times in a row."
"32","3","A one-hit KO, drill attack."
"32","5","A one-hit KO attack that uses a horn like a drill."
"32","7","The horn is rotated like a drill to ram. The foe will faint if it hits."
"32","8","The foe is stabbed with a horn rotating like a drill. The foe instantly faints if it hits."
"32","11","The user stabs the target with a horn that rotates like a drill. If it hits, the target faints instantly."
"32","15","The user stabs the target with a horn that rotates like a drill. The target faints instantly if this attack hits."
"33","3","A full-body charge attack."
"33","5","Charges the foe with a fullbody tackle."
"33","7","A physical attack in which the user charges, full body, into the foe."
"33","8","A physical attack in which the user charges and slams into the foe with its whole body."
"33","11","A physical attack in which the user charges and slams into the target with its whole body."
"34","3","An attack that may cause paralysis."
"34","5","A full-body slam that may cause paralysis."
"34","7","The user drops its full body on the foe. It may leave the foe paralyzed."
"34","8","The user drops onto the foe with its full body weight. It may leave the foe paralyzed."
"34","11","The user drops onto the target with its full body weight. It may also leave the target with paralysis."
"34","15","The user drops onto the target with its full body weight. This may also leave the target with paralysis."
"34","25","The user attacks by dropping onto the target with its full body weight. This may also leave the target with paralysis."
"35","3","Squeezes the foe for 2-5 turns."
"35","5","Wraps and squeezes the foe 2 to 5 times with vines, etc."
"35","7","A long body or vines are used to wrap the foe for two to five turns."
"35","8","A long body or vines are used to wrap and squeeze the foe for two to five turns."
"35","11","A long body or vines are used to wrap and squeeze the target for four to five turns."
"35","17","A long body, vines, or the like are used to wrap and squeeze the target for four to five turns."
"36","3","A tackle that also hurts the user."
"36","5","A reckless charge attack that also hurts the user."
"36","7","A reckless, fullbody charge attack that also hurts the user a little."
"36","8","A reckless, full-body charge attack for slamming into the foe. It also damages the user a little."
"36","11","A reckless, full-body charge attack for slamming into the target. It also damages the user a little."
"36","15","A reckless, full-body charge attack for slamming into the target. This also damages the user a little."
"36","25","A reckless full-body charge attack for slamming into the target. This also damages the user a little."
"37","3","Works 2-3 turns and confuses user."
"37","5","A rampage of 2 to 3 turns that confuses the user."
"37","7","The user rampages about for two to three turns, then becomes confused."
"37","8","The user rampages and attacks for two to three turns. It then becomes confused, however."
"37","15","The user rampages and attacks for two to three turns. The user then becomes confused."
"38","3","A tackle that also hurts the user."
"38","5","A life-risking tackle that also hurts the user."
"38","7","A reckless, liferisking tackle that also hurts the user a little."
"38","8","A reckless, liferisking tackle. It also damages the user by a fairly large amount, however."
"38","11","A reckless, life-risking tackle. It also damages the user by a fairly large amount, however."
"38","15","A reckless, life-risking tackle. This also damages the user quite a lot."
"38","20","A reckless, life-risking tackle in which the user rushes the target. This also damages the user quite a lot."
"38","24","A reckless, life-risking tackle in which the user rushes the target. This also damages the user."
"38","25","A reckless life-risking tackle in which the user rushes the target. This also damages the user quite a lot."
"39","3","Lowers the foe's DEFENSE."
"39","5","Wags the tail to lower the foe’s DEFENSE."
"39","7","The user wags its tail cutely, making the foe lower its DEFENSE stat."
"39","8","The user wags its tail cutely, making the foe less wary. The target’s Defense stat is lowered."
"39","11","The user wags its tail cutely, making opposing Pokémon less wary and lowering their Defense stat."
"39","20","The user wags its tail cutely, making opposing Pokémon less wary and lowering their Defense stats."
"39","25","The user wags its tail cutely, making opposing Pokémon less wary. This lowers their Defense stats."
"40","3","An attack that may poison the target."
"40","5","A toxic attack with barbs, etc., that may poison."
"40","7","The foe is stabbed with a toxic barb, etc. It may poison the foe."
"40","8","The foe is stabbed with a poisonous barb of some sort. It may also poison the target."
"40","11","The user stabs the target with a poisonous stinger. This may also poison the target."
"40","25","The user stabs the target with a poisonous stinger to inflict damage. This may also poison the target."
"41","3","Jabs the foe twice using stingers."
"41","5","Stingers on the forelegs jab the foe twice."
"41","7","The foe is stabbed twice with foreleg stingers. It may poison the foe."
"41","8","The foe is stabbed twice by a pair of stingers. It may also poison the target."
"41","11","The user damages the target twice in succession by jabbing it with two spikes. It may also poison the target."
"41","15","The user damages the target twice in succession by jabbing it with two spikes. This may also poison the target."
"41","20","This move can’t be used. It’s recommended that this move is forgotten. Once forgotten, this move can’t be remembered."
"42","3","Fires pins that strike 2-5 times."
"42","5","Sharp pins are fired to strike 2 to 5 times."
"42","7","Sharp pins are shot at the foe and hit two to five times at once."
"42","8","Sharp pins are shot at the foe in rapid succession. They hit two to five times in a row."
"42","11","Sharp spikes are shot at the target in rapid succession. They hit two to five times in a row."
"42","24","Sharp spikes are shot at the target. Spike splinters left behind by this attack continue to damage the target for several turns."
"42","25","The user attacks by shooting sharp spikes at the target. This move hits two to five times in a row."
"43","3","Reduces the foe's DEFENSE."
"43","5","Frightens the foe with a leer to lower DEFENSE."
"43","7","The foe is given an intimidating look that lowers its DEFENSE stat."
"43","8","The foe is given an intimidating leer with sharp eyes. The target’s Defense stat is reduced."
"43","11","The opposing team gains an intimidating leer with sharp eyes. The opposing team’s Defense stats are reduced."
"43","14","The user gains an intimidating leer with sharp eyes. The opposing team’s Defense stats are reduced."
"43","15","The user gives opposing Pokémon an intimidating leer that lowers the Defense stat."
"43","25","The user gives opposing Pokémon an intimidating leer that lowers their Defense stats."
"44","3","An attack that may cause flinching."
"44","5","Bites with vicious fangs. May cause flinching."
"44","7","The user bites with vicious fangs. It may make the foe flinch."
"44","8","The foe is bitten with viciously sharp fangs. It may make the target flinch."
"44","11","The target is bitten with viciously sharp fangs. It may make the target flinch."
"44","15","The target is bitten with viciously sharp fangs. This may also make the target flinch."
"44","24","The user bites the target with viciously sharp fangs to inflict damage."
"45","3","Reduces the foe's ATTACK."
"45","5","Growls cutely to reduce the foe’s ATTACK."
"45","7","The user growls in a cute way, making the foe lower its ATTACK stat."
"45","8","The user growls in an endearing way, making the foe less wary. The target’s Attack stat is lowered."
"45","11","The user growls in an endearing way, making the opposing team less wary. The foes’ Attack stats are lowered."
"45","15","The user growls in an endearing way, making opposing Pokémon less wary. This lowers their Attack stats."
"45","17","The user growls in an endearing way, making opposing Pokémon less wary. This lowers their Attack stat."
"46","3","Scares wild foes to end battle."
"46","5","Makes the foe flee to end the battle."
"46","7","The foe is made to switch out with an ally. In the wild, the battle ends."
"46","8","The foe is scared off, to be replaced by another Pokémon in its party. In the wild, the battle ends."
"46","11","The target is scared off and replaced by another Pokémon in its party. In the wild, the battle ends."
"46","14","The target is scared off and switched. In the wild, a battle against a single Pokémon ends."
"46","15","The target is scared off, and a different Pokémon is dragged out. In the wild, this ends a battle against a single Pokémon."
"46","19","The target is scared off, and a different Pokémon is dragged out."
"47","3","May cause the foe to fall asleep."
"47","5","A soothing song lulls the foe into a deep slumber."
"47","7","A soothing song in a calming voice lulls the foe into a deep slumber."
"47","8","A soothing lullaby is sung in a calming voice that puts the foe into a deep slumber."
"47","11","A soothing lullaby is sung in a calming voice that puts the target into a deep slumber."
"47","25","A soothing lullaby is sung in a beautiful voice that puts the target to sleep."
"48","3","Sound waves that cause confusion."
"48","5","Emits bizarre sound waves that may confuse the foe."
"48","7","The user generates odd sound waves. It may confuse the foe."
"48","8","The user generates odd sound waves from its body. It may confuse the target."
"48","15","The user generates odd sound waves from its body that confuse the target."
"49","3","Always inflicts 20HP damage."
"49","5","Launches shock waves that always inflict 20 HP damage."
"49","7","The foe is hit with a shock wave that always inflicts 20HP damage."
"49","8","The foe is hit with a destructive shock wave that always inflicts 20 HP damage."
"49","11","The target is hit with a destructive shock wave that always inflicts 20 HP damage."
"49","20","This move can’t be used. It’s recommended that this move is forgotten. Once forgotten, this move can’t be remembered."
"50","3","Disables the foe's most recent move."
"50","5","Psychically disables one of the foe’s moves."
"50","7","For a few turns, it prevents the foe from using the move it last used."
"50","8","For several turns, this move prevents the foe from using the move it last used."
"50","11","For four turns, this move prevents the target from using the move it last used."
"50","25","For four turns, the target will be unable to use whichever move it last used."
"51","3","An attack that may lower DEFENSE."
"51","5","Sprays a hide-melting acid. May lower DEFENSE."
"51","7","The foe is sprayed with a harsh, hidemelting acid that may lower DEFENSE."
"51","8","The foe is attacked with a spray of harsh acid. It may also lower the target’s Sp. Def stat."
"51","11","The opposing team is attacked with a spray of harsh acid. The acid may also lower the targets’ Sp. Def stats."
"51","15","The opposing Pokémon are attacked with a spray of harsh acid. This may also lower their Sp. Def stats."
"51","17","The opposing Pokémon are attacked with a spray of harsh acid. This may also lower their Sp. Def stat."
"51","20","Opposing Pokémon are attacked with a spray of harsh acid. This may also lower their Sp. Def stats."
"52","3","An attack that may inflict a burn."
"52","5","A weak fire attack that may inflict a burn."
"52","7","The foe is attacked with small flames. The foe may suffer a burn."
"52","8","The foe is attacked with small flames. The target may also be left with a burn."
"52","11","The target is attacked with small flames. It may also leave the target with a burn."
"52","15","The target is attacked with small flames. This may also leave the target with a burn."
"53","3","An attack that may inflict a burn."
"53","5","A powerful fire attack that may inflict a burn."
"53","7","The foe is scorched with intense flames. The foe may suffer a burn."
"53","8","The foe is scorched with an intense blast of fire. The target may also be left with a burn."
"53","11","The target is scorched with an intense blast of fire. It may also leave the target with a burn."
"53","15","The target is scorched with an intense blast of fire. This may also leave the target with a burn."
"54","3","Prevents stat reduction."
"54","5","Creates a mist that stops reduction of abilities."
"54","7","The ally party is protected by a mist that prevents stat reductions."
"54","8","The user cloaks its body with a white mist that prevents any of its stats from being cut for five turns."
"54","15","The user cloaks itself and its allies in a white mist that prevents any of their stats from being lowered for five turns."
"55","3","Squirts water to attack."
"55","5","Squirts water to attack the foe."
"55","7","The foe is struck with a lot of water expelled forcibly from the mouth."
"55","8","The foe is blasted with a forceful shot of water."
"55","11","The target is blasted with a forceful shot of water."
"56","3","A powerful watertype attack."
"56","5","Blasts water at high power to strike the foe."
"56","7","A high volume of water is blasted at the foe under great pressure."
"56","8","The foe is blasted by a huge volume of water launched under great pressure."
"56","11","The target is blasted by a huge volume of water launched under great pressure."
"57","3","A strong watertype attack."
"57","5","Creates a huge wave, then crashes it down on the foe."
"57","7","A big wave crashes down on the foe. Can also be used for crossing water."
"57","8","It swamps the entire battlefield with a giant wave. It can also be used for crossing water."
"57","11","It swamps the area around the user with a giant wave. It can also be used for crossing water."
"57","15","The user attacks everything around it by swamping its surroundings with a giant wave. This can also be used for crossing water."
"57","17","The user attacks everything around it by swamping its surroundings with a giant wave."
"58","3","An attack that may freeze the foe."
"58","5","Blasts the foe with an icy beam that may freeze it."
"58","7","The foe is struck with an icy beam. It may freeze the foe solid."
"58","8","The foe is struck with an icy-cold beam of energy. It may also freeze the target solid."
"58","11","The target is struck with an icy-cold beam of energy. It may also freeze the target solid."
"58","15","The target is struck with an icy-cold beam of energy. This may also leave the target frozen."
"58","24","The target is struck with an icy-cold beam of energy. This may also leave the target with frostbite."
"59","3","An attack that may freeze the foe."
"59","5","Hits the foe with an icy storm that may freeze it."
"59","7","The foe is blasted with a blizzard. It may freeze the foe solid."
"59","8","A howling blizzard is summoned to strike the foe. It may also freeze the target solid."
"59","11","A howling blizzard is summoned to strike the opposing team. It may also freeze them solid."
"59","15","A howling blizzard is summoned to strike opposing Pokémon. This may also leave the opposing Pokémon frozen."
"59","24","A howling blizzard is summoned to strike the target. This may also leave the target with frostbite."
"60","3","An attack that may confuse the foe."
"60","5","Fires a peculiar ray that may confuse the foe."
"60","7","A peculiar ray is shot at the foe. It may leave the foe confused."
"60","8","The foe is attacked with a peculiar ray. It may also leave the target confused."
"60","11","The target is attacked with a peculiar ray. It may also cause confusion."
"60","15","The target is attacked with a peculiar ray. This may also leave the target confused."
"60","25","The target is attacked with a peculiar ray. This may also confuse the target."
"61","3","An attack that may lower SPEED."
"61","5","Forcefully sprays bubbles that may lower SPEED."
"61","7","A spray of bubbles strikes the foe. It may lower the foe’s SPEED stat."
"61","8","A spray of bubbles is forcefully ejected at the foe. It may also lower the target’s Speed stat."
"61","11","A spray of bubbles is forcefully ejected at the opposing team. It may also lower their Speed stats."
"61","15","A spray of bubbles is forcefully ejected at the target. This may also lower its Speed stat."
"61","20","A spray of bubbles is forcefully ejected at the target. This may also lower the target’s Speed stat."
"61","24","A spray of bubbles is forcefully ejected at the target. This may also lower the target's Speed stat."
"62","3","An attack that may lower ATTACK."
"62","5","Fires a rainbow-colored beam that may lower ATTACK."
"62","7","A rainbow-colored attack beam. It may lower the foe’s ATTACK stat."
"62","8","The foe is hit with a rainbow-colored beam. It may also lower the target’s Attack stat."
"62","11","The target is hit with a rainbow-colored beam. This may also lower the target’s Attack stat."
"62","24","The target is hit with a rainbow-colored beam. This may also lower the target's Attack stat."
"63","3","1st turn: Attack 2nd turn: Rest"
"63","5","Powerful, but leaves the user immobile the next turn."
"63","7","A severely damaging attack that makes the user rest on the next turn."
"63","8","The foe is attacked with a powerful beam. The user must rest on the next turn to regain its energy."
"63","11","The target is attacked with a powerful beam. The user must rest on the next turn to regain its energy."
"63","15","The target is attacked with a powerful beam. The user can’t move on the next turn."
"63","24","The target is attacked with a powerful beam."
"63","25","The target is attacked with a powerful beam. The user can't move on the next turn."
"64","3","Jabs the foe with a beak, etc."
"64","5","Attacks the foe with a jabbing beak, etc."
"64","7","The foe is jabbed with a sharply pointed beak or horn."
"64","11","The target is jabbed with a sharply pointed beak or horn."
"64","25","The target is jabbed with a sharply pointed beak or horn to inflict damage."
"65","3","A strong, spinning-peck attack."
"65","5","A corkscrewing attack with the beak acting as a drill."
"65","7","A corkscrewing attack with the sharp beak acting as a drill."
"65","15","A corkscrewing attack with a sharp beak acting as a drill."
"65","20","A corkscrewing attack that strikes the target with a sharp beak acting as a drill."
"66","3","An attack that also hurts the user."
"66","5","A reckless body slam that also hurts the user."
"66","7","A reckless, fullbody throw attack that also hurts the user a little."
"66","8","The user grabs the foe and recklessly dives for the ground. It also hurts the user slightly."
"66","11","The user grabs the target and recklessly dives for the ground. It also hurts the user slightly."
"66","15","The user grabs the target and recklessly dives for the ground. This also damages the user a little."
"67","3","An attack that may cause flinching."
"67","5","A kick that inflicts more damage on heavier foes."
"67","7","A low, tripping kick that inflicts more damage on heavier foes."
"67","8","A powerful low kick that makes the foe fall over. It inflicts greater damage on heavier foes."
"67","11","A powerful low kick that makes the target fall over. It inflicts greater damage on heavier targets."
"67","15","A powerful low kick that makes the target fall over. The heavier the target, the greater the move’s power."
"67","24","A powerful low kick that makes the target fall over. The heavier the target, the greater the move's power."
"68","3","Returns a physical blow double."
"68","5","Retaliates any physical hit with double the power."
"68","7","A retaliation move that counters any physical hit with double the damage."
"68","8","A retaliation move that counters any physical attack, inflicting double the damage taken."
"68","25","A retaliatory attack that counters any physical move, inflicting double the damage taken."
"69","3","The user's level equals damage HP."
"69","5","Inflicts damage identical to the user’s level."
"69","7","A gravity-fed throw that causes damage matching the user’s level."
"69","8","The foe is thrown using the power of gravity. It inflicts damage equal to the user’s level."
"69","11","The target is thrown using the power of gravity. It inflicts damage equal to the user’s level."
"69","24","The target is thrown using the power of gravity. It inflicts damage equal to the user's level."
"70","3","A powerful physical attack."
"70","5","Builds enormous power, then slams the foe."
"70","7","The foe is slugged at maximum power. Can also be used to move boulders."
"70","8","The foe is slugged with a punch thrown at maximum power. It can also be used to move boulders."
"70","11","The target is slugged with a punch thrown at maximum power. It can also be used to move heavy boulders."
"70","15","The target is slugged with a punch thrown at maximum power. This can also be used to move heavy boulders."
"70","17","The target is slugged with a punch thrown at maximum power."
"71","3","Steals 1/2 of the damage inflicted."
"71","5","An attack that absorbs half the damage inflicted."
"71","7","An attack that absorbs half the damage it inflicted to restore HP."
"71","8","A nutrient-draining attack. The user’s HP is restored by half the damage taken by the target."
"71","24","The user attacks by draining the target’s nutrients. Some of the damage dealt to the target is absorbed by the user to restore their own HP."
"71","25","A nutrient-draining attack. The user's HP is restored by up to half the damage taken by the target."
"72","3","Steals 1/2 of the damage inflicted."
"72","5","An attack that absorbs half the damage inflicted."
"72","7","A tough attack that drains half the damage it inflicted to restore HP."
"72","8","A nutrient-draining attack. The user’s HP is restored by half the damage taken by the target."
"72","24","A nutrient-draining attack. The user's HP is restored by half the damage taken by the target."
"72","25","A nutrient-draining attack. The user's HP is restored by up to half the damage taken by the target."
"73","3","Steals HP from the foe on every turn."
"73","5","Plants a seed on the foe to steal HP on every turn."
"73","7","A seed is planted on the foe to steal some HP for the user on every turn."
"73","8","A seed is planted on the foe. It steals some HP from the foe to heal the user on every turn."
"73","11","A seed is planted on the target. It steals some HP from the target every turn."
"74","3","Raises the SPCL. ATK rating."
"74","5","Forces the body to grow and heightens SP. ATK."
"74","7","The user’s body is forced to grow, raising the SP. ATK stat."
"74","8","The user’s body is forced to grow all at once. It raises the Sp. Atk stat."
"74","11","The user’s body grows all at once, raising the Attack and Sp. Atk stats."
"74","24","The user's body grows all at once, raising the Attack and Sp. Atk stats."
"74","25","The user's body grows all at once, boosting the Attack and Sp. Atk stats."
"75","3","Has a high critical hit ratio."
"75","5","Cuts the enemy with leaves. High critical-hit ratio."
"75","7","The foe is hit with a cutting leaf. It has a high critical-hit ratio."
"75","8","A sharp-edged leaf is launched to slash at the foe. It has a high critical-hit ratio."
"75","9","Sharp-edged leaves are launched to slash at the foe. It has a high critical-hit ratio."
"75","11","Sharp-edged leaves are launched to slash at the opposing team. Critical hits land more easily."
"75","15","Sharp-edged leaves are launched to slash at the opposing Pokémon. Critical hits land more easily."
"75","20","Sharp-edged leaves are launched to slash at opposing Pokémon. Critical hits land more easily."
"75","25","Sharp-edged leaves are launched to slash at opposing Pokémon. This move has a heightened chance of landing a critical hit."
"76","3","1st turn: Prepare 2nd turn: Attack"
"76","5","Absorbs light in one turn, then attacks next turn."
"76","7","A 2-turn move that blasts the foe with absorbed energy in the 2nd turn."
"76","8","A two-turn attack. The user gathers light, then blasts a bundled beam on the second turn."
"76","15","A two-turn attack. The user gathers light, then blasts a bundled beam on the next turn."
"76","17","In this two-turn attack, the user gathers light, then blasts a bundled beam on the next turn."
"76","25","The user gathers light on the first turn, then blasts a bundled beam on the next turn."
"77","3","A move that may poison the foe."
"77","5","Scatters a toxic powder that may poison the foe."
"77","7","A cloud of toxic dust is scattered. It may poison the foe."
"77","8","A cloud of poisonous dust is scattered on the foe. It may poison the target."
"77","11","The user scatters a cloud of poisonous dust on the target. It may poison the target."
"77","15","The user scatters a cloud of poisonous dust on the target. This may also poison the target."
"77","17","The user scatters a cloud of poisonous dust that poisons the target."
"77","24","The user scatters a cloud of toxic powder that poisons the target."
"78","3","A move that may paralyze the foe."
"78","5","Scatters a powder that may paralyze the foe."
"78","7","Paralyzing dust is scattered wildly. It may paralyze the foe."
"78","8","The user scatters a cloud of paralyzing powder. It may paralyze the target."
"78","11","The user scatters a cloud of paralyzing powder. It may leave the target with paralysis."
"78","15","The user scatters a cloud of numbing powder that paralyzes the target."
"79","3","May cause the foe to fall asleep."
"79","5","Scatters a powder that may cause the foe to sleep."
"79","7","A sleep-inducing dust is scattered in high volume around a foe."
"79","8","The user scatters a big cloud of sleepinducing dust around the foe."
"79","11","The user scatters a big cloud of sleep-inducing dust around the target."
"79","24","The user scatters a cloud of sleep-inducing powder that makes the target drowsy."
"79","25","The user scatters a cloud of soporific dust that puts the target to sleep."
"80","3","Works 2-3 turns and confuses user."
"80","5","A rampage of 2 to 3 turns that confuses the user."
"80","7","The user attacks with petals for two to three turns, then gets confused."
"80","8","The user attacks by scattering petals for two to three turns. The user then becomes confused."
"80","11","The user attacks the target by scattering petals for two to three turns. The user then becomes confused."
"80","24","The user attacks the target by scattering petals, then becomes fixated on using this move."
"81","3","A move that lowers the foe's SPEED."
"81","5","Binds the foe with string to reduce its SPEED."
"81","7","The foe is bound with strings shot from the mouth to reduce its SPEED."
"81","8","The foe is bound with silk blown from the user’s mouth. It reduces the target’s Speed stat."
"81","11","The targets are bound with silk blown from the user’s mouth. This silk reduces the targets’ Speed stat."
"81","15","The opposing Pokémon are bound with silk blown from the user’s mouth that harshly lowers the Speed stat."
"81","20","Opposing Pokémon are bound with silk blown from the user’s mouth that harshly lowers the Speed stat."
"81","24","Opposing Pokémon are bound with silk blown from the user's mouth that harshly lowers the Speed stat."
"81","25","The user blows silk from its mouth that binds opposing Pokémon and harshly lowers their Speed stats."
"82","3","Always inflicts 40HP damage."
"82","5","Launches shock waves that always inflict 40 HP damage."
"82","7","The foe is hit with a shock wave that always inflicts 40HP damage."
"82","8","The foe is stricken by a shock wave. This attack always inflicts 40 HP damage."
"82","11","This attack hits the target with a shock wave of pure rage. This attack always inflicts 40 HP damage."
"82","20","This move can’t be used. It’s recommended that this move is forgotten. Once forgotten, this move can’t be remembered."
"83","3","Traps foe in fire for 2-5 turns."
"83","5","Traps the foe in a ring of fire for 2 to 5 turns."
"83","7","The foe is trapped in an intense spiral of fire that rages two to five turns."
"83","8","The foe becomes trapped within a fierce vortex of fire that rages for two to five turns."
"83","11","The target becomes trapped within a fierce vortex of fire that rages for four to five turns."
"83","25","The user traps the target inside a fierce vortex of fire that inflicts damage for four to five turns."
"84","3","An attack that may cause paralysis."
"84","5","An electrical attack that may paralyze the foe."
"84","7","An electric shock attack that may also leave the foe paralyzed."
"84","8","A jolt of electricity is hurled at the foe to inflict damage. It may also leave the foe paralyzed."
"84","11","A jolt of electricity is hurled at the target to inflict damage. It may also leave the target with paralysis."
"84","15","A jolt of electricity crashes down on the target to inflict damage. This may also leave the target with paralysis."
"84","24","The user attacks the target with a jolt of electricity. This may also leave the target with paralysis."
"85","3","An attack that may cause paralysis."
"85","5","A strong electrical attack that may paralyze the foe."
"85","7","A strong electrical attack that may also leave the foe paralyzed."
"85","8","A strong electric blast is loosed at the foe. It may also leave the foe paralyzed."
"85","11","A strong electric blast is loosed at the target. It may also leave the target with paralysis."
"85","15","A strong electric blast crashes down on the target. This may also leave the target with paralysis."
"85","24","The user attacks the target with a strong electric blast. This may also leave the target with paralysis."
"86","3","A move that may cause paralysis."
"86","5","A weak jolt of electricity that paralyzes the foe."
"86","7","A weak electric shock that is sure to cause paralysis if it hits."
"86","8","A weak electric charge is launched at the foe. It causes paralysis if it hits."
"86","11","A weak electric charge is launched at the target. It causes paralysis if it hits."
"86","15","The user launches a weak jolt of electricity that paralyzes the target."
"87","3","An attack that may cause paralysis."
"87","5","A lightning attack that may cause paralysis."
"87","7","A brutal lightning attack that may also leave the foe paralyzed."
"87","8","A wicked thunderbolt is dropped on the foe to inflict damage. It may also leave the target paralyzed."
"87","11","A wicked thunderbolt is dropped on the target to inflict damage. It may also leave the target with paralysis."
"87","15","A wicked thunderbolt is dropped on the target to inflict damage. This may also leave the target with paralysis."
"88","3","Drops rocks on the enemy."
"88","5","Throws small rocks to strike the foe."
"88","7","The foe is attacked with a shower of small, easily thrown rocks."
"88","8","The user picks up and throws a small rock at the foe to attack."
"88","11","The user picks up and throws a small rock at the target to attack."
"88","25","The user picks up and throws a small rock at the target to inflict damage."
"89","3","Tough but useless vs. flying foes."
"89","5","A powerful quake, but has no effect on flying foes."
"89","7","An earthquake that strikes all POKéMON in battle excluding the user."
"89","8","The user sets off an earthquake that hits all the Pokémon in the battle."
"89","11","The user sets off an earthquake that strikes those around it."
"89","15","The user sets off an earthquake that strikes every Pokémon around it."
"90","3","A ground-type, one-hit KO attack."
"90","5","A one-hit KO move that drops the foe in a fissure."
"90","7","The foe is dropped into a fissure. The foe faints if it hits."
"90","8","The user opens up a fissure in the ground and drops the foe in. The target instantly faints if it hits."
"90","11","The user opens up a fissure in the ground and drops the target in. The target instantly faints if it hits."
"90","15","The user opens up a fissure in the ground and drops the target in. The target faints instantly if this attack hits."
"91","3","1st turn: Burrow 2nd turn: Attack"
"91","5","Digs underground the first turn and strikes next turn."
"91","7","An attack that hits on the 2nd turn. Can also be used to exit dungeons."
"91","8","The user burrows, then attacks on the second turn. It can also be used to exit dungeons."
"91","15","The user burrows, then attacks on the next turn. It can also be used to exit dungeons."
"91","17","The user burrows, then attacks on the next turn."
"91","19","The user burrows into the ground, then attacks on the next turn."
"91","25","The user burrows into the ground on the first turn, then attacks on the next turn."
"92","3","A poison move with increasing damage."
"92","5","Poisons the foe with an intensifying toxin."
"92","7","A move that badly poisons the foe. Its poison damage worsens every turn."
"92","8","A move that leaves the target badly poisoned. Its poison damage worsens every turn."
"93","3","An attack that may cause confusion."
"93","5","A psychic attack that may cause confusion."
"93","7","A weak telekinetic attack that may also leave the foe confused."
"93","8","The foe is hit by a weak telekinetic force. It may also leave the foe confused."
"93","11","The target is hit by a weak telekinetic force. It may also leave the target confused."
"93","15","The target is hit by a weak telekinetic force. This may also confuse the target."
"93","24","The target is hit with a weak telekinetic force to inflict damage."
"93","25","The target is hit with a weak telekinetic force to inflict damage. This may also confuse the target."
"94","3","An attack that may lower SPCL.DEF."
"94","5","A powerful psychic attack that may lower SP. DEF."
"94","7","A strong telekinetic attack. It may also lower the foe’s SP. DEF stat."
"94","8","The foe is hit by a strong telekinetic force. It may also reduce the foe’s Sp. Def stat."
"94","11","The target is hit by a strong telekinetic force. It may also reduce the target’s Sp. Def stat."
"94","15","The target is hit by a strong telekinetic force. This may also lower the target’s Sp. Def stat."
"94","24","The target is hit with a strong telekinetic force to inflict damage. This may also lower the target’s defensive stats."
"94","25","The target is hit with a strong telekinetic force to inflict damage. This may also lower the target’s Sp. Def stat."
"95","3","May put the foe to sleep."
"95","5","A hypnotizing move that may induce sleep."
"95","7","Hypnotic suggestion is used to make the foe fall into a deep sleep."
"95","8","The user employs hypnotic suggestion to make the target fall into a deep sleep."
"95","24","The user employs hypnotic suggestion to make the target drowsy."
"95","25","The user employs hypnotic suggestion to make the target fall asleep."
"96","3","Raises the user's ATTACK."
"96","5","Meditates in a peaceful fashion to raise ATTACK."
"96","7","The user meditates to awaken its power and raise its ATTACK stat."
"96","8","The user meditates to awaken the power deep within its body and raise its Attack stat."
"96","20","This move can’t be used. It’s recommended that this move is forgotten. Once forgotten, this move can’t be remembered."
"97","3","Sharply increases the user's SPEED."
"97","5","Relaxes the body to sharply boost SPEED."
"97","7","The user relaxes and lightens its body to sharply boost its SPEED."
"97","8","The user relaxes and lightens its body to move faster. It sharply boosts the Speed stat."
"97","15","The user relaxes and lightens its body to move faster. This sharply raises the Speed stat."
"97","25","The user relaxes and lightens its body to move faster. This sharply boosts its Speed stat."
"98","3","Lets the user get in the first hit."
"98","5","An extremely fast attack that always strikes first."
"98","7","An almost invisibly fast attack that is certain to strike first."
"98","8","The user lunges at the foe at a speed that makes it almost invisible. It is sure to strike first."
"98","11","The user lunges at the target at a speed that makes it almost invisible. It is sure to strike first."
"98","15","The user lunges at the target at a speed that makes it almost invisible. This move always goes first."
"98","24","The user lunges at the target to deal damage, moving at a speed that makes it almost invisible. This also raises the user's action speed."
"98","25","The user lunges at the target to inflict damage, moving at blinding speed. This move always goes first."
"99","3","Raises ATTACK if the user is hit."
"99","5","Raises the user’s ATTACK every time it is hit."
"99","7","An attack that becomes stronger each time the user is hit in battle."
"99","8","While this move is in use, it gains attack power each time the user is hit in battle."
"99","11","As long as this move is in use, the power of rage raises the Attack stat each time the user is hit in battle."
"99","20","This move can’t be used. It’s recommended that this move is forgotten. Once forgotten, this move can’t be remembered."
"100","3","A move for fleeing from battle."
"100","5","A psychic move for fleeing from battle instantly."
"100","7","Use it to flee from any wild POKéMON. Also warps to the last POKé CENTER."
"100","8","Use it to flee from any wild Pokémon. It may also be used to warp to the last Poké Center visited."
"100","10","Use it to flee from any wild Pokémon. It can also warp to the last Pokémon Center visited."
"100","17","Use it to flee from any wild Pokémon."
"100","19","The user switches places with a different Pokémon instantly, using telekinetic power."
"100","20","The user switches places with a party Pokémon in waiting, if any. If a wild Pokémon uses this move, it flees."
"100","24","The user switches places with a party Pokémon in waiting, if there is any able to battle. If a wild Pokémon uses this move, it flees."
"101","3","The user's level equals damage HP."
"101","5","Inflicts damage identical to the user’s level."
"101","7","An attack with a mirage that inflicts damage matching the user’s level."
"101","8","The user makes the foe see a mirage. It inflicts damage matching the user’s level."
"101","11","The user makes the target see a frightening mirage. It inflicts damage matching the user’s level."
"101","15","The user makes the target see a frightening mirage. It inflicts damage equal to the user’s level."
"101","24","The user makes the target see a frightening mirage. It inflicts damage equal to the user's level."
"102","3","Copies a move used by the foe."
"102","5","Copies a move used by the foe during one battle."
"102","7","The user copies the move last used by the foe for the rest of the battle."
"102","8","The user copies the move last used by the foe. The move can be used for the rest of the battle."
"102","11","The user copies the target’s last move. The move can be used during battle until the Pokémon is switched out."
"102","24","The user copies the target's last move. The move can be used during battle until the Pokémon is switched out."
"102","25","The user copies the move last used by the target. The copied move can be used until the user of Mimic leaves the battle."
"103","3","Sharply reduces the foe's DEFENSE."
"103","5","Emits a screech to sharply reduce the foe’s DEFENSE."
"103","7","An ear-splitting screech is emitted to sharply reduce the foe’s DEFENSE."
"103","8","An earsplitting screech is emitted to sharply reduce the foe’s Defense stat."
"103","11","An earsplitting screech harshly reduces the target’s Defense stat."
"103","15","An earsplitting screech harshly lowers the target’s Defense stat."
"103","24","An earsplitting screech harshly lowers the target's Defense stat."
"104","3","Heightens evasiveness."
"104","5","Creates illusory copies to raise evasiveness."
"104","7","The user creates illusory copies of itself to raise its evasiveness."
"104","8","By moving rapidly, the user makes illusory copies of itself to raise its evasiveness."
"104","25","By moving rapidly, the user makes illusory copies of itself to boost its evasiveness."
"105","3","Restores HP by 1/2 the max HP."
"105","5","Recovers up to half the user’s maximum HP."
"105","7","A self-healing move that restores HP by up to half of the user’s maximum HP."
"105","8","A self-healing move. The user restores its own HP by up to half of its max HP."
"105","11","Restoring its own cells, the user restores its own HP by half of its max HP."
"105","24","The user regenerates its cells to restore its own HP."
"105","25","The user regenerates its cells, restoring its own HP by up to half its max HP."
"106","3","Raises the user's DEFENSE."
"106","5","Stiffens the body’s muscles to raise DEFENSE."
"106","7","The user stiffens all the muscles in its body to raise its DEFENSE stat."
"106","25","The user stiffens all the muscles in its body to boost its Defense stat."
"107","3","Heightens evasiveness."
"107","5","Minimizes the user’s size to raise evasiveness."
"107","7","The user compresses all the cells in its body to raise its evasiveness."
"107","8","The user compresses its body to make itself look smaller. The user’s evasion stat is boosted."
"107","11","The user compresses its body to make itself look smaller, which sharply raises its evasiveness."
"107","25","The user compresses its body to make itself look smaller, which sharply boosts its evasiveness."
"108","3","Lowers the foe's accuracy."
"108","5","Lowers the foe’s accuracy using smoke, ink, etc."
"108","7","An obscuring cloud of smoke or ink reduces the foe’s accuracy."
"108","8","The user releases an obscuring cloud of smoke or ink. It reduces the foe’s accuracy."
"108","11","The user releases an obscuring cloud of smoke or ink. It reduces the target’s accuracy."
"108","15","The user releases an obscuring cloud of smoke or ink. This lowers the target’s accuracy."
"108","24","The user releases an obscuring cloud of smoke or ink. This lowers the target's accuracy."
"109","3","A move that causes confusion."
"109","5","A sinister ray that confuses the foe."
"109","7","The foe is exposed to a sinister ray that triggers confusion."
"109","11","The target is exposed to a sinister ray that triggers confusion."
"109","25","The target is exposed to a sinister ray that causes confusion."
"110","3","Heightens the user's DEFENSE."
"110","5","Withdraws the body into its hard shell to raise DEFENSE."
"110","7","The user withdraws its body in its hard shell, raising its DEFENSE stat."
"110","8","The user withdraws its body into its hard shell, raising its Defense stat."
"110","25","The user withdraws its body into its hard shell, boosting its Defense stat."
"111","3","Heightens the user's DEFENSE."
"111","5","Curls up to conceal weak spots and raise DEFENSE."
"111","7","The user curls up to conceal weak spots and raise its DEFENSE stat."
"111","25","The user curls up and boosts its Defense stat."
"112","3","Sharply increases user's DEFENSE."
"112","5","Creates a barrier that sharply raises DEFENSE."
"112","7","The user creates a sturdy wall that sharply raises its DEFENSE stat."
"112","8","The user throws up a sturdy wall that sharply raises its Defense stat."
"112","20","This move can’t be used. It’s recommended that this move is forgotten. Once forgotten, this move can’t be remembered."
"113","3","Ups SPCL.DEF with a wall of light."
"113","5","Creates a wall of light that lowers SP. ATK damage."
"113","7","A wall of light cuts damage from SP. ATK attacks for five turns."
"113","8","A wondrous wall of light is put up to suppress damage from special attacks for five turns."
"113","15","A wondrous wall of light is put up to reduce damage from special attacks for five turns."
"113","25","A wondrous wall of light is put up to reduce damage from special moves for five turns."
"114","3","Eliminates all stat changes."
"114","5","Creates a black haze that eliminates all stat changes."
"114","7","Eliminates all stat changes among all POKéMON engaged in battle."
"114","8","The user creates a haze that eliminates every stat change among all the Pokémon engaged in battle."
"115","3","Raises DEFENSE with a barrier."
"115","5","Creates a wall of light that weakens physical attacks."
"115","7","A wall of light cuts damage from physical attacks for five turns."
"115","8","A wondrous wall of light is put up to suppress damage from physical attacks for five turns."
"115","15","A wondrous wall of light is put up to reduce damage from physical attacks for five turns."
"115","25","A wondrous wall of light is put up to reduce damage from physical moves for five turns."
"116","3","Raises the critical hit ratio."
"116","5","Focuses power to raise the critical-hit ratio."
"116","7","The user takes a deep breath and focuses to raise its critical-hit ratio."
"116","8","The user takes a deep breath and focuses to raise the critical-hit ratio of its attacks."
"116","11","The user takes a deep breath and focuses so that critical hits land more easily."
"116","24","The user takes a deep breath and focuses so that its future attacks have a heightened chance of landing critical hits."
"117","3","Waits 2-3 turns & hits back double."
"117","5","Endures attack for 2 turns to retaliate double."
"117","7","The user endures attacks for two turns, then strikes back double."
"117","8","The user endures attacks for two turns, then strikes back to cause double the damage taken."
"117","20","This move can’t be used. It’s recommended that this move is forgotten. Once forgotten, this move can’t be remembered."
"118","3","Randomly uses any POKéMON move."
"118","5","Waggles a finger to use any POKéMON move at random."
"118","7","Waggles a finger and stimulates the brain into using any move at random."
"118","8","The user waggles a finger and stimulates the brain into randomly using nearly any move."
"118","11","The user waggles a finger and stimulates its brain into randomly using nearly any move."
"119","3","Counters with the same move."
"119","5","Counters the foe’s attack with the same move."
"119","7","The user counters the move last used by the foe with the same move."
"119","8","The user counters the foe by mimicking the move last used by the foe."
"119","11","The user counters the target by mimicking the target’s last move."
"119","20","This move can’t be used. It’s recommended that this move is forgotten. Once forgotten, this move can’t be remembered."
"120","3","Powerful but makes the user faint."
"120","5","Inflicts severe damage but makes the user faint."
"120","7","The user blows up to inflict severe damage, even making itself faint."
"120","8","The user blows up to inflict damage on all Pokémon in battle. The user faints upon using this move."
"120","11","The user attacks everything around it by causing an explosion. The user faints upon using this move."
"120","24","The user causes an explosion to inflict damage on the target. This also damages the user."
"121","3","Eggs are hurled at the foe."
"121","5","An egg is forcibly hurled at the foe."
"121","7","A large egg is hurled with great force at the foe to inflict damage."
"121","8","A large egg is hurled with maximum force at the foe to inflict damage."
"121","11","A large egg is hurled at the target with maximum force to inflict damage."
"121","20","This move can’t be used. It’s recommended that this move is forgotten. Once forgotten, this move can’t be remembered."
"122","3","An attack that may cause paralysis."
"122","5","Licks with a long tongue to injure. May also paralyze."
"122","7","The foe is licked and hit with a long tongue. It may also paralyze."
"122","8","The foe is licked with a long tongue, causing damage. It may also paralyze the target."
"122","11","The target is licked with a long tongue, causing damage. It may also leave the target with paralysis."
"122","15","The target is licked with a long tongue, causing damage. This may also leave the target with paralysis."
"122","25","The user licks the target with a long tongue to inflict damage. This may also leave the target with paralysis."
"123","3","An attack that may poison the foe."
"123","5","An exhaust-gas attack that may also poison."
"123","7","The foe is attacked with exhaust gases. It may also poison the foe."
"123","8","The foe is attacked with a discharge of filthy gases. It may also poison the target."
"123","11","The target is attacked with a discharge of filthy gases. It may also poison the target."
"123","15","The target is attacked with a discharge of filthy gases. This may also poison the target."
"124","3","An attack that may poison the foe."
"124","5","Sludge is hurled to inflict damage. May also poison."
"124","7","Toxic sludge is hurled at the foe. It may poison the target."
"124","8","Unsanitary sludge is hurled at the foe. It may also poison the target."
"124","11","Unsanitary sludge is hurled at the target. It may also poison the target."
"124","15","Unsanitary sludge is hurled at the target. This may also poison the target."
"124","25","The user hurls unsanitary sludge at the target to inflict damage. This may also poison the target."
"125","3","An attack that may cause flinching."
"125","5","Clubs the foe with a bone. May cause flinching."
"125","7","The foe is clubbed with a bone held in hand. It may make the foe flinch."
"125","8","The user clubs the foe with a bone. It may also make the target flinch."
"125","11","The user clubs the target with a bone. It may also make the target flinch."
"125","15","The user clubs the target with a bone. This may also make the target flinch."
"125","20","This move can’t be used. It’s recommended that this move is forgotten. Once forgotten, this move can’t be remembered."
"126","3","An attack that may cause a burn."
"126","5","A fiery blast that scorches all. May cause a burn."
"126","6","Incinerates everything it strikes. May cause a burn."
"126","7","The foe is hit with an intense flame. It may leave the target with a burn."
"126","8","The foe is attacked with an intense blast of all-consuming fire. It may also leave the target with a burn."
"126","11","The target is attacked with an intense blast of all-consuming fire. It may also leave the target with a burn."
"126","15","The target is attacked with an intense blast of all-consuming fire. This may also leave the target with a burn."
"127","3","An aquatic charge attack."
"127","5","Charges the foe with speed to climb waterfalls."
"127","7","A powerful charge attack. It can also be used to climb a waterfall."
"127","8","The user charges the foe at an awesome speed. It can also be used to climb a waterfall."
"127","10","The user charges at the foe rapidly, and may make it flinch. It can also be used to climb a waterfall."
"127","11","The user charges at the target and may make it flinch. It can also be used to climb a waterfall."
"127","15","The user charges at the target and may make it flinch. This can also be used to climb a waterfall."
"127","17","The user charges at the target and may make it flinch."
"128","3","Traps the foe for 2-5 turns."
"128","5","Traps and squeezes the foe for 2 to 5 turns."
"128","7","The foe is clamped and squeezed by the user’s shell for two to five turns."
"128","8","The foe is clamped and squeezed by the user’s very thick and sturdy shell for two to five turns."
"128","11","The target is clamped and squeezed by the user’s very thick and sturdy shell for four to five turns."
"128","20","This move can’t be used. It’s recommended that this move is forgotten. Once forgotten, this move can’t be remembered."
"129","3","An attack that never misses."
"129","5","Sprays star-shaped rays that never miss."
"129","7","Star-shaped rays that never miss are fired at all foes in battle."
"129","8","Star-shaped rays are shot at the foe. This attack never misses."
"129","11","Star-shaped rays are shot at the opposing team. This attack never misses."
"129","15","Star-shaped rays are shot at the opposing Pokémon. This attack never misses."
"129","20","Star-shaped rays are shot at opposing Pokémon. This attack never misses."
"129","24","Star-shaped rays are shot at the target. This attack never misses."
"130","3","1st turn: Prepare 2nd turn: Attack"
"130","5","Tucks in the head, then attacks on the next turn."
"130","7","The user raises its DEFENSE in the 1st turn, then attacks in the 2nd turn."
"130","8","The user tucks in its head to raise its Defense in the first turn, then rams the foe on the next turn."
"130","11","The user tucks in its head to raise its Defense in the first turn, then rams the target on the next turn."
"130","17","The user tucks in its head to raise its Defense stat on the first turn, then rams the target on the next turn."
"131","3","Fires spikes to hit 2-5 times."
"131","5","Launches sharp spikes that strike 2 to 5 times."
"131","7","Sharp spikes are fired at the foe to strike two to five times."
"131","8","Sharp spikes are fired at the foe to strike two to five times in rapid succession."
"131","11","Sharp spikes are shot at the target in rapid succession. They hit two to five times in a row."
"131","20","This move can’t be used. It’s recommended that this move is forgotten. Once forgotten, this move can’t be remembered."
"132","3","An attack that may lower SPEED."
"132","5","Constricts to inflict pain. May lower SPEED."
"132","7","The foe is attacked with long tentacles or vines. It may lower SPEED."
"132","8","The foe is attacked with long, creeping tentacles or vines. It may also lower the target’s Speed."
"132","11","The target is attacked with long, creeping tentacles or vines. It may also lower the target’s Speed stat."
"132","15","The target is attacked with long, creeping tentacles or vines. This may also lower the target’s Speed stat."
"132","17","The target is attacked with long, creeping tentacles, vines, or the like. This may also lower the target’s Speed stat."
"132","20","This move can’t be used. It’s recommended that this move is forgotten. Once forgotten, this move can’t be remembered."
"133","3","Sharply raises the user's SPCL.DEF."
"133","5","Forgets about something and sharply raises SP. DEF."
"133","8","The user temporarily empties its mind to forget its concerns. It sharply raises the user’s Sp. Def stat."
"133","15","The user temporarily empties its mind to forget its concerns. This sharply raises the user’s Sp. Def stat."
"133","24","The user temporarily empties its mind to forget its concerns. This sharply raises the user's Sp. Def stat."
"133","25","The user temporarily empties its mind to forget its concerns. This sharply boosts the user's Sp. Def stat."
"134","3","Reduces the foe's accuracy."
"134","5","Distracts the foe. May lower accuracy."
"134","7","The user distracts the foe by bending a spoon. It may lower accuracy."
"134","8","The user distracts the foe by bending a spoon. It may lower the target’s accuracy."
"134","11","The user distracts the target by bending a spoon. It lowers the target’s accuracy."
"134","15","The user distracts the target by bending a spoon. This lowers the target’s accuracy."
"135","3","Restores HP by 1/2 the user's max HP."
"135","5","Recovers up to half the user’s maximum HP."
"135","7","Heals the user by up to half its full HP. It can be used to heal an ally."
"135","8","The user restores its own HP by up to half of its max HP. May be used in the field to heal HP."
"135","9","The user restores its own HP by up to half of its maximum HP. It may also be used to heal an ally’s HP."
"135","11","The user restores its own HP by up to half of its maximum HP. May also be used in the field to heal HP."
"135","15","The user restores its own HP by up to half of its max HP. May also be used in the field to heal HP."
"135","17","The user restores its own HP by up to half of its max HP."
"135","24","The user restores its own HP."
"135","25","The user restores its own HP by up to half its max HP."
"136","3","May miss and hurt the user."
"136","5","A jumping knee kick. If it misses, the user is hurt."
"136","7","A strong jumping knee kick. If it misses, the user is hurt."
"136","8","The foe is attacked with a knee kick from a jump. If it misses, the user is hurt instead."
"136","11","The target is attacked with a knee kick from a jump. If it misses, the user is hurt instead."
"136","25","The target is attacked with a knee kick from a jump. If this move misses, the user takes damage instead."
"137","3","A move that may cause paralysis."
"137","5","Intimidates and frightens the foe into paralysis."
"137","7","The user intimidates the foe with the design on its belly to cause paralysis."
"137","8","The user intimidates the foe with the pattern on its belly to cause paralysis."
"137","11","The user intimidates the target with the pattern on its belly to cause paralysis."
"138","3","Steals HP from a sleeping victim."
"138","5","Takes one half the damage inflicted on a sleeping foe."
"138","7","Absorbs half the damage it inflicted on a sleeping foe to restore HP."
"138","8","An attack that works only on a sleeping foe. It absorbs half the damage caused to heal the user’s HP."
"138","11","The user eats the dreams of a sleeping target. It absorbs half the damage caused to heal the user’s HP."
"138","15","The user eats the dreams of a sleeping target. It absorbs half the damage caused to heal its own HP."
"138","20","The user eats the dreams of a sleeping target. The user’s HP is restored by half the damage taken by the target."
"138","24","The user eats the dreams of a sleeping target. The user's HP is restored by half the damage taken by the target."
"138","25","The user eats the dreams of a sleeping target. The user's HP is restored by up to half the damage taken by the target."
"139","3","A move that may poison the foe."
"139","5","Envelops the foe in a toxic gas that may poison."
"139","7","The foe is sprayed with a cloud of toxic gas that may poison the foe."
"139","8","A cloud of poison gas is sprayed in the foe’s face. It may poison the target."
"139","11","A cloud of poison gas is sprayed in the face of opposing Pokémon. It may poison those hit."
"139","15","A cloud of poison gas is sprayed in the face of opposing Pokémon. This may also poison those hit."
"139","17","A cloud of poison gas is sprayed in the face of opposing Pokémon, poisoning those hit."
"139","19","A cloud of poison gas is sprayed in the face of opposing Pokémon, poisoning those it hits."
"139","24","The user sprays a cloud of toxic gas that poisons the target."
"139","25","A cloud of poison gas is sprayed in the faces of opposing Pokémon, poisoning those it hits."
"140","3","Throws orbs to hit 2-5 times."
"140","5","Hurls round objects at the foe 2 to 5 times."
"140","7","Round objects are hurled at the foe to strike two to five times."
"140","8","Round objects are hurled at the foe to strike two to five times in a row."
"140","11","Round objects are hurled at the target to strike two to five times in a row."
"140","20","This move can’t be used. It’s recommended that this move is forgotten. Once forgotten, this move can’t be remembered."
"141","3","Steals 1/2 of the damage inflicted."
"141","5","An attack that steals half the damage inflicted."
"141","7","An attack that absorbs half the damage it inflicted to restore HP."
"141","8","A blood-draining attack. The user’s HP is restored by half the damage taken by the target."
"141","11","The user drains the target’s blood. The user’s HP is restored by half the damage taken by the target."
"141","24","The user attacks by draining the target's blood. Some of the damage dealt to the target is absorbed by the user to restore their own HP."
"141","25","The user drains the target's blood. The user's HP is restored by up to half the damage taken by the target."
"142","3","May cause the foe to fall asleep."
"142","5","Demands a kiss with a scary face that induces sleep."
"142","7","The user forces a kiss on the foe with a scary face that induces sleep."
"142","8","With a scary face, the user forces a kiss on the foe. It may make the target fall asleep."
"142","10","With a scary face, the user tries to force a kiss on the foe. If it succeeds, the target falls asleep."
"142","11","With a scary face, the user tries to force a kiss on the target. If it succeeds, the target falls asleep."
"143","3","1st turn: Prepare 2nd turn: Attack"
"143","5","Searches out weak spots, then strikes the next turn."
"143","7","A 2nd-turn attack move with a high critical-hit ratio. The foe may flinch."
"143","8","A second-turn attack move with a high critical-hit ratio. It may also make the target flinch."
"143","11","A second-turn attack move where critical hits land more easily. It may also make the target flinch."
"143","15","A second-turn attack move where critical hits land more easily. This may also make the target flinch."
"143","25","The user attacks the turn after using this move. This move has a heightened chance of landing a critical hit and may also make the target flinch."
"144","3","The user assumes the foe's guise."
"144","5","Alters the user’s cells to become a copy of the foe."
"144","7","The user transforms into a copy of the foe with even the same move set."
"144","8","The user transforms into a copy of the foe right down to having the same move set."
"144","11","The user transforms into a copy of the target right down to having the same move set."
"144","25","The user transforms into a copy of the target, right down to having the same move set."
"145","3","An attack that may reduce SPEED."
"145","5","An attack using bubbles. May lower the foe’s SPEED."
"145","7","A spray of bubbles hits the foe. It may lower the foe’s SPEED stat."
"145","8","A spray of countless bubbles is jetted at the foe. It may also lower the target’s Speed stat."
"145","11","A spray of countless bubbles is jetted at the opposing team. It may also lower the targets’ Speed stats."
"145","15","A spray of countless bubbles is jetted at the opposing Pokémon. This may also lower their Speed stats."
"145","17","A spray of countless bubbles is jetted at the opposing Pokémon. This may also lower their Speed stat."
"145","20","This move can’t be used. It’s recommended that this move is forgotten. Once forgotten, this move can’t be remembered."
"146","3","An attack that may cause confusion."
"146","5","A rhythmic punch that may confuse the foe."
"146","7","The foe is hit with a rhythmic punch that may leave it confused."
"146","8","The foe is hit with a rhythmically launched punch that may also leave it confused."
"146","9","The foe is hit with rhythmically launched punches that may also leave it confused."
"146","11","The target is hit with rhythmically launched punches that may also leave it confused."
"146","15","The target is hit with rhythmically launched punches. This may also leave the target confused."
"146","20","This move can’t be used. It’s recommended that this move is forgotten. Once forgotten, this move can’t be remembered."
"147","3","A move that induces sleep."
"147","5","Scatters a cloud of spores that always induce sleep."
"147","7","The user scatters bursts of fine spores that induce sleep."
"147","8","The user scatters bursts of spores that induce sleep."
"147","24","The user scatters a burst of spores that makes the target drowsy."
"148","3","Blinds the foe to reduce accuracy."
"148","5","Looses a powerful blast of light that cuts accuracy."
"148","7","A blast of light that cuts the foe’s accuracy. It also illuminates caves."
"148","8","The user flashes a light that cuts the foe’s accuracy. It can also be used to illuminate caves."
"148","11","The user flashes a bright light that cuts the target’s accuracy. It can also be used to illuminate caves."
"148","15","The user flashes a bright light that cuts the target’s accuracy."
"148","16","The user flashes a bright light that cuts the target’s accuracy. It can also be used to illuminate dark caves."
"148","20","This move can’t be used. It’s recommended that this move is forgotten. Once forgotten, this move can’t be remembered."
"149","3","An attack with variable power."
"149","5","Attacks with a psychic wave of varying intensity."
"149","7","The foe is attacked with an odd, hot energy wave that varies in intensity."
"149","8","The foe is attacked with an odd, hot energy wave. The attack varies in intensity."
"149","11","The target is attacked with an odd psychic wave. The attack varies in intensity."
"149","20","This move can’t be used. It’s recommended that this move is forgotten. Once forgotten, this move can’t be remembered."
"150","3","Has no effect whatsoever."
"150","5","It’s just a splash... Has no effect whatsoever."
"150","7","The user just flops and splashes around without having any effect."
"150","8","The user just flops and splashes around to no effect at all..."
"151","3","Sharply raises the user's DEFENSE."
"151","5","Liquifies the user’s body to sharply raise DEFENSE."
"151","7","The user alters its cells to liquefy itself and sharply raise DEFENSE."
"151","8","The user alters its cellular structure to liquefy itself, sharply raising its Defense stat."
"151","24","The user alters its cellular structure to liquefy itself, raising its defensive stats."
"151","25","The user alters its cellular structure to liquefy itself, sharply boosting its Defense stat."
"152","3","Has a high critical hit ratio."
"152","5","Hammers with a pincer. Has a high critical-hit ratio."
"152","7","A large pincer is used to hammer the foe. It has a high critical-hit ratio."
"152","8","The foe is hammered with a large pincer. This move has a high critical-hit ratio."
"152","11","The target is hammered with a large pincer. Critical hits land more easily."
"152","25","The target is hammered with a large pincer. This move has a heightened chance of landing a critical hit."
"153","3","Very powerful but makes user faint."
"153","5","Inflicts severe damage but makes the user faint."
"153","7","The user explodes to inflict terrible damage even while fainting itself."
"153","8","The user explodes to inflict damage on all Pokémon in battle. The user faints upon using this move."
"153","11","The user explodes to inflict damage on those around it. The user faints upon using this move."
"153","15","The user attacks everything around it by causing a tremendous explosion. The user faints upon using this move."
"154","3","Quickly scratches 2-5 times."
"154","5","Rakes the foe with sharp claws, etc., 2 to 5 times."
"154","7","The foe is raked with sharp claws or scythes two to five times."
"154","8","The foe is raked with sharp claws or scythes for two to five times in quick succession."
"154","11","The target is raked with sharp claws or scythes for two to five times in quick succession."
"154","15","The target is raked with sharp claws or scythes quickly two to five times in a row."
"154","25","The user attacks by raking the target with claws, scythes, or the like. This move hits two to five times in a row."
"155","3","An attack that strikes twice."
"155","5","Throws a bone boomerang that strikes twice."
"155","7","The user throws a bone that hits the foe once, then once again on return."
"155","8","The user throws the bone it holds. The bone loops to hit the foe twice, coming and going."
"155","11","The user throws the bone it holds. The bone loops to hit the target twice, coming and going."
"155","17","The user throws the bone it holds. The bone loops around to hit the target twice—coming and going."
"156","3","Sleep for 2 turns to fully recover."
"156","5","The user sleeps for 2 turns, restoring HP and status."
"156","7","The user sleeps for two turns to fully restore HP and heal any status problem."
"156","8","The user goes to sleep for two turns. It fully restores the user’s HP and heals any status problem."
"156","15","The user goes to sleep for two turns. This fully restores the user’s HP and heals any status conditions."
"156","24","The user restores its own HP but also becomes drowsy."
"156","25","The user goes to sleep for two turns. This fully restores the user's HP and cures any status conditions."
"157","3","An attack that may cause flinching."
"157","5","Large boulders are hurled. May cause flinching."
"157","7","Large boulders are hurled at the foe. It may make the foe flinch."
"157","8","Large boulders are hurled at the foe to inflict damage. It may also make the target flinch."
"157","11","Large boulders are hurled at the opposing team to inflict damage. It may also make the targets flinch."
"157","15","Large boulders are hurled at the opposing Pokémon to inflict damage. This may also make the opposing Pokémon flinch."
"157","20","Large boulders are hurled at opposing Pokémon to inflict damage. This may also make the opposing Pokémon flinch."
"157","24","Large boulders are hurled at the target to inflict damage."
"158","3","An attack that may cause flinching."
"158","5","Attacks with sharp fangs. May cause flinching."
"158","7","The foe is attacked with sharp fangs. It may make the foe flinch."
"158","8","The user bites hard on the foe with its sharp front fangs. It may also make the target flinch."
"158","11","The user bites hard on the target with its sharp front fangs. It may also make the target flinch."
"158","15","The user bites hard on the target with its sharp front fangs. This may also make the target flinch."
"159","3","A move that raises the user's ATTACK."
"159","5","Reduces the polygon count and raises ATTACK."
"159","7","The user reduces its polygon count to sharpen edges and raise ATTACK."
"159","8","The user reduces its polygon count to make itself more jagged, raising the Attack stat."
"159","15","The user lowers its polygon count to make itself more jagged, raising the Attack stat."
"159","17","The user makes its edges more jagged, which raises its Attack stat."
"159","20","This move can’t be used. It’s recommended that this move is forgotten. Once forgotten, this move can’t be remembered."
"160","3","Change user's type to a move's type."
"160","5","Changes the user’s type into an own move’s type."
"160","6","Changes the user’s type into a known move’s type."
"160","7","The user changes its type to match the type of one of its moves."
"160","8","The user changes its type to become the same type as one of its moves."
"160","15","The user changes its type to become the same type as the move at the top of the list of moves it knows."
"161","3","Fires three kinds of beams at once."
"161","5","Fires three types of beams at the same time."
"161","7","A simultaneous 3-beam attack that may paralyze, burn, or freeze the foe."
"161","8","The user strikes with a simultaneous threebeam attack. May also paralyze, burn, or freeze the target."
"161","11","The user strikes with a simultaneous three-beam attack. May also burn, freeze, or leave the target with paralysis."
"161","17","The user strikes with a simultaneous three-beam attack. May also burn, freeze, or paralyze the target."
"161","19","The user strikes with a simultaneous three-beam attack. This may also burn, freeze, or paralyze the target."
"161","24","The user strikes with a simultaneous three-beam attack. This may also leave the target with a burn, paralysis, or frostbite."
"162","3","Cuts the foe's HP by 1/2."
"162","5","Attacks with sharp fangs and cuts half the foe’s HP."
"162","7","The user attacks with sharp fangs and halves the foe’s HP."
"162","8","The user chomps hard on the foe with its sharp front fangs. It cuts the target’s HP to half."
"162","11","The user chomps hard on the target with its sharp front fangs. It cuts the target’s HP to half."
"162","15","The user chomps hard on the target with its sharp front fangs. This cuts the target’s HP in half."
"162","24","The user chomps hard on the target with its sharp front fangs. This cuts the target's HP in half."
"163","3","Has a high critical hit ratio."
"163","5","Slashes with claws, etc. Has a high critical-hit ratio."
"163","7","The foe is slashed with claws, etc. It has a high critical-hit ratio."
"163","8","The foe is attacked with a slash of claws, etc. It has a high critical-hit ratio."
"163","11","The target is attacked with a slash of claws or blades. Critical hits land more easily."
"163","24","The target is attacked with a slash of claws or blades. This move has a heightened chance of landing a critical hit."
"163","25","The target is attacked with a slash of claws, scythes, or the like. This move has a heightened chance of landing a critical hit."
"164","3","Makes a decoy with 1/4 user's max HP."
"164","5","Creates a decoy using 1/4 of the user’s maximum HP."
"164","7","The user creates a decoy using onequarter of its full HP."
"164","8","The user makes a copy of itself using some of its HP. The copy serves as the user’s decoy."
"164","20","The user creates a substitute for itself using some of its HP. The substitute serves as the user’s decoy."
"164","24","The user creates a substitute for itself using some of its HP. The substitute serves as the user's decoy."
"164","25","The user creates a substitute for itself using some of its own HP. The substitute serves as the user's decoy."
"165","3","Used only if all PP are exhausted."
"165","5","Used only if all PP are gone. Also hurts the user a little."
"165","7","An attack that is used only if there is no PP. It also hurts the user."
"165","8","An attack that is used in desperation only if the user has no PP. It also hurts the user slightly."
"165","15","An attack that is used in desperation only if the user has no PP. This also damages the user a little."
"165","17","This attack is used in desperation only if the user has no PP. It also damages the user a little."
"166","3","Copies the foe's move permanently."
"166","5","Copies the foe’s last move permanently."
"166","7","This move copies the move last used by the foe, then disappears."
"166","8","It enables the user to learn a move used by the foe. Once used, the move Sketch disappears."
"166","10","It enables the user to permanently learn the move last used by the foe. Once used, Sketch disappears."
"166","11","It enables the user to permanently learn the move last used by the target. Once used, Sketch disappears."
"166","25","This move enables the user to permanently learn the move last used by the target. Once used, Sketch disappears."
"167","3","Hits three times with rising power."
"167","5","Kicks the foe 3 times in a row with rising intensity."
"167","7","A 3-kick attack that becomes more powerful with each successive hit."
"167","8","A consecutive threekick attack that becomes more powerful with each successive hit."
"167","11","A consecutive three-kick attack that becomes more powerful with each successive hit."
"167","18","A consecutive three-kick attack that becomes more powerful with each successful hit."
"168","3","An attack that may steal a held item."
"168","5","While attacking, it may steal the foe’s held item."
"168","7","An attack that may take the foe’s held item if the user isn’t holding one."
"168","8","The user attacks and steals the foe’s held item simultaneously. It can’t steal if the user holds an item."
"168","11","The user attacks and steals the target’s held item simultaneously. It can’t steal if the user holds an item."
"168","15","The user attacks and steals the target’s held item simultaneously. The user can’t steal anything if it already holds an item."
"168","24","The user attacks and steals the target's held item simultaneously. The user can't steal anything if it already holds an item."
"169","3","Prevents fleeing or switching."
"169","5","Ensnares the foe to stop it from fleeing or switching."
"169","7","Ensnares the foe with sticky string so it doesn’t flee or switch out."
"169","8","The user ensnares the foe with a thin, gooey silk so it can’t flee from battle."
"169","11","The user ensnares the target with thin, gooey silk so it can’t flee from battle."
"169","20","This move can’t be used. It’s recommended that this move is forgotten. Once forgotten, this move can’t be remembered."
"170","3","Ensures the next attack will hit."
"170","5","Senses the foe’s action to ensure the next move’s hit."
"170","7","The user predicts the foe’s action to ensure its next attack hits."
"170","8","The user senses the foe’s movements with its mind to ensure its next attack does not miss."
"170","11","The user senses the target’s movements with its mind to ensure its next attack does not miss the target."
"171","3","A sleeper loses 1/4 HP every turn."
"171","5","Inflicts 1/4 damage on a sleeping foe every turn."
"171","7","A sleeping foe is shown a nightmare that inflicts some damage every turn."
"171","11","A sleeping target sees a nightmare that inflicts some damage every turn."
"171","20","This move can’t be used. It’s recommended that this move is forgotten. Once forgotten, this move can’t be remembered."
"172","3","An attack that may cause a burn."
"172","5","A fiery charge attack that may inflict a burn."
"172","7","The user makes a fiery charge at the foe. It may cause a burn."
"172","8","The user cloaks itself in fire and charges at the foe. It may also leave the target with a burn."
"172","11","The user cloaks itself in fire and charges at the target. It may also leave the target with a burn."
"172","15","The user cloaks itself in fire and charges at the target. This may also leave the target with a burn."
"172","24","The user cloaks itself in flames and charges at the target to deal damage. This may also leave the target with a burn."
"172","25","The user attacks by cloaking itself in fire and charging at the target. This may also leave the target with a burn."
"173","3","An attack useable only while asleep."
"173","5","A loud attack that can be used only while asleep."
"173","7","An attack that can be used only while asleep. It may cause flinching."
"173","8","An attack that can be used only if the user is asleep. The harsh noise may also make the foe flinch."
"173","11","An attack that can be used only if the user is asleep. The harsh noise may also make the target flinch."
"173","17","This attack can be used only if the user is asleep. The harsh noise may also make the target flinch."
"174","3","Works differently for ghost-types."
"174","5","A move that functions differently for GHOSTS."
"174","7","A move that works differently for the GHOST-type and all the other types."
"174","8","A move that works differently for the Ghost type than for all the other types."
"174","11","A move that works differently for the Ghost type than for all other types."
"174","25","A move that has different effects depending on whether the user is a Ghost type or not."
"175","3","Stronger if the user's HP is low."
"175","5","Inflicts more damage when the user’s HP is down."
"175","7","A desperate attack that becomes more powerful the less HP the user has."
"175","8","The user flails about aimlessly to attack. It becomes more powerful the less HP the user has."
"175","15","The user flails about aimlessly to attack. The less HP the user has, the greater the move’s power."
"175","24","The user flails about aimlessly to attack. The less HP the user has, the greater the move's power."
"176","3","The user's type is made resistant."
"176","5","Makes the user resistant to the last attack’s type."
"176","7","The user changes type to make itself resistant to the last attack it took."
"176","8","The user changes its type to make itself resistant to the type of the attack it last took."
"176","11","The user changes its type to make itself resistant to the type of the attack the opponent used last."
"176","20","The user changes its type to make itself resistant to the type of the attack the target used last."
"176","25","The user changes its type to make itself resistant to the type of the move the target used last."
"177","3","Has a high critical hit ratio."
"177","5","Launches a vacuumed blast. High critical-hit ratio."
"177","7","A vortex of air is shot at the foe. It has a high critical-hit ratio."
"177","8","A vortex of air is shot at the foe to inflict damage. It has a high critical-hit ratio."
"177","11","A vortex of air is shot at the target to inflict damage. Critical hits land more easily."
"177","25","A vortex of air is shot at the target to inflict damage. This move has a heightened chance of landing a critical hit."
"178","3","Sharply reduces the foe's SPEED."
"178","5","Spores cling to the foe, sharply reducing SPEED."
"178","7","Cotton-like spores cling to the foe, sharply reducing its SPEED stat."
"178","8","The user releases cottonlike spores that cling to the foe, sharply reducing its Speed stat."
"178","11","The user releases cotton-like spores that cling to the target, harshly reducing its Speed stat."
"178","15","The user releases cotton-like spores that cling to the opposing Pokémon, which harshly lowers their Speed stats."
"178","17","The user releases cotton-like spores that cling to the opposing Pokémon, which harshly lowers their Speed stat."
"178","20","The user releases cotton-like spores that cling to opposing Pokémon, which harshly lowers their Speed stats."
"178","25","The user releases cotton-like spores that cling to opposing Pokémon. This harshly lowers their Speed stats."
"179","3","Stronger if the user's HP is low."
"179","5","Inflicts more damage when the user’s HP is down."
"179","7","An all-out attack that becomes more powerful the less HP the user has."
"180","3","Cuts the PP of the foe's last move."
"180","5","Spitefully cuts the PP of the foe’s last move."
"180","7","A move that cuts 2 to 5 PP from the move last used by the foe."
"180","8","The user looses its grudge on the move last used by the foe by cutting 4 PP from it."
"180","11","The user unleashes its grudge on the move last used by the target by cutting 4 PP from it."
"181","3","An attack that may cause freezing."
"181","5","Blasts the foe with a snowy gust. May cause freezing."
"181","7","Blasts the foe with a snowy gust. It may cause freezing."
"181","8","The user attacks with a chilling gust of powdery snow. It may also freeze the target."
"181","11","The user attacks with a chilling gust of powdery snow. It may also freeze the targets."
"181","15","The user attacks with a chilling gust of powdery snow. This may also freeze the opposing Pokémon."
"181","20","The user attacks with a chilling gust of powdery snow. This may also freeze opposing Pokémon."
"181","24","The user attacks with a chilling gust of powdery snow. This may also leave the target with frostbite."
"181","25","The user attacks with a chilling gust of powdery snow. This may also leave opposing Pokémon frozen."
"182","3","Foils attack that turn. It may fail."
"182","5","Evades attack, but may fail if used in succession."
"182","7","Enables the user to evade all attacks. It may fail if used in succession."
"182","8","It enables the user to evade all attacks. Its chance of failing rises if it is used in succession."
"182","15","Enables the user to evade all attacks. Its chance of failing rises if it is used in succession."
"182","19","Enables the user to protect itself from all attacks. Its chance of failing rises if it is used in succession."
"182","20","This move enables the user to protect itself from all attacks. Its chance of failing rises if it is used in succession."
"183","3","A fast punch that lands first."
"183","5","A punch is thrown at wicked speed to strike first."
"183","7","A punch thrown at blinding speed. It is certain to strike first."
"183","8","The user throws a punch at blinding speed. It is certain to strike first."
"183","15","The user throws a punch at blinding speed. This move always goes first."
"183","24","The user throws a punch at blinding speed. This also raises the user's action speed."
"184","3","Sharply reduces the foe's SPEED."
"184","5","Frightens with a scary face to sharply reduce SPEED."
"184","7","Frightens the foe with a scary face to sharply reduce its SPEED."
"184","8","The user frightens the foe with a scary face to sharply reduce its Speed stat."
"184","11","The user frightens the target with a scary face to harshly reduce its Speed stat."
"184","15","The user frightens the target with a scary face to harshly lower its Speed stat."
"185","3","An attack that never misses."
"185","5","Draws the foe close, then strikes without fail."
"185","7","The user draws up close to the foe disarmingly, then hits without fail."
"185","8","The user draws up to the foe disarmingly, then throws a sucker punch. It hits without fail."
"185","11","The user approaches the target disarmingly, then throws a sucker punch. It hits without fail."
"185","15","The user approaches the target disarmingly, then throws a sucker punch. This attack never misses."
"185","20","This move can’t be used. It’s recommended that this move is forgotten. Once forgotten, this move can’t be remembered."
"186","3","A move that causes confusion."
"186","5","Demands a kiss with a cute look. May cause confusion."
"186","7","The user kisses the foe with sweet cuteness that causes confusion."
"186","8","The user kisses the foe with a sweet, angelic cuteness that causes confusion."
"186","11","The user kisses the target with a sweet, angelic cuteness that causes confusion."
"187","3","Reduces own HP to maximize ATTACK."
"187","5","Maximizes ATTACK while sacrificing HP."
"187","7","The user maximizes its ATTACK stat at the cost of half its full HP."
"187","8","The user maximizes its Attack stat in exchange for HP equal to half its max HP."
"187","25","The user maximizes its Attack stat but loses HP equal to half its max HP."
"188","3","An attack that may poison the foe."
"188","5","Sludge is hurled to inflict damage. May also poison."
"188","7","Filthy sludge is hurled at the foe. It may poison the target."
"188","8","The user attacks by hurling filthy sludge at the foe. It may also poison the target."
"188","11","Unsanitary sludge is hurled at the target. It may also poison the target."
"188","15","Unsanitary sludge is hurled at the target. This may also poison the target."
"188","24","Unsanitary sludge is hurled at the target to deal damage. This may also poison the target."
"188","25","The user hurls unsanitary sludge at the target to inflict damage. This may also poison the target."
"189","3","Reduces the foe's accuracy."
"189","5","Hurls mud in the foe’s face to reduce its accuracy."
"189","7","Mud is hurled in the foe’s face to inflict damage and lower its accuracy."
"189","8","The user hurls mud in the foe’s face to inflict damage and lower its accuracy."
"189","11","The user hurls mud in the target’s face to inflict damage and lower its accuracy."
"189","24","The user hurls mud in the target's face to inflict damage. Incoming moves also become more likely to miss."
"189","25","The user hurls mud in the target's face to inflict damage and lower its accuracy."
"190","3","An attack that may reduce accuracy."
"190","5","Fires a lump of ink to damage and cut accuracy."
"190","7","Ink is blasted in the foe’s face or eyes to damage and lower accuracy."
"190","8","The user attacks by spraying ink in the foe’s face or eyes. It may also lower the target’s accuracy."
"190","11","The user attacks by spraying ink in the target’s face or eyes. It may also lower the target’s accuracy."
"190","15","The user attacks by spraying ink in the target’s face or eyes. This may also lower the target’s accuracy."
"191","3","Hurts foes when they switch out."
"191","5","Sets spikes that hurt a foe switching out."
"191","6","Sets spikes that hurt a foe switching in."
"191","7","A trap of spikes is laid around the foe’s party to hurt foes switching in."
"191","8","The user lays a trap of spikes at the foe’s feet. The trap hurts foes that switch into battle."
"191","11","The user lays a trap of spikes at the opposing team’s feet. The trap hurts Pokémon that switch into battle."
"191","24","The user lays a trap of spikes at the target's feet. The spikes left behind by this attack continue to damage the target for several turns."
"191","25","The user lays a trap of spikes at the feet of the opposing team. The spikes will damage opposing Pokémon that switch into battle."
"192","3","An attack that always paralyzes."
"192","5","Powerful and sure to cause paralysis, but inaccurate."
"192","7","An electric blast is fired like a cannon to inflict damage and paralyze."
"192","8","The user fires an electric blast like a cannon to inflict damage and cause paralysis."
"192","25","The user attacks by firing an electric blast like a cannon. This also leaves the target with paralysis."
"193","3","Negates accuracy reduction moves."
"193","5","Negates the foe’s efforts to heighten evasiveness."
"193","7","Completely negates the foe’s efforts to heighten its ability to evade."
"193","8","Enables the user to hit a Ghost type with any type of move. It also enables the user to hit an evasive foe."
"193","11","Enables a Ghost-type target to be hit by Normal- and Fighting-type attacks. It also enables an evasive target to be hit."
"193","15","Enables a Ghost-type target to be hit by Normal- and Fighting-type attacks. This also enables an evasive target to be hit."
"193","17","Enables a Ghost-type target to be hit by Normaland Fighting-type attacks. This also enables an evasive target to be hit."
"193","20","This move can’t be used. It’s recommended that this move is forgotten. Once forgotten, this move can’t be remembered."
"194","3","The foe faints if the user does."
"194","5","If the user faints, the foe is also made to faint."
"194","7","If the user faints, the foe delivering the final hit also faints."
"194","8","When this move is used, if the user faints, the foe that landed the knockout hit also faints."
"194","11","When this move is used, if the user faints, the Pokémon that landed the knockout hit also faints."
"194","17","After using this move, if the user faints, the Pokémon that landed the knockout hit also faints. Its chance of failing rises if it is used in succession."
"194","25","If the user is knocked out after using this move, the Pokémon that knocked it out will also faint. This move's chance of failing rises if it is used in succession."
"195","3","Both user and foe faint in 3 turns."
"195","5","Any POKéMON hearing this song faints in 3 turns."
"195","7","Any battler that hears this faints in three turns unless it switches."
"195","8","Any Pokémon that hears this song faints in three turns unless it switches out of battle."
"195","10","Any Pokémon that hears this song faints in three turns, unless it switches out of battle."
"196","3","An icy attack that lowers SPEED."
"196","5","A chilling attack that lowers the foe’s SPEED."
"196","7","A chilling wind is used to attack. It also lowers the SPEED stat."
"196","8","The user attacks with a gust of chilled air. It also lowers the target’s Speed stat."
"196","11","The user attacks with a gust of chilled air. It also reduces the targets’ Speed stat."
"196","15","The user attacks with a gust of chilled air. This also lowers the opposing Pokémon’s Speed stats."
"196","20","The user attacks with a gust of chilled air. This also lowers opposing Pokémon’s Speed stats."
"196","24","The user attacks with a gust of chilled air."
"196","25","The user attacks with a gust of chilled air. This also lowers opposing Pokémon's Speed stats."
"197","3","Evades attack that turn. It may fail."
"197","5","Evades attack, but may fail if used in succession."
"197","7","Enables the user to evade all attacks. It may fail if used in succession."
"197","8","It enables the user to evade all attacks. Its chance of failing rises if it is used in succession."
"197","15","Enables the user to evade all attacks. Its chance of failing rises if it is used in succession."
"197","20","This move enables the user to protect itself from all attacks. Its chance of failing rises if it is used in succession."
"198","3","An attack that hits 2-5 times."
"198","5","Strikes the foe with a bone in hand 2 to 5 times."
"198","7","The user strikes the foe with a bone in hand two to five times."
"198","8","The user strikes at the foe with a hard bone two to five times in a row."
"198","11","The user strikes the target with a hard bone two to five times in a row."
"198","25","The user attacks by striking the target with a hard bone. This move hits two to five times in a row."
"199","3","Ensures the next attack will hit."
"199","5","Locks on to the foe to ensure the next move hits."
"199","7","The user locks on to the foe, making the next move sure to hit."
"199","8","The user takes sure aim at the foe. It ensures the next attack does not fail to hit the target."
"199","11","The user takes sure aim at the target. It ensures the next attack does not fail to hit the target."
"199","15","The user takes sure aim at the target. This ensures the next attack does not miss the target."
"199","25","The user takes sure aim at the target. This ensures the user's next move does not miss that target."
"200","3","Works 2-3 turns and confuses user."
"200","5","A rampage of 2 to 3 turns that confuses the user."
"200","7","The user thrashes about for two to three turns, then becomes confused."
"200","8","The user rampages and attacks for two to three turns. However, it then becomes confused."
"200","11","The user rampages and attacks for two to three turns. It then becomes confused, however."
"200","15","The user rampages and attacks for two to three turns. The user then becomes confused."
"200","19","The Pokémon rampages and attacks for two to three turns. It then becomes confused."
"200","24","The user attacks by going on a rampage, then becomes fixated on using this move."
"201","3","Inflicts damage every turn."
"201","5","Causes a sandstorm that rages for several turns."
"201","7","A 5-turn sandstorm that damages all types except ROCK, GROUND, and STEEL."
"201","8","A five-turn sandstorm is summoned to hurt all combatant types except Rock, Ground, and Steel."
"201","11","A five-turn sandstorm is summoned to hurt all combatants except the Rock, Ground, and Steel types."
"201","17","A five-turn sandstorm is summoned to hurt all combatants except the Rock, Ground, and Steel types. It raises the Sp. Def stat of Rock types."
"201","20","A five-turn sandstorm is summoned to hurt all combatants except Rock, Ground, and Steel types. It raises the Sp. Def stat of Rock types."
"201","25","A five-turn sandstorm is summoned to damage all Pokémon except Rock, Ground, and Steel types. The sandstorm also boosts the Sp. Def stats of Rock types."
"202","3","Steals 1/2 of the damage inflicted."
"202","5","An attack that steals half the damage inflicted."
"202","7","A harsh attack that absorbs half the damage it inflicted to restore HP."
"202","8","A nutrient-draining attack. The user’s HP is restored by half the damage taken by the target."
"202","24","A nutrient-draining attack. The user's HP is restored by half the damage taken by the target."
"202","25","A nutrient-draining attack. The user's HP is restored by up to half the damage taken by the target."
"203","3","Always leaves at least 1HP."
"203","5","Endures any attack for 1 turn, leaving at least 1HP."
"203","7","The user endures any hit with 1 HP left. It may fail if used in succession."
"203","8","The user endures any attack, leaving 1 HP. Its chance of failing rises if it is used in succession."
"203","10","The user endures any attack with at least 1 HP. Its chance of failing rises if it is used in succession."
"203","25","The user endures any attack with at least 1 HP. This move's chance of failing rises if used in succession."
"204","3","Sharply lowers the foe's ATTACK."
"204","5","Charms the foe and sharply reduces its ATTACK."
"204","7","The foe is charmed by the user’s cute appeals, sharply cutting its ATTACK."
"204","8","The user charmingly stares at the foe, making it less wary. The target’s Attack is sharply lowered."
"204","11","The user gazes at the target rather charmingly, making it less wary. The target’s Attack is harshly lowered."
"204","15","The user gazes at the target rather charmingly, making it less wary. This harshly lowers its Attack stat."
"204","20","The user gazes at the target rather charmingly, making it less wary. This harshly lowers the target’s Attack stat."
"204","24","The user gazes at the target rather charmingly, making it less wary. This harshly lowers the target's Attack stat."
"205","3","Attacks 5 turns with rising power."
"205","5","An attack lasting 5 turns with rising intensity."
"205","7","A 5-turn rolling attack that becomes stronger each time it hits."
"205","8","The user continually rolls into the foe over five turns. It becomes stronger each time it hits."
"205","11","The user continually rolls into the target over five turns. It becomes stronger each time it hits."
"205","15","The user continually rolls into the target over five turns. It becomes more powerful each time it hits."
"205","24","The user rolls into the target to deal damage, then becomes fixated on using this move."
"205","25","The user continually rolls into the target over five turns. This attack becomes more powerful each time it hits."
"206","3","Leaves the foe with at least 1HP."
"206","5","An attack that leaves the foe with at least 1 HP."
"206","7","A restrained attack that always leaves the foe with at least 1 HP."
"206","8","A restrained attack that prevents the foe from fainting. The target is left with at least 1 HP."
"206","11","A restrained attack that prevents the target from fainting. The target is left with at least 1 HP."
"207","3","Causes confusion and raises ATTACK."
"207","5","Confuses the foe, but also sharply raises ATTACK."
"207","7","A move that makes the foe confused, but also sharply raises its ATTACK."
"207","8","The user enrages the foe into confusion. However, it also sharply raises the foe’s Attack stat."
"207","11","The user enrages and confuses the target. However, it also sharply raises the target’s Attack stat."
"207","15","The user enrages and confuses the target. However, this also sharply raises the target’s Attack stat."
"207","24","The user enrages and confuses the target. However, this also sharply raises the target's Attack stat."
"207","25","The user enrages and confuses the target. However, this also sharply boosts the target's Attack stat."
"208","3","Restores HP by 1/2 the max HP."
"208","5","Recovers up to half the user’s maximum HP."
"208","7","Heals the user by up to half its full HP. It can be used to heal an ally."
"208","8","The user restores its own HP by up to half of its maximum HP. It may also be used to heal an ally’s HP."
"208","11","The user restores its own HP by up to half of its maximum HP. May also be used in the field to heal HP."
"208","15","The user restores its own HP by up to half of its max HP. May also be used in the field to heal HP."
"208","17","The user restores its own HP by up to half of its max HP."
"208","25","The user restores its own HP by up to half its max HP."
"209","3","An attack that may cause paralysis."
"209","5","An electrified tackle that may paralyze the foe."
"209","7","An electrically charged tackle that may also paralyze the foe."
"209","8","The user throws an electrically charged tackle at the foe. It may also leave the target paralyzed."
"209","11","The user throws an electrically charged tackle at the target. It may also leave the target with paralysis."
"209","15","The user throws an electrically charged tackle at the target. This may also leave the target with paralysis."
"209","24","The user throws an electrically charged tackle at the target to deal damage. This may also leave the target with paralysis."
"209","25","The user attacks the target with an electrically charged tackle. This may also leave the target with paralysis."
"210","3","Successive hits raise power."
"210","5","An attack that intensifies on each successive hit."
"210","7","An attack that grows stronger on each successive hit."
"210","8","The foe is slashed with scythes or claws. Its power increases if it hits in succession."
"210","11","The target is slashed with scythes or claws. Its power increases if it hits in succession."
"210","15","The target is slashed with scythes or claws. This attack becomes more powerful if it hits in succession."
"210","25","The user attacks by slashing the target with scythes, claws, or the like. This attack becomes more powerful if it hits in succession."
"211","3","Stiff wings strike the foe."
"211","5","Strikes the foe with hard wings spread wide."
"211","7","The foe is hit with wings of steel. It may also raise the user’s DEFENSE."
"211","8","The foe is hit with wings of steel. It may also raise the user’s Defense stat."
"211","11","The target is hit with wings of steel. It may also raise the user’s Defense stat."
"211","15","The target is hit with wings of steel. This may also raise the user’s Defense stat."
"211","24","The target is hit with wings of steel. This may also raise the user's Defense stat."
"211","25","The target is hit with wings of steel. This may also boost the user's Defense stat."
"212","3","Prevents fleeing or switching."
"212","5","Fixes the foe with a mean look that prevents escape."
"212","7","The foe is fixed with a mean look that prevents it from escaping."
"212","8","The user affixes the foe with a dark, arresting look. The target becomes unable to flee."
"212","11","The user pins the target with a dark, arresting look. The target becomes unable to flee."
"213","3","Makes the opposite gender infatuated."
"213","5","Makes the opposite gender less likely to attack."
"213","7","If it is the other gender, the foe is made infatuated and unlikely to attack."
"213","8","If it is the opposite gender of the user, the foe becomes infatuated and less likely to attack."
"213","11","If it is the opposite gender of the user, the target becomes infatuated and less likely to attack."
"213","25","If the target is of the opposite gender to the user, it becomes infatuated with the user and will sometimes be unable to use its moves."
"214","3","Randomly attacks while asleep."
"214","5","Uses an own move randomly while asleep."
"214","6","Uses an available move randomly while asleep."
"214","7","While asleep, the user randomly uses one of the moves it knows."
"214","8","While it is asleep, the user randomly uses one of the moves it knows."
"214","25","The user randomly uses one of the moves it knows. This move can only be used while the user is asleep."
"215","3","Eliminates all status problems."
"215","5","Chimes soothingly to heal all status abnormalities."
"215","7","A soothing bell chimes to heal the status problems of all allies."
"215","8","The user makes a soothing bell chime to heal the status problems of all the party Pokémon."
"215","15","The user makes a soothing bell chime to heal the status conditions of all the party Pokémon."
"215","25","The user makes a soothing bell chime to cure the status conditions of all its fellow party Pokémon and allies."
"216","3","An attack that is based on loyalty."
"216","5","An attack that increases in power with friendship."
"216","7","This attack move grows more powerful the more the user likes its TRAINER."
"216","8","A full-power attack that grows more powerful the more the user likes its Trainer."
"216","17","This full-power attack grows more powerful the more the user likes its Trainer."
"216","20","This move can’t be used. It’s recommended that this move is forgotten. Once forgotten, this move can’t be remembered."
"217","3","A bomb that may restore HP."
"217","5","A gift in the form of a bomb. May restore HP."
"217","7","The foe is given a booby-trapped gift. It restores HP sometimes, however."
"217","8","The user attacks by giving the foe a booby-trapped gift. It restores HP sometimes, however."
"217","11","The user attacks by giving the target a gift with a hidden trap. It restores HP sometimes, however."
"217","25","The user attacks by giving the target a gift with a hidden trap. The gift restores HP sometimes, however."
"218","3","An attack based on lack of loyalty."
"218","5","An attack that is stronger if the TRAINER is disliked."
"218","7","This attack move grows more powerful the less the user likes its TRAINER."
"218","8","A full-power attack that grows more powerful the less the user likes its Trainer."
"218","17","This full-power attack grows more powerful the less the user likes its Trainer."
"218","20","This move can’t be used. It’s recommended that this move is forgotten. Once forgotten, this move can’t be remembered."
"219","3","Prevents all status problems."
"219","5","A mystical force prevents all status problems."
"219","7","It protects the user’s party from all status problems for five turns."
"219","8","The user creates a protective field that prevents status problems for five turns."
"219","15","The user creates a protective field that prevents status conditions for five turns."
"220","3","Adds user & foe's HPs. Shares total."
"220","5","Adds the user and foe’s HP, then shares them equally."
"220","7","The user adds its HP to the foe’s HP, then equally shares the total HP."
"220","8","The user adds its HP to the foe’s HP, then equally shares the combined HP with the foe."
"220","11","The user adds its HP to the target’s HP, then equally shares the combined HP with the target."
"220","24","The user adds its HP to the target's HP, then equally shares the combined HP with the target."
"220","25","The user adds its HP to the target's HP, then equally splits the combined HP between the target and itself."
"221","3","An attack that may inflict a burn."
"221","5","A mystical fire attack that may inflict a burn."
"221","7","A mystical and powerful fire attack that may inflict a burn."
"221","8","The foe is razed with a mystical fire of great intensity. It may also leave the target with a burn."
"221","11","The target is razed with a mystical fire of great intensity. It may also leave the target with a burn."
"221","15","The target is razed with a mystical fire of great intensity. This may also leave the target with a burn."
"222","3","A ground attack with random power."
"222","5","A ground-shaking attack of random intensity."
"222","7","A ground-shaking attack against all standing POKéMON. Its power varies."
"222","8","The user looses a ground-shaking quake affecting everyone in battle. Its power varies."
"222","11","The user looses a ground-shaking quake affecting everyone around the user. Its power varies."
"222","15","The user attacks everything around it with a ground-shaking quake. Its power varies."
"222","20","This move can’t be used. It’s recommended that this move is forgotten. Once forgotten, this move can’t be remembered."
"223","3","An attack that always confuses."
"223","5","Powerful and sure to cause confusion, but inaccurate."
"223","7","The foe is punched with the user’s full power. It confuses the foe if it hits."
"223","8","The foe is punched with the user’s full, concentrated power. It confuses the foe if it hits."
"223","11","The user punches the target with full, concentrated power. It confuses the target if it hits."
"223","15","The user punches the target with full, concentrated power. This confuses the target if it hits."
"223","25","The user attacks by punching the target with full concentrated power. This also confuses the target."
"224","3","A powerful charge attack."
"224","5","A brutal ramming attack using out-thrust horns."
"224","7","A brutal ramming attack delivered with a tough and impressive horn."
"224","8","Utilizing its tough and impressive horn, the user rams into the foe with no letup."
"224","10","Using its tough and impressive horn, the user rams into the foe with no letup."
"224","11","Using its tough and impressive horn, the user rams into the target with no letup."
"224","24","Using its tough and impressive horn, the user rams into the target to inflict damage."
"225","3","A strong breath attack."
"225","5","Strikes the foe with an incredible blast of breath."
"225","7","The foe is hit with an incredible blast of breath that may also paralyze."
"225","8","The user exhales a mighty gust that inflicts damage. It may also paralyze the target."
"225","11","The user exhales a mighty gust that inflicts damage. It may also leave the target with paralysis."
"225","15","The user exhales a mighty gust that inflicts damage. This may also leave the target with paralysis."
"226","3","Switches while keeping effects."
"226","5","Switches out the user while keeping effects in play."
"226","7","The user switches out, passing along any stat changes to the new battler."
"226","8","The user switches places with a party Pokémon in waiting, passing along any stat changes."
"226","15","The user switches places with a party Pokémon in waiting and passes along any stat changes."
"227","3","Makes the foe repeat 2-6 times."
"227","5","Makes the foe repeat its last move over 2 to 6 turns."
"227","7","Makes the foe use the move it last used repeatedly for two to six turns."
"227","8","The user compels the foe to keep using only the move it last used for two to six turns."
"227","9","The user compels the foe to keep using only the move it last used for three to seven turns."
"227","11","The user compels the target to keep using only the move it last used for three turns."
"227","17","The user compels the target to keep using the move it encored for three turns."
"228","3","Heavily strikes switching POKéMON."
"228","5","Inflicts bad damage if used on a foe switching out."
"228","7","An attack move that works especially well on a foe that is switching out."
"228","8","An attack move that inflicts double damage if used on a foe that is switching out of battle."
"228","11","An attack move that inflicts double damage if used on a target that is switching out of battle."
"228","17","The power of this attack move is doubled if it’s used on a target that’s switching out of battle."
"228","20","This move can’t be used. It’s recommended that this move is forgotten. Once forgotten, this move can’t be remembered."
"229","3","A high-speed spinning attack."
"229","5","Spins the body at high speed to strike the foe."
"229","7","An attack that frees the user from BIND, WRAP, LEECH SEED, and SPIKES."
"229","8","A spin attack that can also eliminate such moves as Bind, Wrap, Leech Seed, and Spikes."
"229","20","A spin attack that can also eliminate such moves as Bind, Wrap, and Leech Seed. This also raises the user’s Speed stat."
"229","24","A spin attack that can also eliminate such moves as Bind, Wrap, and Leech Seed. This also raises the user's Speed stat."
"229","25","The user performs a spin attack that can also eliminate the effects of such moves as Bind, Wrap, and Leech Seed. This also boosts the user's Speed stat."
"230","3","Reduces the foe's evasiveness."
"230","5","Allures the foe to reduce evasiveness."
"230","7","Allures the foe to reduce evasiveness. It also attracts wild POKéMON."
"230","8","A sweet scent that lowers the foe’s evasiveness. It also lures wild Pokémon if used in grass, etc."
"230","11","A sweet scent that lowers the opposing team’s evasiveness. It also lures wild Pokémon if used in grass, etc."
"230","15","A sweet scent that harshly lowers opposing Pokémon’s evasiveness. This also lures wild Pokémon if used in places such as tall grass."
"230","17","A sweet scent that harshly lowers opposing Pokémon’s evasiveness."
"230","24","A sweet scent that harshly lowers opposing Pokémon's evasiveness."
"230","25","The user releases a scent that harshly lowers opposing Pokémon's evasiveness."
"231","3","An attack that may reduce DEFENSE."
"231","5","Attacks with a rock-hard tail. May lower DEFENSE."
"231","7","An attack with a steel-hard tail. It may lower the foe’s DEFENSE stat."
"231","8","The foe is slammed with a steel-hard tail. It may also lower the target’s Defense stat."
"231","11","The target is slammed with a steel-hard tail. It may also lower the target’s Defense stat."
"231","15","The target is slammed with a steel-hard tail. This may also lower the target’s Defense stat."
"231","24","The target is slammed with a steel-hard tail. This may also lower the target’s defensive stats."
"231","25","The target is slammed with a steel-hard tail. This may also lower the target's Defense stat."
"232","3","An attack that may up user's ATTACK."
"232","5","A claw attack that may raise the user’s ATTACK."
"232","7","The foe is attacked with steel claws. It may also raise the user’s ATTACK."
"232","8","The foe is raked with steel claws. It may also raise the user’s Attack stat."
"232","11","The target is raked with steel claws. It may also raise the user’s Attack stat."
"232","15","The target is raked with steel claws. This may also raise the user’s Attack stat."
"232","24","The target is raked with steel claws. This may also raise the user's Attack stat."
"232","25","The target is raked with steel claws. This may also boost the user's Attack stat."
"233","3","A 2nd-strike move that never misses."
"233","5","Makes the user’s move last, but it never misses."
"233","7","Makes the user attack after the foe. In return, it will not miss."
"233","8","The user allows the foe to attack first. In return, this throw move is guaranteed not to miss."
"233","11","The user attacks last. In return, this throw move is guaranteed not to miss."
"233","15","The user attacks last. In return, this throw move never misses."
"234","3","Restores HP (varies by time)."
"234","5","Restores HP. The amount varies with the weather."
"234","7","Restores the user’s HP. The amount of HP regained varies with the weather."
"234","8","The user restores its own HP. The amount of HP regained varies with the weather."
"235","3","Restores HP (varies by time)."
"235","5","Restores HP. The amount varies with the weather."
"235","7","Restores the user’s HP. The amount of HP regained varies with the weather."
"235","8","The user restores its own HP. The amount of HP regained varies with the weather."
"236","3","Restores HP (varies by time)."
"236","5","Restores HP. The amount varies with the weather."
"236","7","Restores the user’s HP. The amount of HP regained varies with the weather."
"236","8","The user restores its own HP. The amount of HP regained varies with the weather."
"237","3","The power varies with the POKéMON."
"237","5","The effectiveness varies with the user."
"237","7","An attack that varies in type and intensity depending on the user."
"237","8","A unique attack that varies in type and intensity depending on the Pokémon using it."
"237","15","A unique attack that varies in type depending on the Pokémon using it."
"237","20","This move can’t be used. It’s recommended that this move is forgotten. Once forgotten, this move can’t be remembered."
"238","3","Has a high critical hit ratio."
"238","5","A double-chopping attack. High critical-hit ratio."
"238","7","The foe is hit with double chops. It has a high critical-hit ratio."
"238","8","The user delivers a double chop with its forearms crossed. It has a high critical-hit ratio."
"238","11","The user delivers a double chop with its forearms crossed. Critical hits land more easily."
"238","25","The user delivers a double chop with its forearms crossed. This move has a heightened chance of landing a critical hit."
"239","3","Whips up a tornado to attack."
"239","5","Whips up a vicious twister to tear at the foe."
"239","7","A vicious twister attacks the foe. It may make the foe flinch."
"239","8","The user whips up a vicious twister to tear at the foe. It may also make the foe flinch."
"239","10","The user whips up a vicious tornado to tear at the foe. It may also make the foe flinch."
"239","11","The user whips up a vicious tornado to tear at the opposing team. It may also make targets flinch."
"239","15","The user whips up a vicious tornado to tear at the opposing Pokémon. This may also make them flinch."
"239","20","The user whips up a vicious tornado to tear at opposing Pokémon. This may also make them flinch."
"239","24","The user whips up a vicious tornado to tear at the target."
"240","3","Boosts water-type moves for 5 turns."
"240","5","Boosts the power of WATERtype moves for 5 turns."
"240","7","A heavy rain falls for five turns, powering up WATERtype moves."
"240","8","The user summons a heavy rain that falls for five turns, powering up Watertype moves."
"240","11","The user summons a heavy rain that falls for five turns, powering up Water-type moves."
"240","17","The user summons a heavy rain that falls for five turns, powering up Water-type moves. It lowers the power of Fire-type moves."
"240","25","The user summons a heavy rain that falls for five turns, powering up Water-type attacks. The rain also lowers the power of Fire-type attacks."
"241","3","Boosts fire-type moves for 5 turns."
"241","5","Boosts the power of FIREtype moves for 5 turns."
"241","7","The sun blazes for five turns, powering up FIRE-type moves."
"241","8","The user intensifies the sun for five turns, powering up Fire-type moves."
"241","17","The user intensifies the sun for five turns, powering up Fire-type moves. It lowers the power of Water-type moves."
"241","25","The user intensifies the sun for five turns, powering up Fire-type attacks. The sunlight also lowers the power of Water-type attacks."
"242","3","An attack that may lower SPCL.DEF."
"242","5","Crunches with sharp fangs. May lower SP. DEF."
"242","7","The foe is crunched with sharp fangs. It may lower the foe’s SP. DEF."
"242","8","The user crunches up the foe with sharp fangs. It may also lower the target’s Defense stat."
"242","11","The user crunches up the target with sharp fangs. It may also lower the target’s Defense stat."
"242","15","The user crunches up the target with sharp fangs. This may also lower the target’s Defense stat."
"242","24","The user crunches up the target with sharp fangs. This may also lower the target's defensive stats."
"242","25","The user crunches up the target with sharp fangs. This may also lower the target's Defense stat."
"243","3","Counters a SPCL. ATK. move double."
"243","4","Counters a SPCL. ATK move double."
"243","5","Counters the foe’s special attack at double the power."
"243","7","A retaliation move that pays back the foe’s special attack double."
"243","8","A retaliation move that counters any special attack, inflicting double the damage taken."
"243","25","A retaliatory attack that counters any special move, inflicting double the damage taken."
"244","3","Copies the foe's stat changes."
"244","5","Copies the foe’s effect(s) and gives to the user."
"244","7","The user hypnotizes itself into copying any stat change made by the foe."
"244","11","The user hypnotizes itself into copying any stat change made by the target."
"245","3","A powerful firststrike move."
"245","5","An extremely fast and powerful attack."
"245","7","A blindingly speedy charge attack that always goes before any other."
"245","8","The user charges the foe at blinding speed. This attack always goes before any other move."
"245","11","The user charges the target at blinding speed. This attack always goes before any other move."
"245","15","The user charges the target at blinding speed. This move always goes first."
"246","3","An attack that may raise all stats."
"246","7","An ancient power is used to attack. It may also raise all the user’s stats."
"246","8","The user attacks with a prehistoric power. It may also raise all the user’s stats at once."
"246","15","The user attacks with a prehistoric power. This may also raise all the user’s stats at once."
"246","24","The user attacks with a primeval power. This may also raise the user's offensive and defensive stats."
"246","25","The user attacks with a prehistoric power. This may also boost all the user's stats at once."
"247","3","An attack that may lower SPCL.DEF."
"247","5","Hurls a black blob that may lower the foe’s SP. DEF."
"247","7","A shadowy blob is hurled at the foe. May also lower the foe’s SP. DEF."
"247","8","The user hurls a shadowy blob at the foe. It may also lower the foe’s Sp. Def stat."
"247","11","The user hurls a shadowy blob at the target. It may also lower the target’s Sp. Def stat."
"247","15","The user hurls a shadowy blob at the target. This may also lower the target’s Sp. Def stat."
"247","24","The user hurls a shadowy blob at the target to deal damage. This may also lower the target’s defensive stats."
"247","25","The user attacks by hurling a shadowy blob at the target. This may also lower the target’s Sp. Def stat."
"248","3","An attack that hits on 3rd turn."
"248","5","Heightens inner power to strike 2 turns later."
"248","7","Two turns after this move is used, the foe is attacked psychically."
"248","8","Two turns after this move is used, the foe is attacked with a hunk of psychic energy."
"248","11","Two turns after this move is used, a hunk of psychic energy attacks the target."
"249","3","An attack that may lower DEFENSE."
"249","5","A rock-crushing attack that may lower DEFENSE."
"249","7","An attack that may also cut DEFENSE. It can also smash cracked boulders."
"249","8","The user slugs the foe with a shattering punch. It can also smash cracked boulders."
"249","10","The user hits with a punch that may lower the target’s Defense. It can also smash cracked boulders."
"249","11","The user attacks with a punch that can shatter a rock. It may also lower the target’s Defense stat."
"249","15","The user attacks with a punch. This may also lower the target’s Defense stat. This move can also shatter rocks in the field."
"249","17","The user attacks with a punch. This may also lower the target’s Defense stat."
"249","24","The user attacks with a punch. This may also lower the target’s defensive stats."
"249","25","The user attacks with a punch. This may also lower the target's Defense stat."
"250","3","Traps the foe for 2-5 turns."
"250","5","Traps and hurts the foe in a whirlpool for 2 to 5 turns."
"250","7","The foe is trapped in a fast, vicious whirlpool for two to five turns."
"250","8","The user traps the foe inside a fast, vicious whirlpool that lasts for two to five turns."
"250","10","Traps the foe inside a whirlpool that lasts for two to five turns. The user can pass through whirlpools."
"250","11","Traps foes in a violent swirling whirlpool for four to five turns."
"250","15","The user traps the target in a violent swirling whirlpool for four to five turns."
"250","25","The user traps the target inside a violent, swirling whirlpool that inflicts damage for four to five turns."
"251","3","Party POKéMON join in the attack."
"251","5","Summons party POKéMON to join in the attack."
"251","7","All party POKéMON join in the attack. The more allies, the more damage."
"251","8","The user gets all the party Pokémon to attack the foe. The more party Pokémon, the more damage."
"251","11","The user gets all party Pokémon to attack the target. The more party Pokémon, the greater the number of attacks."
"252","5","A 1st-turn, 1st-strike move that causes flinching."
"252","7","An attack that hits first and causes flinching. Usable only on 1st turn."
"252","8","An attack that hits first and makes the target flinch. This move works only on the first turn."
"252","10","An attack that hits first and makes the target flinch. It only works the first turn the user is in battle."
"252","17","This attack hits first and makes the target flinch. It only works the first turn the user is in battle."
"252","20","This attack hits first and makes the target flinch. It only works the first turn each time the user enters battle."
"252","25","This attack hits first and makes the target flinch. It works only on the first turn each time the user enters battle."
"253","5","Causes an uproar for 2 to 5 turns and prevents sleep."
"253","7","The user attacks in an uproar that prevents sleep for two to five turns."
"253","8","The user attacks in an uproar for two to five turns. Over that time, no one can fall asleep."
"253","11","The user attacks in an uproar for three turns. Over that time, no one can fall asleep."
"253","15","The user attacks in an uproar for three turns. During that time, no one can fall asleep."
"253","17","The user attacks in an uproar for three turns. During that time, no Pokémon can fall asleep."
"254","5","Charges up power for up to 3 turns."
"254","7","The user charges up power for use later. It can be used three times."
"254","8","The user charges up power, and raises both its Defense and Sp. Def. The move can be used three times."
"254","11","The user charges up power and raises both its Defense and Sp. Def. The move can be used three times."
"254","15","The user charges up power and raises both its Defense and Sp. Def stats. The move can be used three times."
"254","25","The user stores power and boosts its Defense and Sp. Def stats. This move can be used up to three times."
"255","5","Releases stockpiled power (the more the better)."
"255","7","The power built using STOCKPILE is released at once for attack."
"255","8","The power stored using the move Stockpile is released at once in an attack."
"255","11","The power stored using the move Stockpile is released at once in an attack. The more power is stored, the greater the damage."
"255","15","The power stored using the move Stockpile is released at once in an attack. The more power is stored, the greater the move’s power."
"255","24","The power stored using the move Stockpile is released at once in an attack. The more power is stored, the greater the move's power."
"256","5","Absorbs stockpiled power and restores HP."
"256","7","The energy it built using STOCKPILE is absorbed to restore HP."
"256","8","The power stored using the move Stockpile is absorbed by the user to heal its HP."
"256","11","The power stored using the move Stockpile is absorbed by the user to heal its HP. Storing more power heals more HP."
"256","25","The power stored using the move Stockpile is absorbed by the user to restore its own HP. The more power is stored, the more HP is restored."
"257","5","Exhales a hot breath on the foe. May inflict a burn."
"257","7","The user exhales a heated breath to attack. It may also inflict a burn."
"257","8","The user exhales a heated breath on the foe to attack. It may also leave the target with a burn."
"257","11","The user attacks by exhaling hot breath on the opposing team. It may also leave targets with a burn."
"257","15","The user attacks by exhaling hot breath on the opposing Pokémon. This may also leave those Pokémon with a burn."
"257","20","The user attacks by exhaling hot breath on opposing Pokémon. This may also leave those Pokémon with a burn."
"257","25","The user attacks by exhaling hot breath on opposing Pokémon. This may also leave them with a burn."
"258","5","Summons a hailstorm that strikes every turn."
"258","7","A hailstorm lasting five turns damages all POKéMON except the ICE-type."
"258","8","The user summons a hailstorm lasting five turns. It damages all Pokémon except the Ice type."
"258","20","The user summons a hailstorm lasting five turns. It damages all Pokémon except Ice types."
"259","5","Torments the foe and stops successive use of a move."
"259","7","It enrages the foe, making it incapable of using the same move successively."
"259","8","The user torments and enrages the foe, making it incapable of using the same move twice in a row."
"259","11","The user torments and enrages the target, making it incapable of using the same move twice in a row."
"260","5","Confuses the foe, but raises its SP. ATK."
"260","7","Flattery is used to confuse the foe, but its SP. ATK also rises."
"260","8","Flattery is used to confuse the foe. However, it also raises the target’s Sp. Atk stat."
"260","11","Flattery is used to confuse the target. However, it also raises the target’s Sp. Atk stat."
"260","15","Flattery is used to confuse the target. However, this also raises the target’s Sp. Atk stat."
"260","24","Flattery is used to confuse the target. However, this also raises the target's Sp. Atk stat."
"260","25","Flattery is used to confuse the target. However, this also boosts the target's Sp. Atk stat."
"261","5","Inflicts a burn on the foe with intense fire."
"261","7","A sinister, bluish white flame is shot at the foe to inflict a burn."
"261","8","The user shoots a sinister, bluish white flame at the foe to inflict a burn."
"261","11","The user shoots a sinister, bluish-white flame at the target to inflict a burn."
"261","19","The user shoots a sinister flame at the target to inflict a burn."
"262","5","The user faints and lowers the foe’s abilities."
"262","7","The user faints, but sharply lowers the foe’s ATTACK and SP. ATK."
"262","8","The user faints upon using this move. In return, it sharply lowers the target’s Attack and Sp. Atk."
"262","11","The user faints when using this move. In return, it harshly lowers the target’s Attack and Sp. Atk."
"262","15","The user faints when using this move. In return, this harshly lowers the target’s Attack and Sp. Atk stats."
"262","24","The user faints when using this move. In return, this harshly lowers the target's Attack and Sp. Atk stats."
"262","25","The user faints. In return, the target's Attack and Sp. Atk stats are harshly lowered."
"263","5","Boosts ATTACK when burned, paralyzed, or poisoned."
"263","7","An attack that is boosted if user is burned, poisoned, or paralyzed."
"263","8","An attack move that doubles its power if the user is poisoned, paralyzed, or has a burn."
"263","11","An attack move that doubles its power if the user is poisoned, burned, or has paralysis."
"263","17","This attack move doubles its power if the user is poisoned, burned, or paralyzed."
"263","25","This move's power is doubled if the user is poisoned, burned, or paralyzed."
"264","5","A powerful loyalty attack. The user flinches if hit."
"264","7","An attack that is executed last. The user flinches if hit beforehand."
"264","8","The user focuses its mind before launching a punch. It will fail if the user is hit before it is used."
"264","15","The user focuses its mind before launching a punch. This move fails if the user is hit before it is used."
"264","25","The user focuses its mind before launching a punch. This move fails if the user is hit before using the move."
"265","5","Powerful against paralyzed foes, but also heals them."
"265","7","Doubly effective on a paralyzed foe, but it also cures the foe’s paralysis."
"265","8","This attack inflicts double damage on a paralyzed foe. It also cures the foe’s paralysis, however."
"265","11","This attack inflicts double damage on a target with paralysis. It also cures the target’s paralysis, however."
"265","15","This attack inflicts double damage on a target with paralysis. This also cures the target’s paralysis, however."
"265","17","This attack’s power is doubled when used on a target with paralysis. This also cures the target’s paralysis, however."
"265","20","This move can’t be used. It’s recommended that this move is forgotten. Once forgotten, this move can’t be remembered."
"266","5","Draws attention to make foes attack only the user."
"266","7","The user draws attention to itself, making foes attack only the user."
"266","8","The user draws attention to itself, making all foes take aim only at the user."
"266","11","The user draws attention to itself, making all targets take aim only at the user."
"266","25","The user draws attention to itself, making all opposing Pokémon take aim only at the user."
"267","5","The type of attack varies depending on the location."
"267","7","An attack that changes type depending on the user’s location."
"267","8","An attack that makes use of nature’s power. Its effects vary depending on the user’s environment."
"267","17","This attack makes use of nature’s power. Its effects vary depending on the user’s environment."
"268","5","Charges power to boost the electric move used next."
"268","7","The user charges power to boost the ELECTRIC move it uses next."
"268","8","The user boosts the power of the Electric move it uses next. It also raises the user’s Sp. Def stat."
"268","11","The user boosts the power of the Electric move it uses on the next turn. It also raises the user’s Sp. Def stat."
"268","15","The user boosts the power of the Electric move it uses on the next turn. This also raises the user’s Sp. Def stat."
"268","24","The user boosts the power of the Electric move it uses on the next turn. This also raises the user's Sp. Def stat."
"268","25","The user becomes charged, boosting the power of the next Electric-type move it uses. This also boosts the user's Sp. Def stat."
"269","5","Taunts the foe into only using attack moves."
"269","7","The foe is taunted into a rage that allows it to use only attack moves."
"269","8","The foe is taunted into a rage that allows it to use only attack moves for two to four turns."
"269","11","The target is taunted into a rage that allows it to use only attack moves for three turns."
"270","5","Boosts the power of the recipient’s moves."
"270","7","A move that boosts the power of the ally’s attack in a battle."
"270","8","A move that boosts the power of the ally’s attack in a Double Battle."
"270","11","The user assists an ally by boosting the power of its attack."
"270","15","The user assists an ally by boosting the power of that ally’s attack."
"270","24","The user assists an ally by boosting the power of that ally's attack."
"271","5","Tricks the foe into trading held items."
"271","7","A move that tricks the foe into trading held items with the user."
"271","8","The user catches the foe off guard and swaps the foe’s held item with its own."
"271","11","The user catches the target off guard and swaps its held item with its own."
"271","25","The user catches the target off guard and swaps the target's held item with its own."
"272","5","Mimics the target and copies its special ability."
"272","7","The user mimics the foe completely and copies the foe’s ability."
"272","8","The user mimics the foe completely, copying the foe’s natural ability."
"272","11","The user mimics the target completely, copying the target’s natural Ability."
"272","20","The user mimics the target completely, copying the target’s Ability."
"272","24","The user mimics the target completely, copying the target's Ability."
"273","5","A wish that restores HP. It takes time to work."
"273","7","A self-healing move that restores half the full HP on the next turn."
"273","8","A self-healing move. The user restores its own HP by up to half of its maximum HP in the next turn."
"273","11","One turn after this move is used, the target’s HP is restored by half the user’s maximum HP."
"273","15","One turn after this move is used, the target’s HP is restored by half the user’s max HP."
"273","17","One turn after this move is used, the user’s or its replacement’s HP is restored by half the user’s max HP."
"273","24","One turn after this move is used, the user's or its replacement's HP is restored by half the user's max HP."
"273","25","One turn after this move is used, the user's or its replacement's HP is restored by up to half the user's max HP."
"274","5","Attacks randomly with one of the partner’s moves."
"274","7","The user randomly picks and uses a move of an allied POKéMON."
"274","8","The user hurriedly and randomly uses a move among those known by other Pokémon in the party."
"274","17","The user hurriedly and randomly uses a move among those known by ally Pokémon."
"274","20","This move can’t be used. It’s recommended that this move is forgotten. Once forgotten, this move can’t be remembered."
"275","5","Lays roots that restore HP. The user can’t switch out."
"275","7","The user lays roots that restore HP on every turn. It can’t switch out."
"275","8","The user lays roots that restore HP on every turn. Because it is rooted, it can’t switch out."
"275","11","The user lays roots that restore its HP on every turn. Because it is rooted, it can’t switch out."
"275","17","The user lays roots that restore its HP on every turn. Because it’s rooted, it can’t switch out."
"275","24","The user lays roots that restore its HP on every turn. Because it's rooted, it can't switch out."
"275","25","The user lays roots that restore its own HP every turn. Because the user is now rooted, it can't switch out."
"276","5","Boosts strength sharply, but lowers abilities."
"276","7","A powerful attack, but it also lowers the user’s ATTACK and DEFENSE stats."
"276","8","The user attacks the foe with great power. However, it also lowers the user’s Attack and Defense."
"276","11","The user attacks the target with great power. However, it also lowers the user’s Attack and Defense."
"276","15","The user attacks the target with great power. However, this also lowers the user’s Attack and Defense stats."
"276","24","The user attacks the target with great power. However, this also lowers the user's Attack and Defense stats."
"276","25","The user attacks the target with great power. This also lowers the user's Attack and Defense stats."
"277","5","Reflects special effects back to the attacker."
"277","7","Reflects back the foe’s LEECH SEED and any statusdamaging move."
"277","8","A barrier reflects back to the foe moves like Leech Seed and moves that damage status."
"277","11","A barrier reflects back to the target moves like Leech Seed and moves that damage status."
"277","20","Moves like Leech Seed and moves that inflict status conditions are blocked by a barrier and reflected back to the user of those moves."
"278","5","Recycles a used item for one more use."
"278","7","A move that recycles a used item for use once more."
"278","8","The user recycles a single-use item that has been used in battle so it can be used again."
"278","10","The user recycles a held item that has been used in battle so it can be used again."
"279","5","An attack that gains power if injured by the foe."
"279","7","An attack move that gains in intensity if the target has hurt the user."
"279","8","An attack move that inflicts double the damage if the user has been hurt by the foe in the same turn."
"279","11","An attack move that inflicts double the damage if the user has been hurt by the opponent in the same turn."
"279","17","This attack move’s power is doubled if the user has been hurt by the opponent in the same turn."
"280","5","Destroys barriers such as REFLECT and causes damage."
"280","7","An attack that also breaks any barrier like LIGHT SCREEN and REFLECT."
"280","8","The user attacks with tough fists, etc. It can also break any barrier such as Light Screen and Reflect."
"280","11","The user attacks with a swift chop. It can also break any barrier such as Light Screen and Reflect."
"280","15","The user attacks with a swift chop. It can also break barriers, such as Light Screen and Reflect."
"280","25","The user attacks with a swift chop. This move can also break barriers, such as Light Screen and Reflect."
"281","5","Lulls the foe into yawning, then sleeping next turn."
"281","7","A huge yawn lulls the foe into falling asleep on the next turn."
"281","8","The user lets loose a huge yawn that lulls the foe into falling asleep on the next turn."
"281","11","The user lets loose a huge yawn that lulls the target into falling asleep on the next turn."
"282","5","Knocks down the foe’s held item to prevent its use."
"282","7","Knocks down the foe’s held item to prevent its use during the battle."
"282","8","The user slaps down the foe’s held item, preventing the item from being used during the battle."
"282","11","The user slaps down the target’s held item, preventing that item from being used in the battle."
"282","15","The user slaps down the target’s held item, and that item can’t be used in that battle. The move does more damage if the target has a held item."
"282","24","The user slaps down the target's held item, and that item can't be used in that battle. The move does more damage if the target has a held item."
"282","25","The user slaps down the target's held item, making it unusable for that battle. This move does more damage if the target has a held item."
"283","5","Gains power if the user’s HP is lower than the foe’s HP."
"283","7","Gains power the fewer HP the user has compared with the foe."
"283","8","An attack move that cuts down the foe’s HP to equal the user’s HP."
"283","11","An attack move that cuts down the target’s HP to equal the user’s HP."
"283","17","This attack move cuts down the target’s HP to equal the user’s HP."
"283","24","This attack move cuts down the target's HP to equal the user's HP."
"283","25","The user inflicts damage by cutting down the target's HP to roughly equal the user's HP."
"284","5","The higher the user’s HP, the more damage caused."
"284","7","The higher the user’s HP, the more powerful this attack becomes."
"284","8","The user attacks in an explosive fury. The lower the user’s HP, the less powerful this attack becomes."
"284","11","The user attacks the opposing team with explosive fury. The lower the user’s HP, the less powerful this attack becomes."
"284","15","The user attacks opposing Pokémon with explosive fury. The lower the user’s HP, the lower the move’s power."
"284","24","The user attacks opposing Pokémon with explosive fury. The lower the user's HP, the lower the move's power."
"285","5","The user swaps special abilities with the target."
"285","7","The user employs its psychic power to swap abilities with the foe."
"285","8","The user employs its psychic power to exchange abilities with the foe."
"285","11","The user employs its psychic power to exchange Abilities with the target."
"286","5","Prevents foes from using moves known by the user."
"286","7","Prevents foes from using any move that is also known by the user."
"286","8","If the foe knows any move also known by the user, the foe is prevented from using it."
"286","11","If the opponents know any move also known by the user, the opponents are prevented from using it."
"286","15","If opposing Pokémon know any move also known by the user, they are prevented from using it."
"287","5","Heals poisoning, paralysis, or a burn."
"287","7","A self-healing move that cures the user of a poisoning, burn, or paralysis."
"287","8","The user rests to cure itself of a poisoning, burn, or paralysis."
"287","17","The user rests to cure itself of poisoning, a burn, or paralysis."
"287","20","This move can’t be used. It’s recommended that this move is forgotten. Once forgotten, this move can’t be remembered."
"288","5","If the user faints, deletes the PP of the final move."
"288","6","If the user faints, deletes all PP of foe’s last move."
"288","7","If the user faints, this move deletes the PP of the move that finished it."
"288","8","If the user faints, the user’s grudge fully depletes the PP of the foe’s move that knocked it out."
"288","11","If the user faints, the user’s grudge fully depletes the PP of the opponent’s move that knocked it out."
"289","5","Steals the effects of the move the foe uses next."
"289","6","Steals the effects of the move the target uses next."
"289","7","Steals the effects of the foe’s healing or statuschanging move."
"289","8","The user steals the effects of any healing or statuschanging move the foe attempts to use."
"289","9","The user steals the effects of any healing or statchanging move the foe attempts to use."
"289","11","The user steals the effects of any healing or stat-changing move the opponent attempts to use."
"289","15","The user steals the effects of any attempts to use a healing or stat-changing move."
"289","20","This move can’t be used. It’s recommended that this move is forgotten. Once forgotten, this move can’t be remembered."
"290","5","An attack with effects that vary by location."
"290","7","An attack that may have an additional effect that varies with the terrain."
"290","8","The user attacks with a secret power. Its added effects vary depending on the user’s environment."
"290","11","The user attacks the target with a secret power. Its added effects vary depending on the user’s environment."
"290","15","The user attacks the target with a secret power. Its additional effects vary depending on the user’s environment."
"290","16","An attack whose additional effects depend upon where it was used. Can also be used to make a Secret Base."
"290","17","The additional effects of this attack depend upon where it was used."
"290","20","This move can’t be used. It’s recommended that this move is forgotten. Once forgotten, this move can’t be remembered."
"291","5","Dives underwater the first turn and strikes next turn."
"291","7","The user dives underwater on the first turn and strikes next turn."
"291","8","A two-turn attack. The user dives underwater on the first turn, then hits on the next turn."
"291","11","Diving on the first turn, the user floats up and attacks on the second turn. It can be used to dive deep in the ocean."
"291","15","Diving on the first turn, the user floats up and attacks on the next turn."
"291","16","Diving on the first turn, the user floats up and attacks on the next turn. It can be used to dive deep in the ocean."
"291","25","The user dives on the first turn, then floats up and attacks on the next turn."
"292","5","Straight-arm punches that strike the foe 2 to 5 times."
"292","7","A quick flurry of straight-arm punches that hit two to five times."
"292","8","The user looses a flurry of open-palmed arm thrusts that hit two to five times in a row."
"292","15","The user lets loose a flurry of open-palmed arm thrusts that hit two to five times in a row."
"292","25","The user attacks the target with open-palmed arm thrusts. This move hits two to five times in a row."
"293","5","Alters the POKéMON’s type depending on the location."
"293","7","Alters the user’s type depending on the location’s terrain."
"293","8","The user’s type is changed depending on its environment, such as at water’s edge, in grass, or in a cave."
"293","20","This move can’t be used. It’s recommended that this move is forgotten. Once forgotten, this move can’t be remembered."
"294","5","Flashes a light that sharply raises SP. ATK."
"294","7","The user flashes a light that sharply raises its SP. ATK stat."
"294","8","The user stares at flashing lights to focus its mind, sharply raising its Sp. Atk stat."
"294","11","The user stares at flashing lights to focus its mind, drastically raising its Sp. Atk stat."
"294","20","This move can’t be used. It’s recommended that this move is forgotten. Once forgotten, this move can’t be remembered."
"294","25","This move can't be used. It's recommended that this move is forgotten. Once forgotten, this move can't be remembered."
"294","26","The user stares at flashing lights to focus its mind, drastically boosting its Sp. Atk stat."
"295","5","Attacks with a burst of light. May lower SP. DEF."
"295","7","A burst of light injures the foe. It may also lower the foe’s SP. DEF."
"295","8","The user looses a damaging burst of light. It may also reduce the target’s Sp. Def stat."
"295","11","The user lets loose a damaging burst of light. It may also reduce the target’s Sp. Def stat."
"295","15","The user lets loose a damaging burst of light. This may also lower the target’s Sp. Def stat."
"295","24","The user lets loose a damaging burst of light. This may also lower the target's Sp. Def stat."
"296","5","Attacks with a flurry of down. May lower SP. ATK."
"296","7","A flurry of down hits the foe. It may also lower the foe’s SP. ATK."
"296","8","A mistlike flurry of down envelops and damages the foe. It may also lower the target’s Sp. Atk."
"296","11","A mistlike flurry of down envelops and damages the target. It may also lower the target’s Sp. Atk."
"296","15","A mist-like flurry of down envelops and damages the target. This may also lower the target’s Sp. Atk stat."
"296","24","A mist-like flurry of down envelops and damages the target. This may also lower the target's Sp. Atk stat."
"297","5","Envelops the foe with down to sharply reduce ATTACK."
"297","7","The foe is covered with a mass of down that sharply cuts the ATTACK stat."
"297","8","The user covers the foe with a mass of down that sharply lowers the Attack stat."
"297","11","The user covers the target’s body with a mass of down that harshly lowers its Attack stat."
"297","24","The user covers the target's body with a mass of down that harshly lowers its Attack stat."
"298","5","Confuses all POKéMON on the scene."
"298","7","A wobbly dance that confuses all the POKéMON in battle."
"298","8","The user performs a wobbly dance that confuses all the Pokémon in battle."
"298","11","The user performs a wobbly dance that confuses the Pokémon around it."
"298","25","The user performs a wobbly dance that confuses every Pokémon around it."
"299","5","A kick with a high criticalhit ratio. May cause a burn."
"299","7","A fiery kick with a high critical-hit ratio. It may also burn the foe."
"299","8","The user launches a kick with a high critical-hit ratio. It may also leave the target with a burn."
"299","11","The user launches a kick that lands a critical hit more easily. It may also leave the target with a burn."
"299","15","The user launches a kick that lands a critical hit more easily. This may also leave the target with a burn."
"299","25","The user launches a kick that has a heightened chance of landing a critical hit. This may also leave the target with a burn."
"300","5","Covers the user in mud to raise electrical resistance."
"300","7","Weakens ELECTRICtype attacks while the user is in the battle."
"300","8","The user covers itself with mud. It weakens Electrictype moves while the user is in the battle."
"300","11","The user covers itself with mud. It weakens Electric-type moves while the user is in the battle."
"300","15","The user covers itself with mud. This weakens Electric-type moves for five turns."
"300","17","The user kicks up mud on the battlefield. This weakens Electric-type moves for five turns."
"300","20","This move can’t be used. It’s recommended that this move is forgotten. Once forgotten, this move can’t be remembered."
"301","5","A 5-turn attack that gains power on successive hits."
"301","7","A 5-turn rolling attack that becomes stronger each time it rolls."
"301","8","The user continually rolls into the foe over five turns. It becomes stronger each time it hits."
"301","11","The user continually rolls into the target over five turns. It becomes stronger each time it hits."
"301","17","The user attacks the target for five turns. The move’s power increases each time it hits."
"301","20","This move can’t be used. It’s recommended that this move is forgotten. Once forgotten, this move can’t be remembered."
"302","5","Attacks with thorny arms. May cause flinching."
"302","7","An attack using thorny arms. It may make the foe flinch."
"302","8","The user attacks by wildly swinging its thorny arms. It may also make the target flinch."
"302","15","The user attacks by wildly swinging its thorny arms. This may also make the target flinch."
"302","20","This move can’t be used. It’s recommended that this move is forgotten. Once forgotten, this move can’t be remembered."
"303","5","Slacks off and restores half the maximum HP."
"303","7","The user slacks off and restores its HP by half its full HP."
"303","8","The user slacks off, restoring its own HP by up to half of its maximum HP."
"303","15","The user slacks off, restoring its own HP by up to half of its max HP."
"303","25","The user slacks off, restoring its own HP by up to half its max HP."
"304","5","A loud attack that uses sound waves to injure."
"304","7","The user lets loose a horribly loud shout with the power to damage."
"304","8","The user lets loose a horribly echoing shout with the power to inflict damage."
"304","25","The user attacks by letting loose a horribly loud, resounding cry."
"305","5","A sharp-fanged attack. May badly poison the foe."
"305","7","The foe is bitten with toxic fangs. It may also badly poison the foe."
"305","8","The user bites the foe with toxic fangs. It may also leave the foe badly poisoned."
"305","11","The user bites the target with toxic fangs. It may also leave the target badly poisoned."
"305","15","The user bites the target with toxic fangs. This may also leave the target badly poisoned."
"306","5","Tears at the foe with sharp claws. May lower DEFENSE."
"306","7","The foe is attacked with sharp claws. It may also lower the foe’s DEFENSE."
"306","8","The user slashes the foe with hard and sharp claws. It may also lower the target’s Defense."
"306","11","The user slashes the target with hard and sharp claws. It may also lower the target’s Defense."
"306","15","The user slashes the target with hard and sharp claws. This may also lower the target’s Defense stat."
"306","24","The user slashes the target with hard and sharp claws. This may also lower the target's Defense stat."
"307","5","Powerful, but leaves the user immobile the next turn."
"307","7","The foe is hit with a huge explosion. The user can’t move on the next turn."
"307","8","The foe is razed by a fiery explosion. The user must rest on the next turn, however."
"307","11","The target is razed by a fiery explosion. The user must rest on the next turn, however."
"307","15","The target is razed by a fiery explosion. The user can’t move on the next turn."
"307","25","The target is razed by a fiery explosion. The user can't move on the next turn."
"308","5","Powerful, but leaves the user immobile the next turn."
"308","7","The foe is hit with a watery cannon. The user can’t move on the next turn."
"308","8","The foe is hit with a watery blast. The user must rest on the next turn, however."
"308","11","The target is hit with a watery blast. The user must rest on the next turn, however."
"308","15","The target is hit with a watery blast. The user can’t move on the next turn."
"308","25","The target is hit with a watery blast. The user can't move on the next turn."
"309","5","Fires a meteor-like punch. May raise ATTACK."
"309","7","The foe is hit with a hard, fast punch. It may also raise the user’s ATTACK."
"309","8","The foe is hit with a hard punch fired like a meteor. It may also raise the user’s Attack."
"309","11","The target is hit with a hard punch fired like a meteor. It may also raise the user’s Attack."
"309","15","The target is hit with a hard punch fired like a meteor. This may also raise the user’s Attack stat."
"309","24","The target is hit with a hard punch fired like a meteor. This may also raise the user's Attack stat."
"309","25","The target is hit with a hard punch fired like a meteor. This may also boost the user’s Attack stat."
"310","5","An attack that may shock the foe into flinching."
"310","7","An attack using a startling shout. It also may make the foe flinch."
"310","8","The user attacks the foe while shouting in a startling fashion. It may also make the target flinch."
"310","11","The user attacks the target while shouting in a startling fashion. It may also make the target flinch."
"310","15","The user attacks the target while shouting in a startling fashion. This may also make the target flinch."
"310","24","The user attacks the target while crying out in a startling fashion."
"310","25","The user attacks the target by crying out in a startling fashion. This may also make the target flinch."
"311","5","The move’s type and power change with the weather."
"311","7","An attack that varies in power and type depending on the weather."
"311","8","An attack move that varies in power and type depending on the weather."
"311","17","This attack move varies in power and type depending on the weather."
"311","25","This move's type and power change depending on the weather at the time the move is used."
"312","5","Heals all status problems with a soothing scent."
"312","7","A soothing scent is released to heal all status problems in the user’s party."
"312","8","The user releases a soothing scent that heals all status problems affecting the user’s party."
"312","15","The user releases a soothing scent that heals all status conditions affecting the user’s party."
"312","24","The user releases a soothing scent that heals all status conditions affecting the user's party."
"312","25","This move can't be used. It's recommended that this move is forgotten. Once forgotten, this move can't be remembered."
"313","5","Feigns crying to sharply lower the foe’s SP. DEF."
"313","7","The user feigns crying to sharply lower the foe’s SP. DEF stat."
"313","8","The user feigns crying to make the foe feel flustered, sharply lowering its Sp. Def stat."
"313","11","The user feigns crying to fluster the target, harshly lowering its Sp. Def stat."
"313","25","The user feigns crying to fluster the target. This harshly lowers the target's Sp. Def stat."
"314","5","Hacks with razorlike wind. High critical-hit ratio."
"314","7","The foe is hit with razor-like wind. It has a high critical-hit ratio."
"314","8","The user launches razorlike wind to slash the foe. It has a high critical-hit ratio."
"314","11","The user launches razor-like wind to slash the opposing team. Critical hits land more easily."
"314","15","The user launches razor-like wind to slash the opposing Pokémon. Critical hits land more easily."
"314","20","The user launches razor-like wind to slash opposing Pokémon. Critical hits land more easily."
"314","24","The user launches razor-like wind to slash the target. This move has a heightened chance of landing a critical hit."
"314","25","The user launches razor-like wind to slash opposing Pokémon. This move has a heightened chance of landing a critical hit."
"315","5","Allows a full-power attack, but sharply lowers SP. ATK."
"315","7","An intense attack that also sharply reduces the user’s SP. ATK stat."
"315","8","The user attacks the foe at full power. The attack’s recoil sharply reduces the user’s Sp. Atk stat."
"315","11","The user attacks the target at full power. The attack’s recoil harshly reduces the user’s Sp. Atk stat."
"315","15","The user attacks the target at full power. The attack’s recoil harshly lowers the user’s Sp. Atk stat."
"315","24","The user attacks the target at full power. The recoil from this move lowers the user’s offensive stats."
"315","25","The user attacks the target with all its might. The recoil from this move harshly lowers the user's Sp. Atk stat."
"316","5","Negates the foe’s efforts to heighten evasiveness."
"316","7","Completely negates the foe’s efforts to heighten its ability to evade."
"316","8","Enables the user to hit a Ghost type with any type of move. It also enables the user to hit an evasive foe."
"316","11","Enables a Ghost-type target to be hit with Normal- and Fighting-type attacks. It also enables an evasive target to be hit."
"316","15","Enables a Ghost-type target to be hit by Normal- and Fighting-type attacks. This also enables an evasive target to be hit."
"316","17","Enables a Ghost-type target to be hit by Normaland Fighting-type attacks. This also enables an evasive target to be hit."
"316","20","This move can’t be used. It’s recommended that this move is forgotten. Once forgotten, this move can’t be remembered."
"317","5","Stops the foe from moving with rocks and cuts SPEED."
"317","7","Boulders are hurled at the foe. It also lowers the foe’s SPEED if it hits."
"317","8","Boulders are hurled at the foe. It also lowers the foe’s Speed by preventing its movement."
"317","11","Boulders are hurled at the target. It also lowers the target’s Speed by preventing its movement."
"317","15","Boulders are hurled at the target. This also lowers the target’s Speed stat by preventing its movement."
"317","24","Boulders are hurled at the target. This also lowers the target's Speed stat by preventing its movement."
"317","25","The user hurls boulders at the target to inflict damage. This also lowers the target's Speed stat by cutting off its movement."
"318","5","A powdery attack that may raise abilities."
"318","7","The foe is attacked with a silver dust. It may raise all the user’s stats."
"318","8","The foe is attacked with powdery scales blown by wind. It may also raise all the user’s stats."
"318","11","The target is attacked with powdery scales blown by wind. It may also raise all the user’s stats."
"318","15","The target is attacked with powdery scales blown by wind. This may also raise all the user’s stats."
"318","17","The target is attacked with powdery scales blown by the wind. This may also raise all the user’s stats."
"318","20","This move can’t be used. It’s recommended that this move is forgotten. Once forgotten, this move can’t be remembered."
"319","5","Emits a horrible screech that sharply lowers SP. DEF."
"319","7","A horrible metallic screech is used to sharply lower the foe’s SP. DEF."
"319","8","A horrible sound like scraping metal is emitted to sharply reduce the foe’s Sp. Def stat."
"319","11","A horrible sound like scraping metal harshly reduces the target’s Sp. Def stat."
"319","15","A horrible sound like scraping metal harshly lowers the target’s Sp. Def stat."
"319","24","A horrible sound like scraping metal harshly lowers the target's Sp. Def stat."
"320","5","Lulls the foe into sleep with a pleasant melody."
"320","7","A pleasant melody is played to lull the foe into a deep sleep."
"320","8","The user plays a pleasant melody that lulls the foe into a deep sleep."
"320","11","The user plays a pleasant melody that lulls the target into a deep sleep."
"320","20","This move can’t be used. It’s recommended that this move is forgotten. Once forgotten, this move can’t be remembered."
"321","5","Makes the foe laugh to lower ATTACK and DEFENSE."
"321","7","The foe is made to laugh, reducing its ATTACK and DEFENSE stats."
"321","8","The user tickles the foe into laughing, reducing its Attack and Defense stats."
"321","11","The user tickles the target into laughing, reducing its Attack and Defense stats."
"321","25","The user tickles the target into laughing, lowering its Attack and Defense stats."
"322","5","Raises DEFENSE and SP. DEF with a mystic power."
"322","7","The user absorbs a mystic power to raise its DEFENSE and SP. DEF."
"322","8","The user absorbs a mystical power from space to raise its Defense and Sp. Def stats."
"322","25","The user absorbs a mystical power from space to boost its Defense and Sp. Def stats."
"323","5","Inflicts more damage if the user’s HP is high."
"323","7","The higher the user’s HP, the more powerful this attack becomes."
"323","8","The user spouts water to damage the foe. The lower the user’s HP, the less powerful it becomes."
"323","11","The user spouts water to damage the opposing team. The lower the user’s HP, the less powerful it becomes."
"323","15","The user spouts water to damage opposing Pokémon. The lower the user’s HP, the lower the move’s power."
"323","24","The user spouts water to damage opposing Pokémon. The lower the user's HP, the lower the move's power."
"324","5","A strange beam attack that may confuse the foe."
"324","7","The foe is hit with a flashing beam that may also cause confusion."
"324","8","The user attacks with a sinister beam of light. It may also confuse the target."
"324","15","The user attacks with a sinister beam of light. This may also confuse the target."
"324","20","This move can’t be used. It’s recommended that this move is forgotten. Once forgotten, this move can’t be remembered."
"325","5","An unavoidable punch that is thrown from shadows."
"325","7","The user throws a punch from the shadows. It cannot be evaded."
"325","8","The user throws a punch at the foe from the shadows. The punch lands without fail."
"325","11","The user throws a punch from the shadows. The punch lands without fail."
"325","15","The user throws a punch from the shadows. This attack never misses."
"326","5","Attacks with a peculiar power. May cause flinching."
"326","7","The user attacks with an odd power that may make the foe flinch."
"326","8","The user attacks with an odd, unseeable power. It may also make the foe flinch."
"326","11","The user attacks with an odd, unseeable power. It may also make the target flinch."
"326","15","The user attacks with an odd, unseeable power. This may also make the target flinch."
"326","24","The user attacks with an odd, unseeable power."
"327","5","An uppercut thrown as if leaping into the sky."
"327","7","The user attacks with an uppercut thrown skywards with force."
"327","8","The user attacks the foe with an uppercut thrown skyward with force."
"327","11","The user attacks the target with an uppercut thrown skyward with force."
"327","20","This move can’t be used. It’s recommended that this move is forgotten. Once forgotten, this move can’t be remembered."
"328","5","Traps and hurts the foe in quicksand for 2 to 5 turns."
"328","7","The foe is trapped inside a painful sandstorm for two to five turns."
"328","8","The user traps the foe inside a harshly raging sandstorm for two to five turns."
"328","11","The user traps the target inside a harshly raging sandstorm for four to five turns."
"328","25","The user traps the target inside a harshly raging sandstorm that inflicts damage for four to five turns."
"329","5","A chilling attack that causes fainting if it hits."
"329","7","The foe is attacked with ultimate cold that causes fainting if it hits."
"329","8","The foe is attacked with a blast of absolute-zero cold. The foe instantly faints if it hits."
"329","11","The target is attacked with a blast of absolute-zero cold. The target instantly faints if it hits."
"329","15","The target is attacked with a blast of absolute-zero cold. The target faints instantly if this attack hits."
"329","17","The target faints instantly. It’s less likely to hit the target if it’s used by Pokémon other than Ice types."
"329","25","The target faints instantly. This move is less likely to hit the target if used by Pokémon other than Ice types."
"330","5","Attacks with muddy water. May lower accuracy."
"330","7","The user attacks with muddy water. It may also lower the foe’s accuracy."
"330","8","The user attacks by shooting out muddy water. It may also lower the foe’s accuracy."
"330","11","The user attacks by shooting muddy water at the opposing team. It may also lower the targets’ accuracy."
"330","15","The user attacks by shooting muddy water at the opposing Pokémon. This may also lower their accuracy."
"330","20","The user attacks by shooting muddy water at opposing Pokémon. This may also lower their accuracy."
"331","5","Shoots 2 to 5 seeds in a row to strike the foe."
"331","7","The user shoots seeds at the foe. Two to five seeds are shot at once."
"331","8","The user forcefully shoots seeds at the foe. Two to five seeds are shot in rapid succession."
"331","11","The user forcefully shoots seeds at the target. Two to five seeds are shot in rapid succession."
"331","15","The user forcefully shoots seeds at the target two to five times in a row."
"331","25","The user attacks by forcefully shooting seeds at the target. This move hits two to five times in a row."
"332","5","An extremely speedy and unavoidable attack."
"332","7","An extremely fast attack against one target. It can’t be evaded."
"332","8","The user confounds the foe with speed, then slashes. The attack lands without fail."
"332","11","The user confounds the target with speed, then slashes. The attack lands without fail."
"332","15","The user confounds the target with speed, then slashes. This attack never misses."
"333","5","Attacks the foe by firing 2 to 5 icicles in a row."
"333","7","Sharp icicles are fired at the foe. It strikes two to five times."
"333","8","The user launches sharp icicles at the foe. It strikes two to five times in a row."
"333","11","The user launches sharp icicles at the target. It strikes two to five times in a row."
"333","15","The user launches sharp icicles at the target two to five times in a row."
"333","25","The user attacks by launching sharp icicles at the target. This move hits two to five times in a row."
"334","5","Hardens the body’s surface to sharply raise DEFENSE."
"334","7","The user hardens its body’s surface to sharply raise its DEFENSE stat."
"334","8","The user hardens its body’s surface like iron, sharply raising its Defense stat."
"334","24","The user hardens its body's surface like iron, raising its defensive stats."
"334","25","The user hardens its body's surface like iron, sharply boosting its Defense stat."
"335","5","Blocks the foe’s way to prevent escape."
"335","7","The user blocks the foe’s way with arms spread wide to prevent escape."
"335","11","The user blocks the target’s way with arms spread wide to prevent escape."
"335","24","The user blocks the target's way with arms spread wide to prevent escape."
"335","25","The user blocks the target's way with arms spread wide to prevent the target from fleeing."
"336","5","Howls to raise the spirit and boosts ATTACK."
"336","7","The user howls to raise its spirit and boost its ATTACK stat."
"336","8","The user howls loudly to raise its spirit, boosting its Attack stat."
"336","15","The user howls loudly to raise its spirit, which raises its Attack stat."
"336","20","The user howls loudly to raise the spirit of itself and allies. This raises their Attack stats."
"336","25","The user howls loudly to rouse itself and its allies. This boosts their Attack stats."
"337","5","Slashes the foe with sharp claws."
"337","7","Sharp, huge claws hook and slash the foe quickly and with great power."
"337","8","The user slashes the foe with huge, sharp claws."
"337","11","The user slashes the target with huge, sharp claws."
"337","17","The user slashes the target with huge sharp claws."
"337","24","The user slashes the target with huge, sharp claws. This move has a heightened chance of landing a critical hit."
"337","25","The user slashes the target with huge, sharp claws to inflict damage."
"338","5","Powerful, but leaves the user immobile the next turn."
"338","7","The foe is hit with an enormous branch. The user can’t move on the next turn."
"338","8","The foe is slammed with an enormous tree. The user can’t move on the next turn."
"338","11","The user slams the target with an enormous tree. The user can’t move on the next turn."
"338","20","The user slams the target with the roots of an enormous tree. The user can’t move on the next turn."
"338","24","The user slams the target with the roots of an enormous tree. The user can't move on the next turn."
"339","5","Bulks up the body to boost both ATTACK and DEFENSE."
"339","7","The user bulks up its body to boost both its ATTACK and DEFENSE stats."
"339","8","The user tenses its muscles to bulk up its body, boosting both its Attack and Defense stats."
"339","15","The user tenses its muscles to bulk up its body, raising both its Attack and Defense stats."
"339","24","The user tenses its muscles to bulk up its body, raising its offensive and defensive stats."
"339","25","The user tenses its muscles to bulk up its body, boosting its Attack and Defense stats."
"340","5","Bounces up, then down the next turn. May paralyze."
"340","7","The user bounces on the foe on the 2nd turn. It may paralyze the foe."
"340","8","The user bounces up high, then drops on the foe on the second turn. It may also paralyze the foe."
"340","11","The user bounces up high, then drops on the target on the second turn. It may also leave the target with paralysis."
"340","15","The user bounces up high, then drops on the target on the second turn. This may also leave the target with paralysis."
"340","25","The user bounces up high on the first turn, then drops onto the target on the next turn. This may also leave the target with paralysis."
"341","5","Hurls mud at the foe and reduces SPEED."
"341","7","The user attacks by hurling mud. It also reduces the foe’s SPEED."
"341","8","The user attacks by hurling a blob of mud at the foe. It also reduces the target’s Speed."
"341","11","The user attacks by hurling a blob of mud at the target. It also reduces the target’s Speed."
"341","15","The user attacks by hurling a blob of mud at the target. This also lowers the target’s Speed stat."
"341","24","The user attacks by hurling a blob of mud at the target. This also lowers the target's Speed stat."
"342","5","Has a high critical-hit ratio. May also poison."
"342","7","An attack with a high critical-hit ratio. It may also poison the foe."
"342","8","An attack with a high critical-hit ratio. This tail attack may also poison the foe."
"342","11","The user hits the target with its tail. It may also poison the target. Critical hits land more easily."
"342","15","The user hits the target with its tail. This may also poison the target. Critical hits land more easily."
"342","25","The user hits the target with its tail. This move has a heightened chance of landing a critical hit and may also poison the target."
"343","5","Cutely begs to obtain an item held by the foe."
"343","7","A cutely executed attack that also steals the foe’s hold item."
"343","8","The user endearingly approaches the foe, then steals the item the foe is holding."
"343","11","The user endearingly approaches the target, then steals the target’s held item."
"343","24","The user endearingly approaches the target, then steals the target's held item."
"344","5","A life-risking tackle that slightly hurts the user."
"344","7","The user throws an electrified tackle. It hurts the user a little."
"344","8","The user electrifies itself, then charges at the foe. It causes considerable damage to the user as well."
"344","11","The user electrifies itself, then charges. It causes considerable damage to the user and may leave the target with paralysis."
"344","15","The user electrifies itself, then charges. This also damages the user quite a lot. This may leave the target with paralysis."
"344","17","The user electrifies itself and charges the target. This also damages the user quite a lot. This attack may leave the target with paralysis."
"345","5","Attacks with a strange leaf that cannot be evaded."
"345","7","The foe is attacked with a strange leaf that cannot be evaded."
"345","8","The user scatters curious leaves that chase the foe. This attack will not miss."
"345","11","The user scatters curious leaves that chase the target. This attack will not miss."
"345","15","The user scatters curious leaves that chase the target. This attack never misses."
"346","5","The user becomes soaked to raise resistance to fire."
"346","7","Weakens FIRE-type attacks while the user is in the battle."
"346","8","The user soaks itself with water. The move weakens Fire-type moves while the user is in the battle."
"346","15","The user soaks itself with water. This weakens Fire-type moves for five turns."
"346","17","The user soaks the battlefield with water. This weakens Fire-type moves for five turns."
"346","20","This move can’t be used. It’s recommended that this move is forgotten. Once forgotten, this move can’t be remembered."
"347","5","Raises SP. ATK and SP. DEF by focusing the mind."
"347","7","The user focuses its mind to raise the SP. ATK and SP. DEF stats."
"347","8","The user quietly focuses its mind and calms its spirit to raise its Sp. Atk and Sp. Def stats."
"347","24","The user quietly focuses its mind and calms its spirit to raise its offensive and defensive stats."
"347","25","The user quietly focuses its mind and calms its spirit to boost its Sp. Atk and Sp. Def stats."
"348","5","Slashes with a sharp leaf. High critical-hit ratio."
"348","7","The foe is slashed with a sharp leaf. It has a high critical-hit ratio."
"348","11","The user handles a sharp leaf like a sword and attacks by cutting its target. Critical hits land more easily."
"348","24","The user handles a sharp leaf like a sword and attacks by cutting its target. This move has a heightened chance of landing a critical hit."
"348","25","The user handles a sharp leaf like a sword and cuts the target to inflict damage. This move has a heightened chance of landing a critical hit."
"349","5","A mystical dance that ups ATTACK and SPEED."
"349","7","A mystic, powerful dance that boosts the user’s ATTACK and SPEED stats."
"349","8","The user vigorously performs a mystic, powerful dance that boosts its Attack and Speed stats."
"349","15","The user vigorously performs a mystic, powerful dance that raises its Attack and Speed stats."
"350","5","Hurls boulders at the foe 2 to 5 times in a row."
"350","7","The user hurls two to five hard rocks at the foe to attack."
"350","8","The user hurls hard rocks at the foe. Two to five rocks are launched in quick succession."
"350","11","The user hurls hard rocks at the target. Two to five rocks are launched in quick succession."
"350","15","The user hurls hard rocks at the target. Two to five rocks are launched in a row."
"350","25","The user attacks by hurling hard rocks at the target. This move hits two to five times in a row."
"351","5","A fast and unavoidable electric attack."
"351","7","A rapid jolt of electricity strikes the foe. It can’t be evaded."
"351","8","The user strikes the foe with a quick jolt of electricity. This attack cannot be evaded."
"351","11","The user strikes the target with a quick jolt of electricity. This attack cannot be evaded."
"351","15","The user strikes the target with a quick jolt of electricity. This attack never misses."
"352","5","Attacks with ultrasonic waves. May confuse the foe"
"352","6","Attacks with ultrasonic waves. May confuse the foe."
"352","7","An attack with a pulsing blast of water. It may also confuse the foe."
"352","8","The user attacks the foe with a pulsing blast of water. It may also confuse the foe."
"352","11","The user attacks the target with a pulsing blast of water. It may also confuse the target."
"352","15","The user attacks the target with a pulsing blast of water. This may also confuse the target."
"352","24","The user attacks the target with a pulsing blast of water. This attack never misses."
"353","5","Summons strong sunlight to attack 2 turns later."
"353","7","A move that attacks the foe with a blast of light two turns after use."
"353","8","Two turns after this move is used, the user blasts the foe with a concentrated bundle of light."
"353","11","Two turns after this move is used, the user blasts the target with a concentrated bundle of light."
"353","17","Two turns after this move is used, a concentrated bundle of light blasts the target."
"353","25","This move can't be used. It's recommended that this move is forgotten. Once forgotten, this move can't be remembered."
"354","5","Allows a full-power attack, but sharply lowers SP. ATK."
"354","7","An intense attack that also sharply reduces the user’s SP. ATK stat."
"354","8","The user attacks the foe at full power. The attack’s recoil sharply reduces the user’s Sp. Atk stat."
"354","11","The user attacks the target at full power. The attack’s recoil harshly reduces the user’s Sp. Atk stat."
"354","15","The user attacks the target at full power. The attack’s recoil harshly lowers the user’s Sp. Atk stat."
"354","20","This move can’t be used. It’s recommended that this move is forgotten. Once forgotten, this move can’t be remembered."
"354","24","The user attacks the target at full power. The attack's recoil harshly lowers the user's Sp. Atk stat."
"354","25","This move can't be used. It's recommended that this move is forgotten. Once forgotten, this move can't be remembered."
"354","27","The user attacks the target with all its might. The recoil from this move harshly lowers the user's Sp. Atk stat."
"355","8","The user lands and rests its body. It restores the user’s HP by up to half of its max HP."
"355","19","The user lands and rests its body. This move restores the user’s HP by up to half of its max HP."
"355","24","The user lands and rests its body. This move restores the user's HP."
"355","25","The user lands and rests its body. This move restores the user's HP by up to half its max HP."
"356","8","Gravity is intensified for five turns, making moves involving flying unusable and negating Levitation."
"356","11","Gravity is intensified for five turns, making moves involving flying unusable and negating Levitate."
"356","17","Enables Flying-type Pokémon or Pokémon with the Levitate Ability to be hit by Ground-type moves. Flying moves can’t be used."
"356","20","This move enables Flying-type Pokémon or Pokémon with the Levitate Ability to be hit by Ground-type moves. Moves that involve flying can’t be used."
"356","24","This move enables Flying-type Pokémon or Pokémon with the Levitate Ability to be hit by Ground-type moves. Moves that involve flying can't be used."
"356","25","Enables Flying types or Pokémon with the Levitate Ability to be hit by Ground-type moves for five turns. Moves that involve flying can't be used."
"357","8","Enables the user to hit a Ghost type with any type of move. It also enables the user to hit an evasive foe."
"357","9","Enables the user to hit a Dark type with any type of move. It also enables the user to hit an evasive foe."
"357","11","Enables a Dark-type target to be hit by Psychic-type attacks. It also enables an evasive target to be hit."
"357","15","Enables a Dark-type target to be hit by Psychic-type attacks. This also enables an evasive target to be hit."
"357","20","This move can’t be used. It’s recommended that this move is forgotten. Once forgotten, this move can’t be remembered."
"358","8","This attack inflicts high damage on a sleeping foe. It also wakes the foe up, however."
"358","11","This attack inflicts big damage on a sleeping target. It also wakes the target up, however."
"358","15","This attack inflicts big damage on a sleeping target. This also wakes the target up, however."
"358","20","This move can’t be used. It’s recommended that this move is forgotten. Once forgotten, this move can’t be remembered."
"359","8","The user swings and hits with its strong and heavy fist. It lowers the user’s Speed, however."
"359","17","The user swings and hits with its strong, heavy fist. It lowers the user’s Speed, however."
"359","24","The user swings and hits with its strong, heavy fist. It lowers the user's Speed, however."
"359","25","The user swings its strong, heavy fist at the target to inflict damage. This also lowers the user's Speed stat."
"360","8","The user tackles the foe with a high-speed spin. The slower the user, the greater the damage."
"360","11","The user tackles the target with a high-speed spin. The slower the user, the greater the damage."
"360","15","The user tackles the target with a high-speed spin. The slower the user compared to the target, the greater the move’s power."
"360","24","The user tackles the target with a high-speed spin. The slower the user compared to the target, the greater the move's power."
"360","25","The user tackles the target with a high-speed spin. The slower the user is than the target, the greater the move's power."
"361","8","The user faints. In return, the Pokémon taking its place will have its HP restored and status cured."
"361","15","The user faints. In return, the Pokémon taking its place will have its HP restored and status conditions cured."
"362","8","If the foe’s HP is down to about half, this attack will hit with double the power."
"362","11","If the target’s HP is down to about half, this attack will hit with double the power."
"362","15","If the target’s HP is half or less, this attack will hit with double the power."
"362","24","If the target's HP is half or less, this attack will hit with double the power."
"362","25","This move's power is doubled if the target's HP is at half or less."
"363","8","The user draws power to attack by using its held Berry. The Berry determines its type and power."
"363","15","The user draws power to attack by using its held Berry. The Berry determines the move’s type and power."
"363","20","This move can’t be used. It’s recommended that this move is forgotten. Once forgotten, this move can’t be remembered."
"364","8","An attack that hits a foe using Protect or Detect. It also lifts the effects of those moves."
"364","11","An attack that hits a target using Protect or Detect. It also lifts the effects of those moves."
"364","15","An attack that hits a target using Protect or Detect. This also lifts the effects of those moves."
"364","17","This attack hits a target using a move such as Protect or Detect. This also lifts the effects of those moves."
"364","19","This attack hits a target using Protect. This also lifts the effects of the move."
"364","25","This attack can hit a target using a move such as Protect or Detect. This also lifts the effects of those moves."
"365","8","The user pecks the foe. If the foe is holding a Berry, the user plucks it and gains its effect."
"365","11","The user pecks the target. If the target is holding a Berry, the user eats it and gains its effect."
"365","25","The user attacks by pecking the target. If the target is holding a Berry, the user eats it and gains its effect."
"366","8","The user whips up a turbulent whirlwind that ups the Speed of all party Pokémon for three turns."
"366","11","The user whips up a turbulent whirlwind that ups the Speed of all party Pokémon for four turns."
"366","15","The user whips up a turbulent whirlwind that ups the Speed stat of the user and its allies for four turns."
"366","20","The user whips up a turbulent whirlwind that ups the Speed stats of the user and its allies for four turns."
"366","25","The user whips up a turbulent whirlwind that boosts the Speed stats of itself and its allies for four turns."
"367","8","The user applies pressure to stress points, sharply boosting one of its stats."
"367","15","The user applies pressure to stress points, sharply boosting one of its or its allies’ stats."
"367","24","The user applies pressure to stress points, sharply boosting one of its or its allies' stats."
"368","8","The user retaliates against the foe that last inflicted damage on it with much greater power."
"368","11","The user retaliates with much greater power against the target that last inflicted damage on it."
"368","16","The user retaliates with much greater power against the opponent that last inflicted damage on it."
"368","17","The user retaliates with much greater force against the opponent that last inflicted damage on it."
"369","8","After making its attack, the user rushes back to switch places with a party Pokémon in waiting."
"370","8","The user fights the foe in close without guarding itself. It also cuts the user’s Defense and Sp. Def."
"370","10","The user fights the foe up close without guarding itself. It also cuts the user’s Defense and Sp. Def."
"370","11","The user fights the target up close without guarding itself. It also cuts the user’s Defense and Sp. Def."
"370","15","The user fights the target up close without guarding itself. This also lowers the user’s Defense and Sp. Def stats."
"370","24","The user fights the target up close, inflicting damage without guarding itself. This also lowers the user's defensive stats."
"370","25","The user fights the target up close, inflicting damage without guarding itself. This also lowers the user's Defense and Sp. Def stats."
"371","8","If the user can use this attack after the foe attacks, its power is doubled."
"371","11","If the user moves after the target, this attack’s power will be doubled."
"371","15","The user stores power, then attacks. If the user moves after the target, this attack’s power will be doubled."
"371","24","The user stores power, then attacks. If the user moves after the target, this attack's power will be doubled."
"371","25","The user stores power, then attacks. This move's power is doubled if the user moves after the target."
"372","8","If the foe has already taken some damage in the same turn, this attack’s power is doubled."
"372","11","If the target has already taken some damage in the same turn, this attack’s power is doubled."
"372","24","If the target has already taken some damage in the same turn, this attack's power is doubled."
"372","25","This move's power is doubled if the target has already taken some damage in the same turn."
"373","8","It prevents the foe from using its held item. Its Trainer is also prevented from using items on it."
"373","11","It prevents the target from using its held item. Its Trainer is also prevented from using items on it."
"373","15","This move prevents the target from using its held item. Its Trainer is also prevented from using items on it."
"373","17","This move prevents the target from using its held item for five turns. Its Trainer is also prevented from using items on it."
"373","20","This move can’t be used. It’s recommended that this move is forgotten. Once forgotten, this move can’t be remembered."
"374","8","The user flings its held item at the foe to attack. Its power and effects depend on the item."
"374","11","The user flings its held item at the target to attack. Its power and effects depend on the item."
"374","15","The user flings its held item at the target to attack. This move’s power and effects depend on the item."
"374","24","The user flings its held item at the target to attack. This move's power and effects depend on the item."
"375","8","Using its psychic power of suggestion, the user transfers its status problems to the target."
"375","15","Using its psychic power of suggestion, the user transfers its status conditions to the target."
"376","8","The fewer PP this move has, the more power it has for attack."
"376","11","The fewer PP this move has, the greater its attack power."
"376","15","The fewer PP this move has, the greater its power."
"376","20","This move can’t be used. It’s recommended that this move is forgotten. Once forgotten, this move can’t be remembered."
"377","8","The user prevents the foe from using any HP-recovery moves for five turns."
"377","11","For five turns, the user prevents the opposing team from using any moves, Abilities, or held items that recover HP."
"377","20","This move can’t be used. It’s recommended that this move is forgotten. Once forgotten, this move can’t be remembered."
"378","8","The user powerfully wrings the foe. The more HP the foe has, the greater this attack’s power."
"378","11","The user powerfully wrings the target. The more HP the target has, the greater this attack’s power."
"378","15","The user powerfully wrings the target. The more HP the target has, the greater the move’s power."
"378","20","This move can’t be used. It’s recommended that this move is forgotten. Once forgotten, this move can’t be remembered."
"379","8","The user employs its psychic power to switch its Attack with its Defense stat."
"379","17","The user employs its psychic power to switch its Attack stat with its Defense stat."
"380","8","The user hurls up its stomach acids on the foe. The fluid eliminates the effect of the foe’s ability."
"380","11","The user hurls up its stomach acids on the target. The fluid eliminates the effect of the target’s Ability."
"380","24","The user hurls up its stomach acids on the target. The fluid eliminates the effect of the target's Ability."
"381","8","The user chants an incantation toward the sky, preventing the foe from landing critical hits."
"381","11","The user chants an incantation toward the sky, preventing opposing Pokémon from landing critical hits."
"381","17","The user chants an incantation toward the sky, preventing opposing Pokémon from landing critical hits for five turns."
"381","20","This move can’t be used. It’s recommended that this move is forgotten. Once forgotten, this move can’t be remembered."
"382","8","The user tries to cut ahead of the foe to steal and use the foe’s intended move with greater power."
"382","11","The user tries to cut ahead of the target to steal and use the target’s intended move with greater power."
"382","15","The user cuts ahead of the target to steal and use the target’s intended move with greater power. This move fails if it isn’t used first."
"382","17","The user cuts ahead of the target to copy and use the target’s intended move with greater power. This move fails if it isn’t used first."
"382","20","This move can’t be used. It’s recommended that this move is forgotten. Once forgotten, this move can’t be remembered."
"383","8","The user mimics the move used immediately before it. The move fails if no other move has been used yet."
"384","8","The user employs its psychic power to switch changes to its Attack and Sp. Atk with the foe."
"384","11","The user employs its psychic power to switch changes to its Attack and Sp. Atk with the target."
"384","15","The user employs its psychic power to switch changes to its Attack and Sp. Atk stats with the target."
"385","8","The user employs its psychic power to switch changes to its Defense and Sp. Def with the foe."
"385","11","The user employs its psychic power to switch changes to its Defense and Sp. Def with the target."
"385","15","The user employs its psychic power to switch changes to its Defense and Sp. Def stats with the target."
"386","8","This attack’s power increases the more the foe has powered up with stat changes."
"386","11","This attack’s power increases the more the target has powered up with stat changes."
"386","15","The more the target has powered up with stat changes, the greater the move’s power."
"386","20","This move can’t be used. It’s recommended that this move is forgotten. Once forgotten, this move can’t be remembered."
"387","8","This move can be used only after the user has used all the other moves it knows in the battle."
"388","8","A seed that causes worry is planted on the foe. It prevents sleep by making its ability Insomnia."
"388","11","A seed that causes worry is planted on the target. It prevents sleep by making its Ability Insomnia."
"388","15","A seed that causes worry is planted on the target. It prevents sleep by making the target’s Ability Insomnia."
"388","24","A seed that causes worry is planted on the target. It prevents sleep by making the target's Ability Insomnia."
"389","8","This move enables the user to attack first. It fails if the foe is not readying an attack, however."
"389","11","This move enables the user to attack first. It fails if the target is not readying an attack, however."
"389","15","This move enables the user to attack first. This move fails if the target is not readying an attack."
"390","8","The user lays a trap of poison spikes at the foe’s feet. They poison foes that switch into battle."
"390","11","The user lays a trap of poison spikes at the opponent’s feet. They poison opponents that switch into battle."
"390","15","The user lays a trap of poison spikes at the opposing team’s feet. They poison opposing Pokémon that switch into battle."
"390","17","The user lays a trap of poison spikes at the feet of the opposing team. The spikes will poison opposing Pokémon that switch into battle."
"391","8","The user employs its psychic power to switch stat changes with the foe."
"391","11","The user employs its psychic power to switch stat changes with the target."
"391","20","This move can’t be used. It’s recommended that this move is forgotten. Once forgotten, this move can’t be remembered."
"391","25","This move can't be used. It's recommended that this move is forgotten. Once forgotten, this move can't be remembered."
"392","8","The user envelops itself in a veil made of water. It regains some HP on every turn."
"392","15","The user envelops itself in a veil made of water. It regains some HP every turn."
"393","8","The user levitates using electrically generated magnetism for five turns."
"394","8","The user cloaks itself in fire and charges at the foe. The user sustains serious damage, too."
"394","11","The user cloaks itself in fire and charges at the target. The user sustains serious damage and may leave the target burned."
"394","15","The user cloaks itself in fire and charges the target. This also damages the user quite a lot. This may leave the target with a burn."
"394","17","The user cloaks itself in fire and charges the target. This also damages the user quite a lot. This attack may leave the target with a burn."
"394","24","The user cloaks itself in fire and charges the target to inflict damage. This also damages the user and may leave the target with a burn."
"394","25","The user cloaks itself in fire and charges the target to inflict damage. This also damages the user quite a lot and may leave the target with a burn."
"395","8","The foe is attacked with a shock wave. It may also leave the target paralyzed."
"395","11","The target is attacked with a shock wave. It may also leave the target with paralysis."
"395","15","The target is attacked with a shock wave. This may also leave the target with paralysis."
"396","8","The user looses a blast of aura power from deep within its body. This move is certain to hit."
"396","11","The user looses a blast of aura power from deep within its body at the target. This move is certain to hit."
"396","15","The user lets loose a blast of aura power from deep within its body at the target. This attack never misses."
"396","25","The user lets loose a pulse of aura power from deep within its body at the target. This attack never misses."
"397","8","The user polishes its body to reduce drag. It can sharply raise the Speed stat."
"397","15","The user polishes its body to reduce drag. This can sharply raise the Speed stat."
"397","20","The user polishes its body to reduce drag. This sharply raises the Speed stat."
"397","25","The user polishes its body to reduce drag. This sharply boosts the user's Speed stat."
"398","8","The foe is stabbed with a tentacle or arm steeped in poison. It may also poison the foe."
"398","11","The target is stabbed with a tentacle or arm steeped in poison. It may also poison the target."
"398","15","The target is stabbed with a tentacle or arm steeped in poison. This may also poison the target."
"398","19","The target is stabbed with a tentacle, arm, or the like steeped in poison. This may also poison the target."
"398","25","The target is stabbed with a tentacle, an arm, or the like steeped in poison. This may also poison the target."
"399","8","The user releases a horrible aura imbued with dark thoughts. It may also make the target flinch."
"399","15","The user releases a horrible aura imbued with dark thoughts. This may also make the target flinch."
"399","24","The user releases a horrible aura imbued with ill intent. This attack never misses."
"399","25","The user releases a horrible aura imbued with ill intent. This may also make the target flinch."
"400","8","The user slashes the foe the instant an opportunity arises. It has a high critical-hit ratio."
"400","11","The user slashes the target the instant an opportunity arises. Critical hits land more easily."
"400","24","The user slashes the target the instant the target lowers its guard. This move has a heightened chance of landing a critical hit."
"400","25","The user slashes the target the instant an opportunity arises. This move has a heightened chance of landing a critical hit."
"401","8","The user attacks by swinging its tail as if it were a vicious wave in a raging storm."
"402","8","The user slams a barrage of hardshelled seeds down on the foe from above."
"402","11","The user slams a barrage of hard-shelled seeds down on the target from above."
"402","25","The user attacks by slamming a barrage of hard-shelled seeds down on the target from above."
"403","8","The user attacks with a blade of air that slices even the sky. It may also make the target flinch."
"403","15","The user attacks with a blade of air that slices even the sky. This may also make the target flinch."
"403","24","The user attacks with a blade of air that slices even the sky."
"404","8","The user slashes at the foe by crossing its scythes or claws as if they were a pair of scissors."
"404","11","The user slashes at the target by crossing its scythes or claws as if they were a pair of scissors."
"404","24","The user strikes at the target by crossing its scythes or claws as if they were a pair of scissors. This move has a heightened chance of landing a critical hit."
"404","25","The user slashes at the target by crossing its scythes, claws, or the like as if they were a pair of scissors."
"405","8","The user vibrates its wings to generate a damaging sound wave. It may also lower the foe’s Sp. Def stat."
"405","11","The user vibrates its wings to generate a damaging sound wave. It may also lower the target’s Sp. Def stat."
"405","15","The user vibrates its wings to generate a damaging sound wave. This may also lower the target’s Sp. Def stat."
"405","17","The user generates a damaging sound wave by vibration. This may also lower the target’s Sp. Def stat."
"405","24","The user vibrates to generate a damaging sound wave. This may also lower the target’s defensive stats."
"405","25","The user vibrates to generate a damaging sound wave. This may also lower the target's Sp. Def stat."
"406","8","The foe is attacked with a shock wave generated by the user’s gaping mouth."
"406","11","The target is attacked with a shock wave generated by the user’s gaping mouth."
"406","24","The target is attacked with a shock wave generated by the user's gaping mouth. This attack never misses."
"406","25","The target is attacked with a shock wave generated by the user's gaping mouth."
"407","8","The user tackles the foe while exhibiting overwhelming menace. It may also make the target flinch."
"407","11","The user tackles the target while exhibiting overwhelming menace. It may also make the target flinch."
"407","15","The user tackles the target while exhibiting overwhelming menace. This may also make the target flinch."
"408","8","The user attacks with a ray of light that sparkles as if it were made of gemstones."
"409","8","An energy-draining punch. The user’s HP is restored by half the damage taken by the target."
"409","24","The user attacks with an energy-draining punch that restores the user’s HP."
"409","25","The user attacks with an energy-draining punch. The user's HP is restored by up to half the damage taken by the target."
"410","8","The user whirls its fists to send a wave of pure vacuum at the foe. This move always goes first."
"410","11","The user whirls its fists to send a wave of pure vacuum at the target. This move always goes first."
"411","8","The user heightens its mental focus and unleashes its power. It may also lower the target’s Sp. Def."
"411","15","The user heightens its mental focus and unleashes its power. This may also lower the target’s Sp. Def."
"411","17","The user heightens its mental focus and unleashes its power. This may also lower the target’s Sp. Def stat."
"411","24","The user heightens its mental focus and unleashes its power. This may also lower the target's Sp. Def stat."
"412","8","The user draws power from nature and fires it at the foe. It may also lower the target’s Sp. Def."
"412","11","The user draws power from nature and fires it at the target. It may also lower the target’s Sp. Def."
"412","15","The user draws power from nature and fires it at the target. This may also lower the target’s Sp. Def."
"412","17","The user draws power from nature and fires it at the target. This may also lower the target’s Sp. Def stat."
"412","24","The user draws power from nature and fires it at the target. This may also lower the target’s defensive stats."
"412","25","The user draws power from nature and fires it at the target. This may also lower the target's Sp. Def stat."
"413","8","The user tucks in its wings and charges from a low altitude. The user also takes serious damage."
"413","15","The user tucks in its wings and charges from a low altitude. This also damages the user quite a lot."
"413","24","The user tucks in its wings and charges at a low altitude. This also damages the user."
"413","25","The user tucks in its wings and charges at a low altitude. This also damages the user quite a lot."
"414","8","The user makes the ground under the foe erupt with power. It may also lower the target’s Sp. Def."
"414","11","The user makes the ground under the target erupt with power. It may also lower the target’s Sp. Def."
"414","15","The user makes the ground under the target erupt with power. This may also lower the target’s Sp. Def."
"414","17","The user makes the ground under the target erupt with power. This may also lower the target’s Sp. Def stat."
"414","24","The user makes the ground under the target erupt with power. This may also lower the target's defensive stats."
"414","25","The user makes the ground under the target erupt with power. This may also lower the target's Sp. Def stat."
"415","8","The user trades held items with the foe faster than the eye can follow."
"415","11","The user trades held items with the target faster than the eye can follow."
"416","8","The user charges at the foe using every bit of its power. The user must rest on the next turn."
"416","11","The user charges at the target using every bit of its power. The user must rest on the next turn."
"416","15","The user charges at the target using every bit of its power. The user can’t move on the next turn."
"416","24","The user charges at the target using every bit of its power."
"416","25","The user charges at the target using every bit of its power. The user can't move on the next turn."
"417","8","The user stimulates its brain by thinking bad thoughts. It sharply raises the user’s Sp. Atk."
"417","15","The user stimulates its brain by thinking bad thoughts. This sharply raises the user’s Sp. Atk."
"417","17","The user stimulates its brain by thinking bad thoughts. This sharply raises the user’s Sp. Atk stat."
"417","24","The user stimulates its brain by thinking bad thoughts, raising the user's offensive stats."
"417","25","The user stimulates its brain by thinking bad thoughts. This sharply boosts the user's Sp. Atk stat."
"418","8","The user strikes with a tough punch as fast as a bullet. This move always goes first."
"418","11","The user strikes the target with tough punches as fast as bullets. This move always goes first."
"418","24","The user strikes the target with tough punches as fast as bullets. This also raises the user’s action speed."
"419","8","An attack move that inflicts double the damage if the user has been hurt by the foe in the same turn."
"419","11","An attack move that inflicts double the damage if the user has been hurt by the target in the same turn."
"419","17","The power of this attack move is doubled if the user has been hurt by the target in the same turn."
"419","25","This move's power is doubled if the target has inflicted damage on the user in the same turn."
"420","8","The user flash freezes chunks of ice and hurls them. This move always goes first."
"420","11","The user flash freezes chunks of ice and hurls them at the target. This move always goes first."
"420","15","The user flash-freezes chunks of ice and hurls them at the target. This move always goes first."
"420","24","The user flash-freezes chunks of ice and hurls them at the target. This also raises the user's action speed."
"421","8","The user slashes with a sharp claw made from shadows. It has a high critical-hit ratio."
"421","11","The user slashes with a sharp claw made from shadows. Critical hits land more easily."
"421","24","The user slashes with a sharp claw made from shadows. This move has a heightened chance of landing a critical hit."
"421","25","The user attacks by slashing the target with a sharp claw made from shadows. This move has a heightened chance of landing a critical hit."
"422","8","The user bites with electrified fangs. It may also make the foe flinch or become paralyzed."
"422","11","The user bites with electrified fangs. It may also make the target flinch or leave it with paralysis."
"422","15","The user bites with electrified fangs. This may also make the target flinch or leave it with paralysis."
"422","24","The user bites the target with electrified fangs to deal damage. This may also leave the target with paralysis."
"423","8","The user bites with cold-infused fangs. It may also make the foe flinch or freeze."
"423","11","The user bites with cold-infused fangs. It may also make the target flinch or leave it frozen."
"423","15","The user bites with cold-infused fangs. This may also make the target flinch or leave it frozen."
"423","24","The user bites the target with cold-infused fangs to deal damage. This may also leave the target with frostbite."
"424","8","The user bites with flame-cloaked fangs. It may also make the foe flinch or sustain a burn."
"424","11","The user bites with flame-cloaked fangs. It may also make the target flinch or leave it burned."
"424","15","The user bites with flame-cloaked fangs. This may also make the target flinch or leave it with a burn."
"424","24","The user bites the target with flame-cloaked fangs to deal damage. This may also leave the target with a burn."
"425","8","The user extends its shadow and attacks the foe from behind. This move always goes first."
"425","11","The user extends its shadow and attacks the target from behind. This move always goes first."
"425","24","The user extends its shadow and attacks the target from behind. This also raises the user’s action speed."
"426","8","The user launches a hard-packed mud ball to attack. It may also lower the target’s accuracy."
"426","15","The user launches a hard-packed mud ball to attack. This may also lower the target’s accuracy."
"426","20","This move can’t be used. It’s recommended that this move is forgotten. Once forgotten, this move can’t be remembered."
"427","8","The user tears at the foe with blades formed by psychic power. It has a high critical-hit ratio."
"427","11","The user tears at the target with blades formed by psychic power. Critical hits land more easily."
"427","24","The user tears at the target with blades formed by psychic power. This move has a heightened chance of landing a critical hit."
"428","8","The user focuses its willpower to its head and rams the foe. It may also make the target flinch."
"428","11","The user focuses its willpower to its head and attacks the target. It may also make the target flinch."
"428","15","The user focuses its willpower to its head and attacks the target. This may also make the target flinch."
"428","24","The user focuses its willpower to its head and attacks the target."
"429","8","The user looses a flash of energy from its polished body. It may also lower the target’s accuracy."
"429","11","The user looses a flash of energy at the target from its polished body. It may also lower the target’s accuracy."
"429","15","The user lets loose a flash of energy at the target from its polished body. This may also lower the target’s accuracy."
"429","20","This move can’t be used. It’s recommended that this move is forgotten. Once forgotten, this move can’t be remembered."
"430","8","The user gathers all its light energy and releases it at once. It may also lower the foe’s Sp. Def stat."
"430","11","The user gathers all its light energy and releases it at once. It may also lower the target’s Sp. Def stat."
"430","15","The user gathers all its light energy and releases it at once. This may also lower the target’s Sp. Def stat."
"430","17","The user gathers all its light energy and releases it all at once. This may also lower the target’s Sp. Def stat."
"430","24","The user gathers all its light energy and releases it at once. This may also lower the target’s defensive stats."
"430","25","The user gathers all its light energy and releases it at once. This may also lower the target's Sp. Def stat."
"431","8","A charging attack that may also leave the foe confused. It can also be used to scale rocky walls."
"431","11","The user attacks the target by smashing into it with incredible force. It may also confuse the target."
"431","15","The user attacks the target by smashing into it with incredible force. This may also confuse the target."
"431","20","This move can’t be used. It’s recommended that this move is forgotten. Once forgotten, this move can’t be remembered."
"432","8","Obstacles are moved, reducing the foe’s evasion stat. It can also be used to clear deep fog, etc."
"432","10","It reduces the foe’s evasion stat. It also removes spikes, light screens, etc."
"432","11","A strong wind blows away the target’s obstacles such as Reflect or Light Screen. It also lowers the target’s evasiveness."
"432","15","A strong wind blows away the target’s barriers such as Reflect or Light Screen. This also lowers the target’s evasiveness."
"432","24","A strong wind blows away the target's barriers such as Reflect or Light Screen. This also lowers the target's evasiveness."
"433","8","The user creates a bizarre area in which slower Pokémon get to move first for five turns."
"434","8","Comets are summoned down from the sky. The attack’s recoil sharply reduces the user’s Sp. Atk stat."
"434","11","Comets are summoned down from the sky onto the target. The attack’s recoil harshly reduces the user’s Sp. Atk stat."
"434","15","Comets are summoned down from the sky onto the target. The attack’s recoil harshly lowers the user’s Sp. Atk stat."
"434","24","Comets are summoned down from the sky onto the target. The recoil from this move lowers the user’s offensive stats."
"434","25","Comets are summoned down from the sky onto the target. The recoil from this move harshly lowers the user’s Sp. Atk stat."
"435","8","A flare of electricity is loosed to strike all Pokémon in battle. It may also cause paralysis."
"435","11","A flare of electricity is loosed to strike the area around the user. It may also cause paralysis."
"435","15","The user strikes everything around it by letting loose a flare of electricity. This may also cause paralysis."
"435","25","The user strikes everything around it by letting loose a flare of electricity. This may also leave those hit by the attack with paralysis."
"436","8","An inferno of scarlet flames washes over all Pokémon in battle. It may also inflict burns."
"436","11","An inferno of scarlet flames torches everything around the user. It may leave targets with a burn."
"436","15","The user torches everything around it with an inferno of scarlet flames. This may also leave those hit with a burn."
"436","17","The user torches everything around it in an inferno of scarlet flames. This may also leave those it hits with a burn."
"437","8","A storm of sharp leaves is whipped up. The attack’s recoil sharply reduces the user’s Sp. Atk stat."
"437","11","The user whips up a storm of leaves around the target. The attack’s recoil harshly reduces the user’s Sp. Atk stat."
"437","15","The user whips up a storm of leaves around the target. The attack’s recoil harshly lowers the user’s Sp. Atk stat."
"437","24","The user whips up a storm of leaves around the target. The recoil from this move lowers the user’s offensive stats."
"437","25","The user whips up a storm of leaves around the target. The recoil from this move harshly lowers the user's Sp. Atk stat."
"438","8","The user violently whirls its vines or tentacles to harshly lash the foe."
"438","11","The user violently whirls its vines or tentacles to harshly lash the target."
"438","17","The user violently whirls its vines, tentacles, or the like to harshly lash the target."
"438","25","The user violently whirls its vines, tentacles, or the like to lash the target."
"439","8","The user launches a huge boulder at the foe to attack. It must rest on the next turn, however."
"439","11","The user launches a huge boulder at the target to attack. It must rest on the next turn, however."
"439","15","The user launches a huge boulder at the target to attack. The user can’t move on the next turn."
"439","24","The user launches a huge boulder at the target to attack. The user can't move on the next turn."
"440","8","A slashing attack that may also leave the target poisoned. It has a high critical-hit ratio."
"440","11","A slashing attack with a poisonous blade that may also leave the target poisoned. Critical hits land more easily."
"440","15","A slashing attack with a poisonous blade that may also poison the target. Critical hits land more easily."
"440","24","A slashing attack with a toxic blade that may also poison the target. This move has a heightened chance of landing a critical hit."
"440","25","A slashing attack with a poisonous blade that may also poison the target. This move has a heightened chance of landing a critical hit."
"441","8","The user shoots filthy garbage at the foe to attack. It may also poison the target."
"441","11","The user shoots filthy garbage at the target to attack. It may also poison the target."
"441","15","The user shoots filthy garbage at the target to attack. This may also poison the target."
"442","8","The foe slams the target with its steel-hard head. It may also make the target flinch."
"442","11","The user slams the target with its steel-hard head. It may also make the target flinch."
"442","15","The user slams the target with its steel-hard head. This may also make the target flinch."
"442","24","The user slams the target with its steel-hard head."
"443","8","The user launches a steel bomb that sticks to the target. This attack will not miss."
"443","11","The user launches steel bombs that stick to the target. This attack will not miss."
"443","15","The user launches steel bombs that stick to the target. This attack never misses."
"443","20","This move can’t be used. It’s recommended that this move is forgotten. Once forgotten, this move can’t be remembered."
"444","8","The user stabs the foe with a sharpened stone. It has a high critical-hit ratio."
"444","11","The user stabs the foe with sharpened stones from below. It has a high critical-hit ratio."
"444","15","The user stabs the target with sharpened stones from below. Critical hits land more easily."
"444","17","The user stabs the target from below with sharpened stones. Critical hits land more easily."
"444","24","The user stabs the target with sharpened stones. This move has a heightened chance of landing a critical hit."
"445","8","If it is the opposite gender of the user, the foe is charmed into sharply lowering its Sp. Atk stat."
"445","11","If it is the opposite gender of the user, the target is charmed into harshly lowering its Sp. Atk stat."
"445","15","If any opposing Pokémon is the opposite gender of the user, it is charmed, which harshly lowers its Sp. Atk stat."
"445","20","This move can’t be used. It’s recommended that this move is forgotten. Once forgotten, this move can’t be remembered."
"446","8","The user lays a trap of levitating stones around the foe. The trap hurts foes that switch into battle."
"446","11","The user lays a trap of levitating stones around the opponent’s team. The trap hurts opponents that switch into battle."
"446","15","The user lays a trap of levitating stones around the opposing team. The trap hurts opposing Pokémon that switch into battle."
"446","24","The user launches countless stones at the target. Stone splinters left behind by this attack continue to damage the target for several turns."
"446","25","The user lays a trap of levitating stones around the opposing team. The trap damages opposing Pokémon that switch into battle."
"447","8","The user snares the foe with grass and trips it. The heavier the foe, the greater the damage."
"447","11","The user snares the target with grass and trips it. The heavier the target, the greater the damage."
"447","15","The user snares the target with grass and trips it. The heavier the target, the greater the move’s power."
"447","24","The user snares the target with grass and trips it. The heavier the target, the greater the move's power."
"448","8","The user attacks using a sound wave based on words it has learned. It may also confuse the foe."
"448","11","The user attacks using a sound wave based on words it has learned. It may also confuse the target."
"448","15","The user attacks using a sound wave based on words it has learned. This confuses the target."
"448","16","The user attacks the target with sound waves of deafening chatter. This confuses the target."
"449","8","The user releases countless shots of light. Its type varies with the kind of Plate the user is holding."
"449","11","The user releases countless shots of light at the target. Its type varies with the kind of Plate the user is holding."
"449","15","The user releases countless shots of light at the target. This move’s type varies depending on the kind of Plate the user is holding."
"449","24","The user releases countless shots of light at the target. This move's type varies depending on the kind of Plate the user last interacted with."
"449","25","The user releases countless shots of light at the target. This move's type changes depending on the kind of plate held by the user."
"450","8","The user bites the foe. If the foe is holding a Berry, the user eats it and gains its effect."
"450","11","The user bites the target. If the target is holding a Berry, the user eats it and gains its effect."
"450","25","The user attacks by biting the target. If the target is holding a Berry, the user eats it and gains its effect."
"451","8","The user fires a concentrated bundle of electricity. It may also raise the user’s Sp. Atk stat."
"451","11","The user attacks with an electric charge. The user may use any remaining electricity to raise its Sp. Atk stat."
"451","20","The user attacks the target with an electric charge. The user may use any remaining electricity to raise its Sp. Atk stat."
"451","24","The user attacks the target with an electric charge. The leftover electricity may also raise the user’s offensive stats."
"451","25","The user attacks the target with an electric charge. The residual electricity may also boost the user's Sp. Atk stat."
"452","8","The user slams its rugged body into the foe to attack. The user also sustains serious damage."
"452","11","The user slams its rugged body into the target to attack. The user also sustains serious damage."
"452","15","The user slams its rugged body into the target to attack. This also damages the user quite a lot."
"452","24","The user slams its rugged body into the target to attack. This also damages the user."
"453","8","The user lunges at the foe at a speed that makes it almost invisible. It is sure to strike first."
"453","11","The user lunges at the target at a speed that makes it almost invisible. It is sure to strike first."
"453","15","The user lunges at the target at a speed that makes it almost invisible. This move always goes first."
"453","24","The user lunges at the target to deal damage, moving at a speed that makes it almost invisible. This also raises the user's action speed."
"453","25","The user lunges at the target to inflict damage, moving at blinding speed. This move always goes first."
"454","8","The user calls out its underlings to pummel the foe. It has a high critical-hit ratio."
"454","11","The user calls out its underlings to pummel the target. Critical hits land more easily."
"454","25","The user calls out its underlings to pummel the target. This move has a heightened chance of landing a critical hit."
"455","8","The user calls out its underlings to make a living shield, raising its Defense and Sp. Def stats."
"455","9","The user calls out its underlings to shield its body, raising its Defense and Sp. Def stats."
"455","25","The user calls out its underlings to shield its body, boosting its Defense and Sp. Def stats."
"456","8","The user calls out its underlings to heal it. The user regains up to half of its max HP."
"456","20","This move can’t be used. It’s recommended that this move is forgotten. Once forgotten, this move can’t be remembered."
"457","8","The user delivers a life-endangering head butt at full power. The user also takes terrible damage."
"457","10","The user delivers a life-endangering attack at full power. The user also takes terrible damage."
"457","11","The user attacks the target with a hazardous, full-power headbutt. The user also takes terrible damage."
"457","15","The user attacks the target with a hazardous, full-power headbutt. This also damages the user terribly."
"457","24","The user attacks the target with a hazardous, full-power headbutt. This also damages the user."
"457","25","The user attacks the target with a hazardous full-power headbutt. This also damages the user terribly."
"458","8","The user slams the foe with a tail, etc. The target is hit twice in a row."
"458","10","The user slams the foe with a long tail, vines, etc. The target is hit twice in a row."
"458","11","The user slams the target with a long tail, vines, or tentacle. The target is hit twice in a row."
"458","15","The user slams the target with a long tail, vines, or a tentacle. The target is hit twice in a row."
"458","24","The user adapts a hard-hitting stance to increase the damage dealt by its moves by 50 percent."
"458","25","The user slams the target with a tail or the like. The target is hit twice in a row."
"459","8","The user blasts the foe with power that distorts even time. The user must rest on the next turn."
"459","11","The user blasts the target with power that distorts even time. The user must rest on the next turn."
"459","15","The user blasts the target with power that distorts even time. The user can’t move on the next turn."
"459","24","The user blasts the target with power that distorts even time."
"459","25","The user blasts the target with power that distorts even time. The user can't move on the next turn."
"460","8","The user tears the foe along with the space around it. This move has a high critical-hit ratio."
"460","11","The user tears the target along with the space around it. Critical hits land more easily."
"460","24","The user tears the target along with the space around it. This move has a heightened chance of landing a critical hit."
"461","8","The user faints. In return, the Pokémon taking its place will have its status and HP fully restored."
"461","25","The user faints. In return, the Pokémon taking its place will have its HP and PP restored and its status conditions cured."
"462","8","The foe is crushed with great force. The attack is more powerful the more HP the foe has left."
"462","11","The target is crushed with great force. The attack is more powerful the more HP the target has left."
"462","15","The target is crushed with great force. The more HP the target has left, the greater this move’s power."
"462","24","The target is crushed with great force. The more HP the target has left, the greater this move's power."
"462","25","The target is crushed with great force. The more HP the target has left, the greater the move's power."
"463","8","The foe becomes trapped within a maelstrom of fire that rages for two to five turns."
"463","11","The target becomes trapped within a maelstrom of fire that rages for four to five turns."
"463","24","The user envelops the target in a maelstrom of fire. This also leaves the target with a burn."
"463","25","The user traps the target inside a maelstrom of fire that inflicts damage for four to five turns."
"464","8","The foe is dragged into a world of total darkness that puts it to sleep."
"464","11","Opposing Pokémon are dragged into a world of total darkness that makes them sleep."
"464","24","The target is dragged into a world of total darkness that makes the target drowsy and lowers its defensive stats."
"464","25","Opposing Pokémon are dragged into a world of total darkness that puts them to sleep."
"465","8","The user generates a shock wave from within its body. It may also lower the target’s Sp. Def."
"465","11","The user emits a shock wave from its body to attack its target. It may harshly lower the target’s Sp. Def."
"465","15","The user emits a shock wave from its body to attack its target. This may also harshly lower the target’s Sp. Def."
"465","17","The user emits a shock wave from its body to attack its target. This may also harshly lower the target’s Sp. Def stat."
"465","24","The user emits a shock wave from its body to attack its target. This may also lower the target’s defensive stats."
"465","25","The user emits a shock wave from its body to attack its target. This may also harshly lower the target's Sp. Def stat."
"466","8","The user creates a gust of repulsive wind. It may also raise all the user’s stats at once."
"466","11","The user blasts the target with a gust of repulsive wind. It may also raise all the user’s stats at once."
"466","15","The user blasts the target with a gust of repulsive wind. This may also raise all the user’s stats at once."
"466","20","This move can’t be used. It’s recommended that this move is forgotten. Once forgotten, this move can’t be remembered."
"467","8","The user disappears, then strikes the foe on the second turn. It hits even if the foe used Protect."
"467","10","The user disappears, then strikes the foe on the second turn. It hits even if the foe protects itself."
"467","11","The user disappears, then strikes the target on the second turn. It hits even if the target protects itself."
"467","15","The user disappears, then strikes the target on the next turn. This move hits even if the target protects itself."
"467","24","The user cloaks itself in darkness as it attacks. Incoming moves also become more likely to miss."
"467","25","The user disappears on the first turn, then attacks on the next turn. This move hits even if the target protects itself."
"468","11","The user sharpens its claws to boost its Attack stat and accuracy."
"469","11","The user and its allies are protected from wide-ranging attacks for one turn. If used in succession, its chance of failing rises."
"469","15","The user and its allies are protected from wide-ranging attacks for one turn."
"470","11","The user employs its psychic power to average its Defense and Sp. Def stats with those of its target’s."
"470","15","The user employs its psychic power to average its Defense and Sp. Def stats with those of the target."
"471","11","The user employs its psychic power to average its Attack and Sp. Atk stats with those of the target’s."
"471","15","The user employs its psychic power to average its Attack and Sp. Atk stats with those of the target."
"472","11","The user creates a bizarre area in which Pokémon’s Defense and Sp. Def stats are swapped for five turns."
"472","24","The user creates a bizarre area in which Pokémon's Defense and Sp. Def stats are swapped for five turns."
"473","11","The user materializes an odd psychic wave to attack the target. This attack does physical damage."
"473","25","The user materializes an odd psychic wave to attack the target. This move deals physical damage."
"474","11","The user drenches the target in a special poisonous liquid. Its power is doubled if the target is poisoned."
"474","15","The user drenches the target in a special poisonous liquid. This move’s power is doubled if the target is poisoned."
"474","24","The user drenches the target in a special poisonous liquid to inflict damage. This move’s power is doubled if the target has a status condition."
"474","25","The user drenches the target in a special poisonous liquid. This move's power is doubled if the target is poisoned."
"475","11","The user sheds part of its body to make itself lighter and sharply raise its Speed stat."
"476","11","The user scatters a cloud of irritating powder to draw attention to itself. Opponents aim only at the user."
"476","20","The user scatters a cloud of irritating powder to draw attention to itself. Opposing Pokémon aim only at the user."
"477","11","The user makes the target float with its psychic power. The target is easier to hit for three turns."
"477","20","This move can’t be used. It’s recommended that this move is forgotten. Once forgotten, this move can’t be remembered."
"478","11","The user creates a bizarre area in which Pokémon’s held items lose their effects for five turns."
"478","24","The user creates a bizarre area in which Pokémon's held items lose their effects for five turns."
"479","11","The user throws a stone or projectile to attack an opponent. A flying Pokémon will fall to the ground when hit."
"479","15","The user throws a stone or similar projectile to attack an opponent. A flying Pokémon will fall to the ground when it’s hit."
"479","20","The user throws a stone or similar projectile to attack the target. A flying Pokémon will fall to the ground when it’s hit."
"479","24","The user throws a stone or similar projectile to attack the target. A flying Pokémon will fall to the ground when it's hit."
"479","25","The user throws a stone or similar projectile to attack the target. If the target is in the air, it will be knocked down to the ground."
"480","11","The user strikes the target with a fierce blow. This attack always results in a critical hit."
"481","11","The user attacks the target with a bursting flame. The bursting flame damages Pokémon next to the target as well."
"481","20","This move can’t be used. It’s recommended that this move is forgotten. Once forgotten, this move can’t be remembered."
"482","11","It swamps the area around the user with a giant sludge wave. It may also poison those hit."
"482","15","The user strikes everything around it by swamping the area with a giant sludge wave. This may also poison those hit."
"482","25","The user strikes everything around it by swamping the area with a giant sludge wave. This may also poison those it hits."
"483","11","The user lightly performs a beautiful, mystic dance. It boosts the user’s Sp. Atk, Sp. Def, and Speed stats."
"483","15","The user lightly performs a beautiful, mystic dance. This boosts the user’s Sp. Atk, Sp. Def, and Speed stats."
"483","24","The user lightly performs a beautiful, mystic dance. This boosts the user's Sp. Atk, Sp. Def, and Speed stats."
"484","11","The user slams into the target with its heavy body. The more the user outweighs the target, the greater its damage."
"484","15","The user slams into the target with its heavy body. The more the user outweighs the target, the greater the move’s power."
"484","24","The user slams into the target with its heavy body. The more the user outweighs the target, the greater the move's power."
"485","11","Using an odd shock wave, the user inflicts damage on any Pokémon of the same type in the area around it."
"485","20","This move can’t be used. It’s recommended that this move is forgotten. Once forgotten, this move can’t be remembered."
"486","11","The user hurls an electric orb at the target. The faster the user is than the target, the greater the damage."
"486","15","The user hurls an electric orb at the target. The faster the user is than the target, the greater the move’s power."
"486","24","The user hurls an electric orb at the target. The faster the user is than the target, the greater the move's power."
"487","11","The user shoots a torrent of water at the target and changes the target’s type to Water."
"487","24","The user shoots a torrent of water at the target and changes the target's type to Water."
"487","25","The user shoots a torrent of water that changes the target's type to Water."
"488","11","The user cloaks itself with flame and attacks. Building up more power, it raises the user’s Speed stat."
"488","15","Cloaking itself in flame, the user attacks. Then, building up more power, the user raises its Speed stat."
"488","20","Cloaking itself in flame, the user attacks the target. Then, building up more power, the user raises its Speed stat."
"488","25","Cloaking itself in flame, the user attacks the target. Then, building up momentum, the user boosts its Speed stat."
"489","11","The user coils up and concentrates. This raises its Attack and Defense stats as well as its accuracy."
"489","25","The user coils up and concentrates. This boosts its Attack and Defense stats as well as its accuracy."
"490","11","The user attacks the target’s legs swiftly, reducing the target’s Speed stat."
"490","15","The user makes a swift attack on the target’s legs, which lowers the target’s Speed stat."
"490","24","The user makes a swift attack on the target's legs, which lowers the target's Speed stat."
"491","11","The user spits fluid that works to melt the target. This harshly reduces the target’s Sp. Def stat."
"491","15","The user spits fluid that works to melt the target. This harshly lowers the target’s Sp. Def stat."
"491","24","The user spits fluid that works to melt the target. This may also lower the target’s defensive stats."
"491","25","The user attacks by spitting fluid that works to melt the target. This also harshly lowers the target's Sp. Def stat."
"492","11","The user turns the target’s power against it. The higher the target’s Attack stat, the greater the damage."
"492","15","The user turns the target’s power against it. The higher the target’s Attack stat, the greater the move’s power."
"492","19","The user turns the target’s power against it. The higher the target’s Attack stat, the greater the damage it deals."
"492","24","The user turns the target's power against it. The higher the target's Attack stat, the greater the damage it deals."
"492","25","The user turns the target's strength against it. The higher the target's Attack stat, the greater the damage this move inflicts."
"493","11","The user’s mysterious psychic wave changes the target’s Ability to Simple."
"493","24","The user's mysterious psychic wave changes the target's Ability to Simple."
"493","25","The user emits a mysterious psychic wave that changes the target's Ability to Simple."
"494","11","The user dances with an odd rhythm that compels the target to mimic it, making the target’s Ability the same as the user’s."
"494","24","The user dances with an odd rhythm that compels the target to mimic it, making the target's Ability the same as the user's."
"495","11","The user helps the target and makes it use its move right after the user."
"496","11","The user attacks the target with a song. Others can join in the Round and make the attack do greater damage."
"496","17","The user attacks the target with a song. Others can join in the Round to increase the power of the attack."
"496","25","The user attacks the target with a song. If others use this move, they will act immediately after the initial user, and the power of their Rounds will be boosted."
"497","11","The user attacks the target with an echoing voice. If this move is used every turn, it does greater damage."
"497","17","The user attacks the target with an echoing voice. If this move is used every turn, its power is increased."
"497","25","The user attacks the target with an echoing voice. If this move is used consecutively by any Pokémon, its power is boosted."
"498","11","Looking for an opening, the user strikes continually. The target’s stat changes don’t affect this attack’s damage."
"498","15","Looking for an opening, the user strikes consistently. The target’s stat changes don’t affect this attack’s damage."
"498","20","This move can’t be used. It’s recommended that this move is forgotten. Once forgotten, this move can’t be remembered."
"499","11","The user attacks by throwing a clump of special mud. All status changes are returned to normal."
"499","15","The user attacks by throwing a clump of special mud. All stat changes are returned to normal."
"499","20","The user attacks the target by throwing a clump of special mud. All stat changes are returned to normal."
"499","25","The user attacks the target by throwing a clump of special mud. All stat changes are eliminated."
"500","11","The user attacks the target with stored power. The more the user’s stats are raised, the greater the damage."
"500","15","The user attacks the target with stored power. The more the user’s stats are raised, the greater the move’s power."
"500","24","The user attacks the target with stored power. The more the user's stats are raised, the greater the move's power."
"500","25","The user attacks the target with stored power. The more the user's stats are boosted, the greater the move's power."
"501","11","The user protects itself and its allies from priority moves. If used in succession, its chance of failing rises."
"501","15","The user protects itself and its allies from priority moves."
"502","11","The user teleports using a strange power and switches its place with one of its allies."
"502","15","The user teleports using a strange power and switches places with one of its allies."
"502","25","The user teleports using a strange power and switches places with one of its allies. This move's chance of failing rises if it is used in succession."
"503","11","The user shoots boiling hot water at its target. It may also leave the target with a burn."
"503","15","The user shoots boiling hot water at its target. This may also leave the target with a burn."
"503","25","The user attacks by shooting boiling hot water at the target. This may also leave the target with a burn."
"504","11","The user breaks its shell, lowering its Defense and Sp. Def stats but sharply raising Attack, Sp. Atk, and Speed stats."
"504","15","The user breaks its shell, which lowers Defense and Sp. Def stats but sharply raises its Attack, Sp. Atk, and Speed stats."
"504","25","The user breaks its shell, which lowers its Defense and Sp. Def stats but sharply boosts its Attack, Sp. Atk, and Speed stats."
"505","11","The user emits a healing pulse which restores the target’s HP by up to half of its max HP."
"505","17","The user emits a healing pulse that restores the target’s HP by up to half of its max HP."
"505","24","The user emits a healing pulse that restores the target's HP by up to half of its max HP."
"505","25","The user emits a healing pulse that restores the target's HP by up to half its max HP."
"506","11","This relentless attack does massive damage to a target affected by status problems."
"506","15","This relentless attack does massive damage to a target affected by status conditions."
"506","24","The user attacks with relentless intensity. This move's power is doubled if the target has a status condition."
"507","11","The user takes the target into the sky, then drops it during the next turn. The target cannot attack while in the sky."
"507","20","This move can’t be used. It’s recommended that this move is forgotten. Once forgotten, this move can’t be remembered."
"508","11","The user rotates its gears, raising its Attack and sharply raising its Speed."
"508","17","The user rotates its gears, raising its Attack stat and sharply raising its Speed stat."
"508","25","The user rotates its gears, boosting its Attack stat and sharply boosting its Speed stat."
"509","11","The user throws the target and drags out another Pokémon in its party. In the wild, the battle ends."
"509","14","The target is thrown and switched. In the wild, a battle against a single Pokémon ends."
"509","15","The target is thrown, and a different Pokémon is dragged out. In the wild, this ends a battle against a single Pokémon."
"510","11","The user attacks the target with fire. If the target is holding a Berry, the Berry becomes burnt up and unusable."
"510","15","The user attacks opposing Pokémon with fire. If a Pokémon is holding a certain item, such as a Berry, the item becomes burned up and unusable."
"511","11","The user suppresses the target and makes its move go last."
"512","11","The user nimbly strikes the target. If the user is not holding an item, this attack inflicts massive damage."
"512","25","The user nimbly strikes the target. This attack does massive damage if the user isn't holding an item."
"513","11","The user reflects the target’s type, making it the same type as the target."
"513","20","The user reflects the target’s type, making the user the same type as the target."
"513","24","The user reflects the target's type, making the user the same type as the target."
"513","25","The user reflects the target's type to become the same type as the target."
"514","11","The user gets revenge for a fainted ally. If an ally fainted in the previous turn, this attack’s damage increases."
"514","15","The user gets revenge for a fainted ally. If an ally fainted in the previous turn, this move becomes more powerful."
"514","17","The user gets revenge for a fainted ally. If an ally fainted in the previous turn, this move’s power is increased."
"514","24","The user gets revenge for a fainted ally. If an ally fainted in the previous turn, this move's power is increased."
"514","25","The user takes revenge for a fainted ally. This move's power is boosted if an ally fainted in the previous turn."
"515","11","The user risks everything to attack its target. The user faints but does damage equal to the user’s HP."
"515","15","The user risks everything to attack its target. The user faints but does damage equal to its HP."
"515","25","The user risks everything to attack the target. The user faints but inflicts damage equal to its own HP."
"516","11","The user passes its held item to the target when the target isn’t holding an item."
"516","20","This move can’t be used. It’s recommended that this move is forgotten. Once forgotten, this move can’t be remembered."
"517","11","The user attacks by engulfing the target in an intense fire. It leaves the target with a burn."
"517","15","The user attacks by engulfing the target in an intense fire. This leaves the target with a burn."
"518","11","A column of water strikes the target. When combined with its fire equivalent, the damage increases and a rainbow appears."
"518","17","A column of water strikes the target. When combined with its fire equivalent, its power increases and a rainbow appears."
"518","20","A column of water hits the target. When used with its fire equivalent, its power increases and a rainbow appears."
"518","25","A column of water hits the target. When used with its fire counterpart, this move's power is boosted and a rainbow appears."
"519","11","A column of fire hits opposing Pokémon. When used with its Grass equivalent, its damage increases into a vast sea of fire."
"519","15","A column of fire hits the target. When used with its grass equivalent, its damage increases and a vast sea of fire appears."
"519","17","A column of fire hits the target. When used with its grass equivalent, its power increases and a vast sea of fire appears."
"519","25","A column of fire hits the target. When used with its grass counterpart, this move's power is boosted and a vast sea of fire appears."
"520","11","A column of grass hits opposing Pokémon. When used with its water equivalent, its damage increases into a vast swamp."
"520","15","A column of grass hits the target. When used with its water equivalent, its damage increases and a vast swamp appears."
"520","17","A column of grass hits the target. When used with its water equivalent, its power increases and a vast swamp appears."
"520","25","A column of grass hits the target. When used with its water counterpart, this move's power is boosted and a vast swamp appears."
"521","11","After making its attack, the user rushes back to switch places with a party Pokémon in waiting."
"522","11","While resisting, the user attacks the opposing Pokémon. The targets’ Sp. Atk stat is reduced."
"522","15","While resisting, the user attacks the opposing Pokémon. This lowers the Sp. Atk stat of those hit."
"522","20","While resisting, the user attacks opposing Pokémon. This lowers the Sp. Atk stats of those hit."
"522","24","The user struggles against the target, dealing damage. This also lowers the target's offensive stats."
"522","25","The user attacks by struggling against opposing Pokémon. This also lowers their Sp. Atk stats."
"523","11","The user stomps down on the ground and attacks everything in the area. Hit Pokémon’s Speed stat is reduced."
"523","15","The user strikes everything around it by stomping down on the ground. This lowers the Speed stat of those hit."
"523","20","The user strikes everything around it by stomping down on the ground. This lowers the Speed stats of those hit."
"523","24","The user tramples its target into the ground, dealing damage. This also lowers the target’s action speed."
"524","11","The user blows a cold breath on the target. This attack always results in a critical hit."
"524","15","The user blows its cold breath on the target. This attack always results in a critical hit."
"524","25","The user attacks by blowing its cold breath on the target. This move always lands a critical hit."
"525","11","The user knocks away the target and drags out another Pokémon in its party. In the wild, the battle ends."
"525","14","The target is knocked away and switched. In the wild, a battle against a single Pokémon ends."
"525","15","The target is knocked away, and a different Pokémon is dragged out. In the wild, this ends a battle against a single Pokémon."
"525","19","The target is knocked away, and a different Pokémon is dragged out."
"526","11","The user is roused, and its Attack and Sp. Atk stats increase."
"526","25","The user is roused, and its Attack and Sp. Atk stats are boosted."
"527","11","The user captures and attacks opposing Pokémon by using an electric net. It reduces the targets’ Speed stat."
"527","15","The user attacks and captures opposing Pokémon using an electric net. This lowers their Speed stat."
"527","20","The user attacks and captures opposing Pokémon using an electric net. This lowers their Speed stats."
"527","25","The user captures opposing Pokémon in an electric net to inflict damage. This also lowers their Speed stats."
"528","11","The user shrouds itself in electricity and smashes into its target. It also damages the user a little."
"528","15","The user shrouds itself in electricity and smashes into its target. This also damages the user a little."
"528","24","The user shrouds itself in electricity and smashes into its target. This also damages the user and may leave the target with paralysis."
"529","11","The user crashes into its target while rotating its body like a drill. Critical hits land more easily."
"529","25","The user crashes into the target while rotating its body like a drill. This move has a heightened chance of landing a critical hit."
"530","11","The user attacks its target by hitting it with brutal strikes. The target is hit twice in a row."
"531","11","The user unleashes a vicious blow after its cute act makes the target less wary. It may also make the target flinch."
"531","15","The user unleashes a vicious blow after its cute act makes the target less wary. This may also make the target flinch."
"531","20","This move can’t be used. It’s recommended that this move is forgotten. Once forgotten, this move can’t be remembered."
"532","11","The user drains the target’s energy with its horns. The user’s HP is restored by half the damage taken by the target."
"532","24","The user drains the target's energy with its horns. The user's HP is restored by half the damage taken by the target."
"532","25","The user drains the target's energy with its horns. The user's HP is restored by up to half the damage taken by the target."
"533","11","The user attacks by slicing with its long horns. The target’s stat changes don’t affect this attack’s damage."
"533","15","The user attacks by slicing with a long horn. The target’s stat changes don’t affect this attack’s damage."
"533","24","The user attacks by slicing with a long horn. The target's stat changes don't affect this attack's damage."
"533","25","The user attacks by slicing with a sword. The target's stat changes don't affect the damage inflicted by this move."
"534","11","The user cuts its target with sharp shells. This attack may also lower the target’s Defense stat."
"534","15","The user cuts its target with sharp shells. This may also lower the target’s Defense stat."
"534","24","The user cuts its target with sharp shells. This may also lower the target's Defense stat."
"534","25","The user cuts the target with sharp shells to inflict damage. This may also lower the target's Defense stat."
"535","11","The user slams its target with its flamecovered body. The more the user outweighs the target, the greater the damage."
"535","15","The user slams its target with its flamecovered body. The more the user outweighs the target, the greater the move’s power."
"535","17","The user slams its target with its flame-covered body. The more the user outweighs the target, the greater the move’s power."
"535","24","The user slams its target with its flame-covered body. The more the user outweighs the target, the greater the move's power."
"535","25","The user slams into the target with its flame-covered body. The more the user outweighs the target, the greater the move's power."
"536","11","The user attacks its target by encircling it in sharp leaves. This attack may also lower the target’s accuracy."
"537","11","The user crushes its targets by rolling over them with its rolled-up body. This attack may make the target flinch."
"537","15","The user crushes its targets by rolling over them with its rolled-up body. This may also make the target flinch."
"537","17","The user crushes its target by rolling over the target with its rolled-up body. This may also make the target flinch."
"537","20","This move can’t be used. It’s recommended that this move is forgotten. Once forgotten, this move can’t be remembered."
"538","11","The user protects itself by wrapping its body in soft cotton, drastically raising the user’s Defense stat."
"538","15","The user protects itself by wrapping its body in soft cotton, which drastically raises the user’s Defense stat."
"538","24","The user protects itself by wrapping its body in soft cotton, which drastically raises the user's Defense stat."
"538","25","The user protects itself by wrapping its body in soft cotton, drastically boosting its Defense stat."
"539","11","The user lets loose a pitch-black shock wave at its target. It may also lower the target’s accuracy."
"539","15","The user lets loose a pitch-black shock wave at its target. This may also lower the target’s accuracy."
"539","24","The user lets loose a pitch-black shock wave at its target. This may also lower the target's accuracy."
"539","25","The user looses a pitch-black shock wave at the target to inflict damage. This may also lower the target's accuracy."
"540","11","The user materializes an odd psychic wave to attack the target. This attack does physical damage."
"540","25","The user materializes an odd psychic wave to attack the target. This move deals physical damage."
"541","11","The user attacks by striking the target with its hard tail. It hits the target two to five times in a row."
"541","25","The user attacks by striking the target with its hard tail. This move hits two to five times in a row."
"542","11","The user attacks by wrapping its opponent in a fierce wind that flies up into the sky. It may also confuse the target."
"542","15","The user attacks by wrapping its opponent in a fierce wind that flies up into the sky. This may also confuse the target."
"542","24","The user attacks by wrapping its opponent in a fierce wind."
"542","25","The user attacks by wrapping its opponent in a fierce wind. This may also confuse the target."
"543","11","The user charges its head into its target, using its powerful guard hair. It also damages the user a little."
"543","15","The user charges its head into its target, using its powerful guard hair. This also damages the user a little."
"544","11","The user attacks by throwing two steel gears at its target."
"544","15","The user attacks by throwing steel gears at its target twice."
"545","11","An inferno of scarlet flames torches everything around the user. It may leave targets with a burn."
"545","15","The user torches everything around it with an inferno of scarlet flames. This may also leave those hit with a burn."
"545","17","The user torches everything around it in an inferno of scarlet flames. This may also leave those it hits with a burn."
"546","11","The user fires a beam of light at its target. The type changes depending on the Drive the user holds."
"546","15","The user fires a beam of light at its target. The move’s type changes depending on the Drive the user holds."
"547","11","The user sings an ancient song and attacks by appealing to the hearts of those listening. It may also induce sleep."
"547","15","The user sings an ancient song and attacks by appealing to the hearts of the listening opposing Pokémon. This may also induce sleep."
"548","11","The user cuts with its long horn. The odd power contained in the horn does physical damage to the target."
"548","25","The user cuts with its long horn. The odd power contained in the horn deals physical damage to the target."
"549","11","The user attacks by blowing freezing cold air at opposing Pokémon. This attack reduces the targets’ Speed stat."
"549","15","The user attacks by blowing freezing cold air at opposing Pokémon. This lowers their Speed stat."
"549","20","The user attacks by blowing freezing cold air at opposing Pokémon. This lowers their Speed stats."
"549","25","The user attacks by blowing freezing cold air at opposing Pokémon. This also lowers their Speed stats."
"550","11","The user charges its target, surrounding itself with a great amount of electricity. It may leave the target with paralysis."
"550","15","The user surrounds itself with a great amount of electricity and charges its target. This may also leave the target with paralysis."
"550","25","The user surrounds itself with a great amount of electricity and charges the target. This may also leave the target with paralysis."
"551","11","The user attacks by engulfing the target in an intense, yet beautiful, blue flame. It may leave the target with a burn."
"551","15","The user attacks by engulfing the target in an intense, yet beautiful, blue flame. This may also leave the target with a burn."
"552","11","Cloaked in flames, the user dances and flaps its wings. It may also raise the user’s Sp. Atk stat."
"552","15","Cloaked in flames, the user dances and flaps its wings. This may also raise the user’s Sp. Atk stat."
"552","20","Cloaked in flames, the user attacks the target by dancing and flapping its wings. This may also raise the user’s Sp. Atk stat."
"552","24","Cloaked in flames, the user attacks the target by dancing and flapping its wings. This may also raise the user's Sp. Atk stat."
"552","25","Cloaked in flames, the user attacks the target by dancing and flapping its wings. This may also boost the user's Sp. Atk stat."
"553","11","On the second turn, the user hits the target with electrically charged ice. It may leave the target with paralysis."
"553","15","On the second turn, the user hits the target with electrically charged ice. This may also leave the target with paralysis."
"553","25","The turn after using this move, the user hits the target with electrically charged ice to inflict damage. This may also leave the target with paralysis."
"554","11","On the second turn, an ultracold, freezing wind surrounds the target. This may leave the target with a burn."
"554","25","The turn after using this move, the user surrounds the target with an ultracold, freezing wind to inflict damage. This may also leave the target with a burn."
"555","11","The user yells as if it is ranting about something, making the target’s Sp. Atk stat decrease."
"555","14","The user yells as if it is ranting about something, making the targets’ Sp. Atk stat decrease."
"555","15","The user yells as if it’s ranting about something, which lowers the Sp. Atk stat of opposing Pokémon."
"555","20","The user yells as if it’s ranting about something, which lowers the Sp. Atk stats of opposing Pokémon."
"555","24","The user attacks by crying out as if it's ranting about something. This also lowers the target's offensive stats."
"555","25","The user yells as if it's ranting about something, which lowers the Sp. Atk stats of opposing Pokémon."
"556","11","The user attacks by harshly dropping an icicle onto the target. It may also make the target flinch."
"556","15","The user attacks by harshly dropping large icicles onto the target. This may also make the target flinch."
"556","24","The user attacks by harshly dropping large icicles onto the target."
"556","25","The user attacks by crashing large icicles onto the target. This may also make the target flinch."
"557","11","With a hot flame on its forehead, the user hurls itself at its target. It lowers the user’s Defense, Sp. Def, and Speed stats."
"557","15","With a hot flame on its forehead, the user hurls itself at its target. This lowers the user’s Defense, Sp. Def, and Speed stats."
"558","11","The user brings down a giant flame. This attack does greater damage when influenced by an enormous thunderbolt."
"558","15","The user brings down a giant flame. This move is more powerful when influenced by an enormous thunderbolt."
"558","17","The user brings down a giant flame. This move’s power is increased when influenced by an enormous lightning bolt."
"558","24","The user brings down a giant flame. This move's power is increased when influenced by an enormous lightning bolt."
"558","25","The user brings down a giant flame. This move's power is boosted when influenced by an enormous lightning bolt."
"559","11","The user throws down a giant thunderbolt. This attack does greater damage when influenced by an enormous flame."
"559","15","The user throws down a giant thunderbolt. This move is more powerful when influenced by an enormous flame."
"559","17","The user throws down a giant lightning bolt. This move’s power is increased when influenced by an enormous flame."
"559","24","The user throws down a giant lightning bolt. This move's power is increased when influenced by an enormous flame."
"559","25","The user throws down a giant lightning bolt. This move's power is boosted when influenced by an enormous flame."
"560","15","The user dives down onto the target from the sky. This move is Fighting and Flying type simultaneously."
"561","15","Using a pulled-up mat as a shield, the user protects itself and its allies from damaging moves. This does not stop status moves."
"562","15","The user lets out a damaging belch at the target. The user must eat a held Berry to use this move."
"563","15","Tilling the soil, the user makes it easier for plants to grow. This raises the Attack and Sp. Atk stats of Grass-type Pokémon."
"563","20","This move can’t be used. It’s recommended that this move is forgotten. Once forgotten, this move can’t be remembered."
"564","15","The user weaves a sticky net around the opposing team, which lowers their Speed stat upon switching into battle."
"564","20","The user weaves a sticky net around the opposing team, which lowers their Speed stats upon switching into battle."
"565","15","When the user knocks out a target with this move, the user’s Attack stat rises sharply."
"565","17","When the user knocks out a target with this move, the user’s Attack stat rises drastically."
"565","24","When the user knocks out a target with this move, the user's Attack stat rises drastically."
"565","25","When the user knocks out a target with this move, the user's Attack stat is boosted drastically."
"566","15","The user vanishes somewhere, then strikes the target on the next turn. This move hits even if the target protects itself."
"567","15","The user takes the target trick-or-treating. This adds Ghost type to the target’s type."
"568","15","Letting out a noble roar, the user intimidates the target and lowers its Attack and Sp. Atk stats."
"568","25","Letting out a noble roar, the user intimidates the target and lowers the target's Attack and Sp. Atk stats."
"569","15","The user disperses electrically charged particles, which changes Normal-type moves to Electric-type moves."
"569","20","This move can’t be used. It’s recommended that this move is forgotten. Once forgotten, this move can’t be remembered."
"570","15","The user attacks everything around it. The user’s HP is restored by half the damage taken by those hit."
"570","24","The user attacks everything around it. The user's HP is restored by half the damage taken by those hit."
"571","15","The user puts a forest curse on the target. Afflicted targets are now Grass type as well."
"571","17","The user puts a forest curse on the target. The target is now Grass type as well."
"571","25","The user puts a forest curse on the target. This adds Grass type to the target's type."
"572","15","The user stirs up a violent petal blizzard and attacks everything around it."
"572","25","The user stirs up a violent petal blizzard and damages everything around it."
"573","15","The user rapidly cools the target. This may also leave the target frozen. This move is super effective on Water types."
"574","15","Letting out a charming cry, the user does emotional damage to opposing Pokémon. This attack never misses."
"575","15","With a parting threat, the user lowers the target’s Attack and Sp. Atk stats. Then it switches with a party Pokémon."
"575","24","With a parting threat, the user lowers the target's Attack and Sp. Atk stats. Then it switches with a party Pokémon."
"575","25","With a parting threat, the user lowers the target's Attack and Sp. Atk stats. Then it switches places with a party Pokémon in waiting."
"576","15","All stat changes affecting the target turn topsy-turvy and become the opposite of what they were."
"577","15","The user steals the target’s energy with a kiss. The user’s HP is restored by over half of the damage taken by the target."
"577","17","The user steals the target’s HP with a kiss. The user’s HP is restored by over half of the damage taken by the target."
"577","24","The user attacks with an energy-draining kiss that restores the user’s HP."
"577","25","The user steals the target's HP with a kiss. The user's HP is restored by over half the damage taken by the target."
"578","15","The user protects itself and its allies from status moves with a mysterious power. This does not stop moves that do damage."
"579","15","The user raises the Defense stat of all Grass-type Pokémon in battle with a mysterious power."
"579","20","The user raises the Defense stats of all Grass-type Pokémon in battle with a mysterious power."
"580","15","The user turns the ground under everyone’s feet to grass for five turns. This restores the HP of Pokémon on the ground a little every turn."
"580","17","The user turns the ground to grass for five turns. This restores the HP of Pokémon on the ground a little every turn and powers up Grass type-moves."
"580","19","The user turns the ground to grass for five turns. This restores the HP of Pokémon on the ground a little every turn and powers up Grass-type moves."
"580","25","The user turns the ground into Grassy Terrain for five turns. This restores the HP of Pokémon on the ground a little every turn and powers up Grass-type moves."
"581","15","The user covers the ground under everyone’s feet with mist for five turns. This protects Pokémon on the ground from status conditions."
"581","17","This protects Pokémon on the ground from status conditions and halves damage from Dragon-type moves for five turns."
"582","15","If the target is electrified before it uses a move during that turn, the target’s move becomes Electric type."
"583","15","The user plays rough with the target and attacks it. This may also lower the target’s Attack stat."
"583","24","The user plays rough with the target and attacks it. This may also lower the target’s offensive stats."
"583","25","The user attacks by playing rough with the target. This may also lower the target's Attack stat."
"584","15","The user stirs up a fairy wind and strikes the target with it."
"584","25","The user attacks by stirring up a fairy wind to strike the target."
"585","15","Borrowing the power of the moon, the user attacks the target. This may also lower the target’s Sp. Atk stat."
"585","24","Borrowing the power of the moon, the user attacks the target. This may also lower the target’s offensive stats."
"585","25","Borrowing the power of the moon, the user attacks the target. This may also lower the target's Sp. Atk stat."
"586","15","The user attacks everything around it with the destructive power of a terrible, explosive sound."
"586","25","The user attacks everything around it with the destructive power of a terrible explosive sound."
"587","15","By locking down the battlefield, the user keeps all Pokémon from fleeing during the next turn."
"588","15","The user takes a defensive stance while it protects itself from damage. It also harshly lowers the Attack stat of any attacker who makes direct contact."
"588","20","The user takes a defensive stance while it protects itself from damage. It also lowers the Attack stat of any attacker that makes direct contact."
"589","15","The user and the target become friends, and the target loses its will to fight. This lowers the target’s Attack stat."
"589","24","The user and the target become friends, and the target loses its will to fight. This lowers the target's Attack stat."
"590","15","The user tells the target a secret, and the target loses its ability to concentrate. This lowers the target’s Sp. Atk stat."
"590","24","The user tells the target a secret, and the target loses its ability to concentrate. This lowers the target's Sp. Atk stat."
"591","15","The user whips up a storm of diamonds to damage opposing Pokémon. This may also raise the user’s Defense stat."
"591","17","The user whips up a storm of diamonds to damage opposing Pokémon. This may also sharply raise the user’s Defense stat."
"591","24","The user whips up a storm of diamonds to damage opposing Pokémon. This may also sharply raise the user's Defense stat."
"591","25","The user whips up a storm of diamonds to damage opposing Pokémon. This may also sharply boost the user's Defense stat."
"592","15","The user immerses the target in superheated steam. This may also leave the target with a burn."
"593","15","Using a hyperspace hole, the user appears right next to the target and strikes. This also hits a target using Protect or Detect."
"593","17","Using a hyperspace hole, the user appears right next to the target and strikes. This also hits a target using a move such as Protect or Detect."
"593","25","Using a hyperspace hole, the user appears right next to the target and strikes. This attack can hit a target using a move such as Protect or Detect."
"594","15","The user hits the target with throwing stars two to five times in a row. This move always goes first."
"595","15","The user attacks by breathing a special, hot fire. This also lowers the target’s Sp. Atk stat."
"595","24","The user attacks by breathing a special, hot fire. This also lowers the target's offensive stats."
"595","25","The user attacks by breathing a special, hot fire. This also lowers the target's Sp. Atk stat."
"596","15","In addition to protecting the user from attacks, this move also damages any attacker who makes direct contact."
"596","20","In addition to protecting the user from attacks, this move also damages any attacker that makes direct contact."
"597","15","The user raises the Sp. Def stat of an ally Pokémon by using a mysterious aroma."
"597","25","The user boosts the Sp. Def stat of an ally Pokémon by using a mysterious aroma."
"598","15","The user’s body generates an eerie impulse. Exposing the target to it harshly lowers the target’s Sp. Atk stat."
"598","24","The user's body generates an eerie impulse. Exposing the target to it harshly lowers the target's Sp. Atk stat."
"599","15","Opposing Pokémon are drenched in an odd poisonous liquid. This lowers the Attack, Sp. Atk, and Speed stats of a poisoned target."
"600","15","The user covers the target in a powder that explodes and damages the target if it uses a Fire-type move."
"600","17","The user covers the target in a combustible powder. If the target uses a Fire-type move, the powder explodes and damages the target."
"601","15","The user absorbs energy and sharply raises its Sp. Atk, Sp. Def, and Speed stats on the next turn."
"602","15","The user manipulates magnetic fields, which raises the Defense and Sp. Def stats of ally Pokémon with the Plus or Minus Ability."
"602","25","The user manipulates magnetic fields, which boosts the Defense and Sp. Def stats of ally Pokémon with the Plus Ability or the Minus Ability."
"603","15","Using Happy Hour doubles the amount of prize money received after battle."
"604","15","The user electrifies the ground under everyone’s feet for five turns. Pokémon on the ground no longer fall asleep."
"604","17","The user electrifies the ground for five turns, powering up Electric-type moves. Pokémon on the ground no longer fall asleep."
"604","25","The user turns the ground into Electric Terrain for five turns, powering up Electric-type moves. Pokémon on the ground can no longer fall asleep."
"605","15","The user damages opposing Pokémon by emitting a powerful flash."
"605","24","The user emits a powerful flash of light to inflict damage on the target."
"606","15","The Pokémon congratulates you on your special day!"
"607","15","The user and an ally hold hands. This makes them very happy."
"608","15","The user stares at the target with its baby-doll eyes, which lowers its Attack stat. This move always goes first."
"608","20","The user stares at the target with its baby-doll eyes, which lowers the target’s Attack stat. This move always goes first."
"608","24","The user stares at the target with its baby-doll eyes. This lowers the target’s offensive stats."
"608","25","The user stares at the target with its baby-doll eyes, which lowers the target's Attack stat. This move always goes first."
"609","15","The user attacks by nuzzling its electrified cheeks against the target. This also leaves the target with paralysis."
"610","15","The user holds back when it attacks and the target is left with at least 1 HP."
"610","17","The user holds back when it attacks, and the target is left with at least 1 HP."
"611","15","The target is infested and attacked for four to five turns. The target can’t flee during this time."
"611","24","The target is infested and attacked for four to five turns. The target can't flee during this time."
"612","15","Striking opponents over and over makes the user’s fists harder. Hitting a target raises the Attack stat."
"613","15","The user absorbs its target’s HP. The user’s HP is restored by over half of the damage taken by the target."
"614","15","This move also hits opposing Pokémon that are in the air. Those Pokémon are knocked down to the ground."
"615","15","The user attacks with a wave that crawls along the ground. Those hit can’t flee from battle."
"615","19","The user attacks with a wave that crawls along the ground. Those it hits can’t flee from battle."
"616","15","The user gathers the energy of the land and focuses that power on opposing Pokémon to damage them."
"617","15","Drawing power from the Eternal Flower, the user fires a powerful beam of light. This also damages the user quite a lot."
"618","16","The user attacks opposing Pokémon with countless beams of light that glow a deep and brilliant blue."
"619","16","The user attacks opposing Pokémon by manifesting the power of the land in fearsome blades of stone."
"620","16","After soaring upward, the user attacks its target by dropping out of the sky at high speeds, although it lowers its own Defense and Sp. Def in the process."
"620","17","After soaring upward, the user attacks its target by dropping out of the sky at high speeds. But it lowers its own Defense and Sp. Def stats in the process."
"620","25","The user attacks the target by dropping out of the sky at high speed. This also lowers the user's Defense and Sp. Def stats."
"621","16","Using its many arms, the user unleashes a barrage of attacks that ignore the effects of moves like Protect and Detect. This attack lowers the user’s Defense."
"621","17","Using its many arms, the user unleashes a barrage of attacks that ignore the effects of moves like Protect and Detect. But the user’s Defense stat falls."
"621","24","Using its many arms, the user unleashes a barrage of attacks that ignore the effects of moves like Protect and Detect. But the user's Defense stat falls."
"621","25","Using its many arms, the user unleashes a barrage of attacks that ignore the effects of moves like Protect and Detect. This also lowers the user's Defense stat."
"622","17","The user builds up its momentum using its Z-Power and crashes into the target at full speed. The power varies, depending on the original move."
"622","20","This move can’t be used. It’s recommended that this move is forgotten. Once forgotten, this move can’t be remembered."
"623","17","Dummy Data"
"623","20","This move can’t be used. It’s recommended that this move is forgotten. Once forgotten, this move can’t be remembered."
"624","17","The user rams an energy orb created by its Z-Power into the target with full force. The power varies, depending on the original move."
"624","20","This move can’t be used. It’s recommended that this move is forgotten. Once forgotten, this move can’t be remembered."
"625","17","Dummy Data"
"625","20","This move can’t be used. It’s recommended that this move is forgotten. Once forgotten, this move can’t be remembered."
"626","17","The user soars up with its Z-Power and plummets toward the target at full speed. The power varies, depending on the original move."
"626","20","This move can’t be used. It’s recommended that this move is forgotten. Once forgotten, this move can’t be remembered."
"627","17","Dummy Data"
"627","20","This move can’t be used. It’s recommended that this move is forgotten. Once forgotten, this move can’t be remembered."
"628","17","The user creates a poisonous swamp using its Z-Power and sinks the target into it at full force. The power varies, depending on the original move."
"628","20","This move can’t be used. It’s recommended that this move is forgotten. Once forgotten, this move can’t be remembered."
"629","17","Dummy Data"
"629","20","This move can’t be used. It’s recommended that this move is forgotten. Once forgotten, this move can’t be remembered."
"630","17","The user burrows deep into the ground and slams into the target with the full force of its Z-Power. The power varies, depending on the original move."
"630","20","This move can’t be used. It’s recommended that this move is forgotten. Once forgotten, this move can’t be remembered."
"631","17","Dummy Data"
"631","20","This move can’t be used. It’s recommended that this move is forgotten. Once forgotten, this move can’t be remembered."
"632","17","The user summons a huge rock mountain using its Z-Power and drops it onto the target with full force. The power varies, depending on the original move."
"632","20","This move can’t be used. It’s recommended that this move is forgotten. Once forgotten, this move can’t be remembered."
"633","17","Dummy Data"
"633","20","This move can’t be used. It’s recommended that this move is forgotten. Once forgotten, this move can’t be remembered."
"634","17","The user binds the target with full force with threads of silk that the user spits using its Z-Power. The power varies, depending on the original move."
"634","20","This move can’t be used. It’s recommended that this move is forgotten. Once forgotten, this move can’t be remembered."
"635","17","Dummy Data"
"635","20","This move can’t be used. It’s recommended that this move is forgotten. Once forgotten, this move can’t be remembered."
"636","17","Deep-seated grudges summoned by the user’s Z-Power trap the target. The power varies, depending on the original move."
"636","20","This move can’t be used. It’s recommended that this move is forgotten. Once forgotten, this move can’t be remembered."
"637","17","Dummy Data"
"637","20","This move can’t be used. It’s recommended that this move is forgotten. Once forgotten, this move can’t be remembered."
"638","17","The user spins very fast and rams into the target with the full force of its Z-Power. The power varies, depending on the original move."
"638","20","This move can’t be used. It’s recommended that this move is forgotten. Once forgotten, this move can’t be remembered."
"639","17","Dummy Data"
"639","20","This move can’t be used. It’s recommended that this move is forgotten. Once forgotten, this move can’t be remembered."
"640","17","The user breathes a stream of intense fire toward the target with the full force of its Z-Power. The power varies depending on the original move."
"640","20","This move can’t be used. It’s recommended that this move is forgotten. Once forgotten, this move can’t be remembered."
"641","17","Dummy Data"
"641","20","This move can’t be used. It’s recommended that this move is forgotten. Once forgotten, this move can’t be remembered."
"642","17","The user creates a huge whirling current using its Z-Power to swallow the target with full force. The power varies, depending on the original move."
"642","20","This move can’t be used. It’s recommended that this move is forgotten. Once forgotten, this move can’t be remembered."
"643","17","Dummy Data"
"643","20","This move can’t be used. It’s recommended that this move is forgotten. Once forgotten, this move can’t be remembered."
"644","17","The user collects energy from plants using its Z-Power and attacks the target with full force. The power varies, depending on the original move."
"644","20","This move can’t be used. It’s recommended that this move is forgotten. Once forgotten, this move can’t be remembered."
"645","17","Dummy Data"
"645","20","This move can’t be used. It’s recommended that this move is forgotten. Once forgotten, this move can’t be remembered."
"646","17","The user hits the target with a powerful electric current collected by its Z-Power. The power varies, depending on the original move."
"646","20","This move can’t be used. It’s recommended that this move is forgotten. Once forgotten, this move can’t be remembered."
"647","17","Dummy Data"
"647","20","This move can’t be used. It’s recommended that this move is forgotten. Once forgotten, this move can’t be remembered."
"648","17","The user controls the target with its Z-Power and hurts the target with full force. The power varies, depending on the original move."
"648","20","This move can’t be used. It’s recommended that this move is forgotten. Once forgotten, this move can’t be remembered."
"649","17","Dummy Data"
"649","20","This move can’t be used. It’s recommended that this move is forgotten. Once forgotten, this move can’t be remembered."
"650","17","The user dramatically drops the temperature using its Z-Power and freezes the target with full force. The power varies, depending on the original move."
"650","20","This move can’t be used. It’s recommended that this move is forgotten. Once forgotten, this move can’t be remembered."
"651","17","Dummy Data"
"651","20","This move can’t be used. It’s recommended that this move is forgotten. Once forgotten, this move can’t be remembered."
"652","17","The user materializes its aura using its Z-Power and attacks the target with full force. The power varies, depending on the original move."
"652","20","This move can’t be used. It’s recommended that this move is forgotten. Once forgotten, this move can’t be remembered."
"653","17","Dummy Data"
"653","20","This move can’t be used. It’s recommended that this move is forgotten. Once forgotten, this move can’t be remembered."
"654","17","The user gathers dark energy using its Z-Power and sucks the target into it. The power varies, depending on the original move."
"654","20","This move can’t be used. It’s recommended that this move is forgotten. Once forgotten, this move can’t be remembered."
"655","17","Dummy Data"
"655","20","This move can’t be used. It’s recommended that this move is forgotten. Once forgotten, this move can’t be remembered."
"656","17","The user creates a very charming space using its Z-Power and totally toys with the target. The power varies, depending on the original move."
"656","20","This move can’t be used. It’s recommended that this move is forgotten. Once forgotten, this move can’t be remembered."
"657","17","Dummy Data"
"657","20","This move can’t be used. It’s recommended that this move is forgotten. Once forgotten, this move can’t be remembered."
"658","17","The user, Pikachu, surrounds itself with the maximum amount of electricity using its Z-Power and pounces on its target with full force."
"658","20","This move can’t be used. It’s recommended that this move is forgotten. Once forgotten, this move can’t be remembered."
"659","17","The user regains up to half of its max HP. It restores more HP in a sandstorm."
"659","25","The user restores its own HP by up to half its max HP. It regains more HP in a sandstorm."
"660","17","Although this move has great power, it only works the first turn the user is in battle."
"660","20","Although this move has great power, it only works the first turn each time the user enters battle."
"660","25","Although this move has great power, it works only on the first turn each time the user enters battle."
"661","17","In addition to protecting the user from attacks, this move also poisons any attacker that makes direct contact."
"662","17","The user attacks while simultaneously stitching the target’s shadow to the ground to prevent the target from escaping."
"662","24","The user attacks while simultaneously stitching the target's shadow to the ground to prevent the target from escaping."
"662","25","The user attacks while simultaneously stitching the target's shadow to the ground to prevent the target from fleeing."
"663","17","The user swings both arms and hits the target. The target’s stat changes don’t affect this attack’s damage."
"663","24","The user swings both arms and hits the target. The target's stat changes don't affect this attack's damage."
"663","25","The user swings both arms and hits the target. The target's stat changes don't affect the damage inflicted by this move."
"664","17","The user bursts into song, emitting many bubbles. Any Pokémon suffering from a burn will be healed by the touch of these bubbles."
"664","25","The user bursts into song, emitting many bubbles. Any Pokémon suffering from a burn will be cured by the touch of these bubbles."
"665","17","The user swings and hits with its strong, heavy fist. It lowers the user’s Speed, however."
"665","24","The user swings and hits with its strong, heavy fist. It lowers the user's Speed, however."
"665","25","The user swings its strong, heavy fist at the target to inflict damage. This also lowers the user's Speed stat."
"666","17","The user restores the target’s HP by up to half of its max HP. It restores more HP when the terrain is grass."
"666","24","The user restores the target's HP by up to half of its max HP. It restores more HP when the terrain is grass."
"666","25","The user restores the target's HP by up to half its max HP. More HP is restored when the ground is Grassy Terrain."
"667","17","The user fiercely attacks the target using its entire body."
"668","17","The user restores its HP by the same amount as the target’s Attack stat. It also lowers the target’s Attack stat."
"668","24","The user restores its HP by the same amount as the target's Attack stat. It also lowers the target's Attack stat."
"668","25","The user restores its own HP by the same amount as the target's Attack stat. It then lowers the target's Attack stat."
"669","17","In this two-turn attack, the user gathers light and fills a blade with the light’s energy, attacking the target on the next turn."
"669","24","In this two-turn attack, the user gathers light and fills a blade with the light's energy, attacking the target on the next turn."
"669","25","The user gathers light on the first turn, then fills a blade with the light's energy and attacks on the next turn."
"670","17","The user attacks by pelting the target with leaves."
"671","17","The user shines a spotlight on the target so that only the target will be attacked during the turn."
"671","20","This move can’t be used. It’s recommended that this move is forgotten. Once forgotten, this move can’t be remembered."
"672","17","The user shoots poisonous threads to poison the target and lower the target’s Speed stat."
"672","24","The user shoots poisonous threads to poison the target and lower the target's Speed stat."
"673","17","The user concentrates intensely. The attack on the next turn always results in a critical hit."
"674","17","The user engages its gears to raise the Attack and Sp. Atk stats of ally Pokémon with the Plus or Minus Ability."
"675","17","The user attacks the target’s throat, and the resultant suffering prevents the target from using moves that emit sound for two turns."
"675","24","The user attacks the target's throat, and the resultant suffering prevents the target from using moves that emit sound for two turns."
"675","25","The user attacks the target's throat, and the resultant suffering prevents the target from using sound-based moves for two turns."
"676","17","The user attacks the enemy with a pollen puff that explodes. If the target is an ally, it gives the ally a pollen puff that restores its HP instead."
"677","17","The user entangles the target with its anchor chain while attacking. The target becomes unable to flee."
"678","17","This protects Pokémon on the ground from priority moves and powers up Psychic-type moves for five turns."
"679","17","The user makes a lunge at the target, attacking with full force. This also lowers the target’s Attack stat."
"679","24","The user makes a lunge at the target, attacking with full force. This also lowers the target's Attack stat."
"680","17","The user strikes the target with a burning lash. This also lowers the target’s Defense stat."
"680","24","The user strikes the target with a burning lash. This also lowers the target's Defense stat."
"681","17","The user boasts its strength and attacks the target. The more the user’s stats are raised, the greater the move’s power."
"681","24","The user boasts its strength and attacks the target. The more the user's stats are raised, the greater the move's power."
"681","25","The user boasts its strength and attacks the target. The more the user's stats are boosted, the greater the move's power."
"682","17","To inflict massive damage, the user burns itself out. After using this move, the user will no longer be Fire type."
"683","17","The user exchanges Speed stats with the target."
"684","17","The user stabs the target with a sharp horn. This attack never misses."
"685","17","The user heals the target’s status condition. If the move succeeds, it also restores the user’s own HP."
"686","17","The user attacks the target by dancing very hard. The user’s type determines the type of this move."
"686","24","The user attacks the target by dancing very hard. The user's type determines the type of this move."
"686","25","The user attacks the target by dancing with all its might. This move becomes the same type as the user's type."
"687","17","If the Pokémon the user has inflicted damage on have already used their moves, this move eliminates the effect of the target’s Ability."
"688","17","The user lands an intense kick of tropical origins on the target. This also lowers the target’s Attack stat."
"688","24","The user lands an intense kick of tropical origins on the target. This also lowers the target's Attack stat."
"689","17","The user instructs the target to use the target’s last move again."
"689","24","The user instructs the target to use the target's last move again."
"689","25","The user instructs the target to reuse the move last used by the target."
"690","17","The user first heats up its beak, and then it attacks the target. Making direct contact with the Pokémon while it’s heating up its beak results in a burn."
"690","24","The user first heats up its beak, and then it attacks the target. Making direct contact with the Pokémon while it's heating up its beak results in a burn."
"690","25","The user first heats up its beak, and then it attacks the target. Making direct contact with the user while it's heating up its beak results in a burn."
"691","17","The user rubs the scales on its entire body and makes a huge noise to attack the opposing Pokémon. The user’s Defense stat goes down after the attack."
"691","20","The user rubs the scales on its entire body and makes a huge noise to attack opposing Pokémon. The user’s Defense stat goes down after the attack."
"691","24","The user rubs the scales on its entire body and makes a huge noise to attack opposing Pokémon. The user's Defense stat goes down after the attack."
"691","25","The user rubs the scales on its entire body and makes a huge noise to attack opposing Pokémon. The user's Defense stat is lowered after the attack."
"692","17","The user uses its body like a hammer to attack the target and inflict damage."
"692","25","The user wields its body like a hammer to attack the target and inflict damage."
"693","17","The user swings its body around violently to inflict damage on everything in its vicinity."
"694","17","This move reduces damage from physical and special moves for five turns. This can be used only in a hailstorm."
"694","25","This move reduces damage from physical and special moves for five turns. This can be used only when it is snowing."
"695","17","The user, Decidueye, creates countless arrows using its Z-Power and shoots the target with full force."
"695","20","This move can’t be used. It’s recommended that this move is forgotten. Once forgotten, this move can’t be remembered."
"696","17","The user, Incineroar, strengthens its body using its Z-Power and crashes into the target with full force."
"696","20","This move can’t be used. It’s recommended that this move is forgotten. Once forgotten, this move can’t be remembered."
"697","17","The user, Primarina, summons a massive amount of water using its Z-Power and attacks the target with full force."
"697","20","This move can’t be used. It’s recommended that this move is forgotten. Once forgotten, this move can’t be remembered."
"698","17","The user, the Land Spirit Pokémon, obtains Alola’s energy using its Z-Power and attacks the target with full force. This reduces the target’s HP greatly."
"698","20","This move can’t be used. It’s recommended that this move is forgotten. Once forgotten, this move can’t be remembered."
"699","17","After obtaining Z-Power, the user, Marshadow, punches and kicks the target consecutively with full force."
"699","20","This move can’t be used. It’s recommended that this move is forgotten. Once forgotten, this move can’t be remembered."
"700","17","After obtaining Z-Power, the user, Alolan Raichu, attacks the target with full force. This move leaves the target with paralysis."
"700","20","This move can’t be used. It’s recommended that this move is forgotten. Once forgotten, this move can’t be remembered."
"701","17","Z-Power brings out the true capabilities of the user, Snorlax. The Pokémon moves its enormous body energetically and attacks the target with full force."
"701","20","This move can’t be used. It’s recommended that this move is forgotten. Once forgotten, this move can’t be remembered."
"702","17","After obtaining Z-Power, the user, Eevee, gets energy from its evolved friends and boosts its stats sharply."
"702","20","This move can’t be used. It’s recommended that this move is forgotten. Once forgotten, this move can’t be remembered."
"703","17","After obtaining Z-Power, the user, Mew, attacks the target with full force. The terrain will be charged with psychic energy."
"703","20","This move can’t be used. It’s recommended that this move is forgotten. Once forgotten, this move can’t be remembered."
"704","17","The user sets a shell trap. If the user is hit by a physical move, the trap will explode and inflict damage on the opposing Pokémon."
"704","20","The user sets a shell trap. If the user is hit by a physical move, the trap will explode and inflict damage on opposing Pokémon."
"705","17","The user unleashes a strong beam. The attack’s recoil harshly lowers the user’s Sp. Atk stat."
"705","24","The user unleashes a strong beam. The attack's recoil harshly lowers the user's Sp. Atk stat."
"705","25","The user unleashes a strong beam. The recoil from this move harshly lowers the user's Sp. Atk stat."
"706","17","The user bites the target with its psychic capabilities. This can also destroy Light Screen and Reflect."
"706","25","The user attacks by biting the target with its psychic capabilities. This move can also break barriers, such as Light Screen and Reflect."
"707","17","Driven by frustration, the user attacks the target. If the user’s previous move has failed, the power of this move doubles."
"707","24","Driven by frustration, the user attacks the target. If the user's previous move has failed, the power of this move doubles."
"707","25","Driven by frustration, the user attacks the target. This move's power is doubled if the user's previous move failed."
"708","17","The user attacks by beating the target with a bone that contains a spirit. This may also lower the target’s Defense stat."
"709","17","The user smashes into the target at high speed. This move always goes first."
"710","17","The user slams into the target using a full-force blast of water. This may also lower the target’s Defense stat."
"710","24","The user slams into the target using a full-force blast of water. This may also lower the target’s defensive stats."
"710","25","The user slams into the target using a full-force blast of water. This may also lower the target's Defense stat."
"711","17","The user shoots powerful lasers using the power of a prism. The user can’t move on the next turn."
"711","24","The user shoots powerful lasers using the power of a prism. The user can't move on the next turn."
"712","17","The user hides in the target’s shadow, steals the target’s stat boosts, and then attacks."
"713","17","The user slams into the target with the force of a meteor. This move can be used on the target regardless of its Abilities."
"713","25","The user slams into the target with the force of a meteor. This move can be used on the target regardless of its Ability."
"714","17","The user emits a sinister ray to attack the target. This move can be used on the target regardless of its Abilities."
"714","25","The user emits a sinister ray to attack the target. This move can be used on the target regardless of its Ability."
"715","17","The user gets teary eyed to make the target lose its combative spirit. This lowers the target’s Attack and Sp. Atk stats."
"715","24","The user gets teary eyed to make the target lose its combative spirit. This lowers the target's Attack and Sp. Atk stats."
"715","25","The user gets teary-eyed to make the target lose its combative spirit. This lowers the target's Attack and Sp. Atk stats."
"716","17","A strong electric blast crashes down on the target, giving it an electric shock. This may also make the target flinch."
"716","25","The user crashes into the target, delivering a powerful electric shock. This may also make the target flinch."
"717","17","The user hits the target with the force of nature. It halves the target’s HP."
"718","17","Cloaking itself in high energy, the user slams into the target. The memory held determines the move’s type."
"719","17","The user, Pikachu wearing a cap, powers up a jolt of electricity using its Z-Power and unleashes it. Critical hits land more easily."
"719","20","This move can’t be used. It’s recommended that this move is forgotten. Once forgotten, this move can’t be remembered."
"720","18","The user attacks everything around it by causing its own head to explode. This also damages the user."
"721","18","The user attacks with electrically charged fists. This move changes Normal-type moves to Electric-type moves."
"722","18","The user attacks a target with a pillar of light. This move inflicts Attack or Sp. Atk damage—whichever stat is higher for the user."
"722","25","The user attacks the target with a pillar of light. This move inflicts damage using the Attack or Sp. Atk stat—whichever is higher for the user."
"723","18","This attack inflicts Attack or Sp. Atk damage— whichever stat is higher for the user, Necrozma. This move ignores the target’s Ability."
"723","20","This move can’t be used. It’s recommended that this move is forgotten. Once forgotten, this move can’t be remembered."
"724","18","After obtaining Z-Power, the user, Solgaleo, attacks the target with full force. This move can ignore the effect of the target’s Ability."
"724","20","This move can’t be used. It’s recommended that this move is forgotten. Once forgotten, this move can’t be remembered."
"725","18","After obtaining Z-Power, the user, Lunala, attacks the target with full force. This move can ignore the effect of the target’s Ability."
"725","20","This move can’t be used. It’s recommended that this move is forgotten. Once forgotten, this move can’t be remembered."
"726","18","After obtaining Z-Power, the user, Mimikyu, punches the target with full force."
"726","20","This move can’t be used. It’s recommended that this move is forgotten. Once forgotten, this move can’t be remembered."
"727","18","After obtaining Z-Power, the user, Lycanroc, attacks the target with full force. This move negates the effect on the battlefield."
"727","20","This move can’t be used. It’s recommended that this move is forgotten. Once forgotten, this move can’t be remembered."
"728","18","After obtaining Z-Power, the user, Kommo-o, attacks the opposing Pokémon with full force. This move boosts the user’s stats."
"728","20","This move can’t be used. It’s recommended that this move is forgotten. Once forgotten, this move can’t be remembered."
"729","19","The user attacks the target with bursts of electricity at high speed. This move always goes first and results in a critical hit."
"729","20","This move can’t be used. It’s recommended that this move is forgotten. Once forgotten, this move can’t be remembered."
"730","19","The user charges a huge wave with electricity and hits the opposing Pokémon with the wave. This may also leave the opposing Pokémon with paralysis."
"730","20","This move can’t be used. It’s recommended that this move is forgotten. Once forgotten, this move can’t be remembered."
"731","19","The user floats in the air, and then dives at a steep angle to attack the target. This may also make the target flinch."
"731","20","This move can’t be used. It’s recommended that this move is forgotten. Once forgotten, this move can’t be remembered."
"732","19","The more Pikachu loves its Trainer, the greater the move’s power. It never misses."
"732","20","This move can’t be used. It’s recommended that this move is forgotten. Once forgotten, this move can’t be remembered."
"733","19","The user attacks by shooting water bubbles at the target. It then absorbs water and restores its HP by half the damage taken by the target."
"733","20","This move can’t be used. It’s recommended that this move is forgotten. Once forgotten, this move can’t be remembered."
"734","19","The user shoots a jolt of electricity to attack the target. This also leaves the target with paralysis."
"734","20","This move can’t be used. It’s recommended that this move is forgotten. Once forgotten, this move can’t be remembered."
"735","19","The user cloaks itself in fire and charges at the target. This also leaves the target with a burn."
"735","20","This move can’t be used. It’s recommended that this move is forgotten. Once forgotten, this move can’t be remembered."
"736","19","The user bombards the target with telekinetic force. A wondrous wall of light is put up to weaken the power of the opposing Pokémon’s special moves."
"736","20","This move can’t be used. It’s recommended that this move is forgotten. Once forgotten, this move can’t be remembered."
"737","19","The user acts bad and attacks the target. A wondrous wall of light is put up to weaken the power of the opposing Pokémon’s physical moves."
"737","20","This move can’t be used. It’s recommended that this move is forgotten. Once forgotten, this move can’t be remembered."
"738","19","The user grows a gigantic stalk that scatters seeds to attack the target. The seeds drain the target’s HP every turn."
"738","20","This move can’t be used. It’s recommended that this move is forgotten. Once forgotten, this move can’t be remembered."
"739","19","The user attacks with a crystal made of cold frozen haze. It eliminates every stat change among all the Pokémon engaged in battle."
"739","20","This move can’t be used. It’s recommended that this move is forgotten. Once forgotten, this move can’t be remembered."
"740","19","The user attacks the target by wrapping it with a whirlwind of an overpowering scent. This also heals all status conditions of the user’s party."
"740","20","This move can’t be used. It’s recommended that this move is forgotten. Once forgotten, this move can’t be remembered."
"741","19","The more Eevee loves its Trainer, the greater the move’s power. It never misses."
"741","20","This move can’t be used. It’s recommended that this move is forgotten. Once forgotten, this move can’t be remembered."
"742","19","The user rotates, centering the hex nut in its chest, and then strikes with its arms twice in a row. This may also make the target flinch."
"743","20","This move enables the user to protect itself from all attacks. Its chance of failing rises if it is used in succession."
"744","20","The user unleashes a strong beam from its core. This move deals twice the damage if the target is Dynamaxed."
"744","25","The user condenses energy within its body and unleashes that energy from its core to inflict damage."
"745","20","The user ignores the effects of opposing Pokémon’s moves and Abilities that draw in moves, allowing this move to hit the chosen target."
"745","24","The user ignores the effects of opposing Pokémon's moves and Abilities that draw in moves, allowing this move to hit the chosen target."
"746","20","This move prevents the user and the target from switching out until either of them faints. The effect goes away if either of the Pokémon leaves the field."
"747","20","The user eats its held Berry, then sharply raises its Defense stat."
"747","25","The user eats its held Berry, then sharply boosts its Defense stat."
"748","20","This move raises all the user’s stats but prevents the user from switching out or fleeing."
"748","24","This move raises all the user's stats but prevents the user from switching out or fleeing."
"748","25","This move boosts all the user's stats but prevents the user from switching out or fleeing."
"749","20","The user pours sticky tar over the target, lowering the target’s Speed stat. The target becomes weaker to Fire-type moves."
"749","24","The user pours sticky tar over the target, lowering the target's Speed stat. The target becomes weaker to Fire-type moves."
"750","20","The user scatters a cloud of magic powder that changes the target to Psychic type."
"750","25","The user scatters a cloud of magic powder that changes the target's type to Psychic."
"751","20","The user attacks twice using Dreepy. If there are two targets, this move hits each target once."
"751","25","The user attacks twice using Dreepy. If there are two opposing Pokémon, this move hits each of them once."
"752","20","The user has teatime with all the Pokémon in the battle. Each Pokémon eats its held Berry."
"752","25","The user has teatime with all the Pokémon currently in the battle. Each Pokémon eats its held Berry."
"753","20","The user locks the target in and prevents it from fleeing. This move also lowers the target’s Defense and Sp. Def every turn."
"754","20","The user stabs the target with its electrified beak. If the user attacks before the target, the power of this move is doubled."
"755","20","The user rends the target with its hard gills. If the user attacks before the target, the power of this move is doubled."
"756","20","With its mysterious power, the user swaps the effects on either side of the field."
"757","20","This is a Fire-type attack Dynamax Pokémon use. The user intensifies the sun for five turns."
"758","20","This is a Bug-type attack Dynamax Pokémon use. This lowers the target’s Sp. Atk stat."
"759","20","This is an Electric-type attack Dynamax Pokémon use. The user turns the ground into Electric Terrain for five turns."
"760","20","This is a Normal-type attack Dynamax Pokémon use. This lowers the target’s Speed stat."
"761","20","This is a Fighting-type attack Dynamax Pokémon use. This raises ally Pokémon’s Attack stats."
"762","20","This is a Ghost-type attack Dynamax Pokémon use. This lowers the target’s Defense stat."
"763","20","This is an Ice-type attack Dynamax Pokémon use. The user summons a hailstorm lasting five turns."
"764","20","This is a Poison-type attack Dynamax Pokémon use. This raises ally Pokémon’s Sp. Atk stats."
"765","20","This is a Water-type attack Dynamax Pokémon use. The user summons a heavy rain that falls for five turns."
"766","20","This is a Flying-type attack Dynamax Pokémon use. This raises ally Pokémon’s Speed stats."
"767","20","This is a Fairy-type attack Dynamax Pokémon use. The user turns the ground into Misty Terrain for five turns."
"768","20","This is a Dragon-type attack Dynamax Pokémon use. This lowers the target’s Attack stat."
"769","20","This is a Psychic-type attack Dynamax Pokémon use. The user turns the ground into Psychic Terrain for five turns."
"770","20","This is a Rock-type attack Dynamax Pokémon use. The user summons a sandstorm lasting five turns."
"771","20","This is a Ground-type attack Dynamax Pokémon use. This raises ally Pokémon’s Sp. Def stats."
"772","20","This is a Dark-type attack Dynamax Pokémon use. This lowers the target’s Sp. Def stat."
"773","20","This is a Grass-type attack Dynamax Pokémon use. The user turns the ground into Grassy Terrain for five turns."
"774","20","This is a Steel-type attack Dynamax Pokémon use. This raises ally Pokémon’s Defense stats."
"775","20","The user raises all its stats by using some of its HP."
"775","25","The user boosts all its stats by using some of its own HP."
"776","20","The user attacks by slamming its body into the target. The higher the user’s Defense, the more damage it can inflict on the target."
"776","24","The user attacks by slamming its body into the target. The higher the user's Defense, the more damage it can inflict on the target."
"776","25","The user attacks by slamming its body into the target. The higher the user's Defense stat, the greater the damage this move deals."
"777","20","The user sharply raises the target’s Attack and Sp. Atk stats by decorating the target."
"777","24","The user sharply raises the target's Attack and Sp. Atk stats by decorating the target."
"777","25","The user sharply boosts the target's Attack and Sp. Atk stats by decorating the target."
"778","20","The user plays its drum, controlling the drum’s roots to attack the target. This also lowers the target’s Speed stat."
"778","24","The user plays its drum, controlling the drum's roots to attack the target. This also lowers the target's Speed stat."
"779","20","The user snares the target in a snap trap for four to five turns."
"780","20","The user attacks by igniting a small stone and launching it as a fiery ball at the target. This may also leave the target with a burn."
"781","20","The user becomes a gigantic sword and cuts the target. This move deals twice the damage if the target is Dynamaxed."
"782","20","The user becomes a gigantic shield and slams into the target. This move deals twice the damage if the target is Dynamaxed."
"783","20","Morpeko attacks and raises its Speed with the energy stored in its cheeks. This move’s type changes depending on the user’s form."
"783","24","Morpeko attacks and raises its Speed with the energy stored in its cheeks. This move's type changes depending on the user's form."
"783","25","Morpeko attacks and boosts its Speed stat with the energy stored in its cheeks. This move's type changes depending on the user's form."
"784","20","The user swings its tough tail wildly and attacks opposing Pokémon. This also lowers their Attack stats."
"785","20","The user attacks the target by poking it with a sharply pointed branch."
"786","20","The user attacks opposing Pokémon by twanging a guitar or bass guitar, causing a huge echo and strong vibration."
"787","20","The user attacks the target with an acidic liquid created from tart apples. This also lowers the target’s Sp. Def stat."
"787","24","The user attacks the target with an acidic liquid created from tart apples. This also lowers the target's Sp. Def stat."
"788","20","The user inflicts damage by dropping an apple from high above. This also lowers the target’s Defense stat."
"788","24","The user inflicts damage by dropping an apple from high above. This also lowers the target's Defense stat."
"789","20","The user attacks the target with so much force that it could break the target’s spirit. This also lowers the target’s Sp. Atk stat."
"789","24","The user attacks the target with so much force that it could break the target's spirit. This also lowers the target's Sp. Atk stat."
"790","20","The user attacks the target by emitting steam. This may also confuse the target."
"791","20","The user scatters mysterious water around and restores the HP of itself and its ally Pokémon in the battle."
"791","25","The user scatters mysterious water around and restores the HP of itself and its ally Pokémon currently in the battle."
"792","20","This move enables the user to protect itself from all attacks. Its chance of failing rises if it is used in succession. Direct contact harshly lowers the attacker’s Defense stat."
"793","20","The user pretends to bow its head, but then it stabs the target with its disheveled hair. This attack never misses."
"794","20","The user attacks wildly with its thick leek. The user can’t move on the next turn, because the force of this move makes it stagger."
"795","20","This is Eternatus’s most powerful attack in its original form. The user can’t move on the next turn."
"796","20","The user fires a beam of steel that it collected from its entire body. This also damages the user."
"797","20","The user attacks the target with its psychic power. This move’s power goes up and damages all opposing Pokémon on Psychic Terrain."
"797","24","The user attacks the target with its psychic power. This move's power goes up and damages all opposing Pokémon on Psychic Terrain."
"797","25","The user attacks the target with its psychic power. When the ground is Psychic Terrain, this move's power is boosted and it damages all opposing Pokémon."
"798","20","The user attacks while destroying the terrain. This move fails when the ground hasn’t turned into a terrain."
"798","24","The user attacks while destroying the terrain. This move fails when the ground hasn't turned into a terrain."
"798","25","The user attacks while destroying the terrain. This move fails if the ground hasn't turned into a terrain."
"799","20","The user attacks by shooting scales two to five times in a row. This move boosts the user’s Speed stat but lowers its Defense stat."
"799","24","The user attacks by shooting scales two to five times in a row. This move boosts the user's Speed stat but lowers its Defense stat."
"800","20","In this two-turn attack, the user gathers space power and boosts its Sp. Atk stat, then attacks the target on the next turn."
"800","25","The user gathers energy from space and boosts its Sp. Atk stat on the first turn, then attacks on the next turn."
"801","20","This move inflicts physical or special damage, whichever will be more effective. This may also poison the target."
"801","25","This move is either physical or special—whichever will inflict more damage. This may also poison the target."
"802","20","The user attacks everything around it and faints upon using this move. This move’s power is increased on Misty Terrain."
"802","24","The user attacks everything around it and faints upon using this move. This move's power is increased on Misty Terrain."
"802","25","The user attacks everything around it and faints upon using this move. This move's power is boosted on Misty Terrain."
"803","20","Gliding on the ground, the user attacks the target. This move always goes first on Grassy Terrain."
"804","20","The user attacks with electric voltage rising from the ground. This move’s power doubles when the target is on Electric Terrain."
"804","24","The user attacks with electric voltage rising from the ground. This move's power doubles when the target is on Electric Terrain."
"804","25","The user attacks with electricity rising from the ground. This move's power is doubled if the target is on Electric Terrain."
"805","20","The user utilizes the power of the terrain to attack. This move’s type and power changes depending on the terrain when it’s used."
"805","24","The user utilizes the power of the terrain to attack. This move's type and power changes depending on the terrain when it's used."
"805","25","The user utilizes the energy of the terrain to attack. This move’s type and power change depending on the terrain at the time the move is used."
"806","20","The user skitters behind the target to attack. This also lowers the target’s Sp. Atk stat."
"806","24","The user skitters behind the target to attack. This also lowers the target's Sp. Atk stat."
"807","20","The user attacks with energy from jealousy. This leaves all opposing Pokémon that have had their stats boosted during the turn with a burn."
"808","20","The user lashes out to vent its frustration toward the target. If the user’s stats were lowered during this turn, the power of this move is doubled."
"808","24","The user lashes out to vent its frustration toward the target. If its stats were lowered during the turn, the power of this move is doubled."
"808","25","The user lashes out to vent its frustration toward the target. This move's power is doubled if the user's stats were lowered during this turn."
"809","20","The user attacks the target by controlling the target’s item. The move fails if the target doesn’t have an item."
"809","24","The user attacks the target by controlling the target's item. The move fails if the target doesn't have an item."
"809","25","The user attacks by controlling the target's item. This move fails if the target isn't holding an item."
"810","20","The user surrounds everything around it with highly acidic gas and melts away items they hold."
"811","20","The user properly coaches its ally Pokémon, boosting their Attack and Defense stats."
"812","20","After making its attack, the user rushes back to switch places with a party Pokémon in waiting."
"813","20","A consecutive three-kick attack that becomes more powerful with each successful hit."
"814","20","The user slams the target with its wings. The target is hit twice in a row."
"814","25","The user slams the target with its wings to inflict damage. The target is hit twice in a row."
"815","20","The user throws scorching sand at the target to attack. This may also leave the target with a burn."
"816","20","The user becomes one with the jungle, restoring HP and healing any status conditions of itself and its ally Pokémon in battle."
"816","25","The user becomes one with the jungle, restoring HP and curing status conditions for itself and its ally Pokémon currently in the battle."
"817","20","The user, having mastered the Dark style, strikes the target with a fierce blow. This attack always results in a critical hit."
"817","25","The user, having mastered the Dark style, strikes the target with a fierce blow. This move always lands a critical hit."
"818","20","The user, having mastered the Water style, strikes the target with a flowing motion three times in a row. This attack always results in a critical hit."
"818","25","The user, having mastered the Water style, strikes the target with a flowing motion three times in a row. This move always lands a critical hit."
"819","20","The user traps the target in a cage of sparking electricity for four to five turns."
"819","25","The user traps the target inside a cage of sparking electricity that inflicts damage for four to five turns."
"820","20","Converting its life-force into power, the user attacks opposing Pokémon. The lower the user’s HP, the lower the move’s power."
"820","24","Converting its life-force into power, the user attacks opposing Pokémon. The lower the user's HP, the lower the move's power."
"821","20","The user shoots its psychic power from its eyes to attack. This may also leave the target frozen."
"822","20","The user transforms its wrath into a fire-like aura to attack. This may also make opposing Pokémon flinch."
"823","20","The user overwhelms the target with lightning-like movement before delivering a kick. This also lowers the target’s Defense stat."
"823","24","The user overwhelms the target with lightning-like movement before delivering a kick. This also lowers the target's Defense stat."
"824","20","The user attacks by hurling a blizzard-cloaked icicle lance at opposing Pokémon."
"825","20","The user attacks by sending a frightful amount of small ghosts at opposing Pokémon."
"826","20","The user attacks with its tremendous psychic power. This also removes 3 PP from the target’s last move."
"826","24","The user attacks with its tremendous psychic power. This also removes 3 PP from the target's last move."
"826","25","The user attacks with its tremendous psychic power. This also drains 3 PP from the move last used by the target."
"827","24","The user lashes out at the target with ruinous claws, aiming to land a critical hit. This may also leave the target poisoned, paralyzed, or drowsy."
"827","25","The user lashes out at the target with ruinous claws. This may also leave the target poisoned, paralyzed, or asleep."
"828","24","Cloaking itself in psychic energy, the user slams into the target. This may also raise the user’s defensive stats."
"828","25","Cloaking itself in psychic energy, the user slams into the target. This also boosts the user’s Defense stat."
"829","24","The user swaps its offensive and defensive stats."
"829","25","The user swaps its Attack and Defense stats."
"830","24","The user swings its stone axes at the target, aiming to land a critical hit. Stone splinters left behind by this attack continue to damage the target for several turns."
"830","25","The user swings its stone axes at the target. Stone splinters left behind by this attack float around the target."
"831","24","The user attacks by wrapping the target in fierce winds brimming with love and hate. This move’s additional effects depend on the user’s form."
"831","25","The user attacks by wrapping opposing Pokémon in fierce winds brimming with love and hate. This may also lower their Attack stats."
"832","24","The user strengthens itself with a mysterious power. If it excels in offense, its offensive stats are raised. If it excels in defense, its defensive stats are raised."
"832","25","The user attacks by emitting a mysterious power. This also boosts the user’s Sp. Atk stat."
"833","24","The user rampages and spews vicious flames to inflict damage on the target, then becomes fixated on using this move."
"833","25","The user rampages around spewing flames for two to three turns. The user then becomes confused."
"834","24","The user shrouds itself in water and slams into the target with its whole body to inflict damage. This also damages the user and raises the user’s action speed."
"834","25","The user shrouds itself in water and slams into the target with its whole body to inflict damage. This also damages the user quite a lot."
"835","24","The user launches its amassed chlorophyll to inflict damage on the target. This also damages the user and lowers the user's action speed."
"835","25","The user launches its amassed chlorophyll to inflict damage on the target. This also damages the user."
"836","24","The user hurls giant chunks of ice at the target to inflict damage."
"836","25","The user hurls giant chunks of ice at the target to inflict damage. This may also make the target flinch."
"837","24","The user performs a dance to usher in victory. This raises the user’s offensive and defensive stats and increases the damage dealt by the user’s moves by 50 percent."
"837","25","The user performs an intense dance to usher in victory, boosting its Attack, Defense, and Speed stats."
"838","24","The user smashes into the target in a full-body tackle. This also lowers the user’s defensive stats."
"838","25","The user smashes into the target in a full-body tackle. This also lowers the user’s Defense and Sp. Def stats."
"839","24","The user launches countless toxic barbs to inflict damage. This may also poison the target. This move’s power is doubled if the target has a status condition."
"839","25","The user launches countless toxic barbs to inflict damage. This may also poison the target. This move’s power is doubled if the target is already poisoned."
"840","24","The user slashes the target with aura-enriched wings. This also raises the user's action speed. This move has a heightened chance of landing a critical hit."
"840","25","The user slashes the target with aura-enriched wings. This also boosts the user's Speed stat. This move has a heightened chance of landing a critical hit."
"841","24","The user attacks its target with spine-chilling resentment. This may also leave the target with frostbite. This move's power is doubled if the target has a status condition."
"841","25","The user attacks the target with spine-chilling resentment. This also lowers the target’s Attack stat."
"842","24","The user makes its skin as hard as an iron shield, raising its defensive stats. Incoming moves also become more likely to miss."
"842","25","The user makes its skin as hard as an iron shield, sharply boosting its Defense stat."
"843","24","The user delivers an axe kick, then fires three arrows. This raises the chance of its future attacks landing critical hits and also lowers the target's defensive stats."
"843","25","The user kicks, then fires three arrows. This move has a heightened chance of landing a critical hit and may also lower the target’s Defense stat or make it flinch."
"844","24","The user attacks with myriad fireballs. This may also leave the target with a burn. This move's power is doubled if the target has a status condition."
"845","24","The user slashes its shell blade at the target, aiming to land a critical hit. Shell splinters left behind by this attack will continue to damage the target for several turns."
"845","25","The user slashes its shell blade at the target. Shell splinters left behind by this attack remain scattered under the target as spikes."
"846","24","The user attacks with savagely cold winds that cause both body and spirit to tremble. This may also leave the target with frostbite."
"846","25","The user attacks with savagely cold winds that cause both body and spirit to tremble. This may also lower the Speed stats of opposing Pokémon."
"847","24","The user summons a thunderous tempest and savagely attacks with lightning and wind. This may also leave the target with paralysis."
"847","25","The user summons a thunderous tempest and savagely attacks with lightning and wind. This may also leave opposing Pokémon with paralysis."
"848","24","The user attacks by wrapping the target in fierce winds and searingly hot sand. This also leaves the target with a burn."
"848","25","The user attacks by wrapping opposing Pokémon in fierce winds and searingly hot sand. This may also leave them with a burn."
"849","24","The user heals its own status conditions and restores its HP. Incoming moves also become more likely to miss."
"849","25","The user receives a blessing from the crescent moon, restoring HP and curing status conditions for itself and its ally Pokémon currently in the battle."
"850","24","The user lifts its spirits, healing its own status conditions and raising its offensive and defensive stats."
"850","25","The user lifts its spirits, curing its own status conditions and boosting its Sp. Atk and Sp. Def stats."
"851","25","If the user has Terastallized, it unleashes energy of its Tera Type. This move inflicts damage using the Attack or Sp. Atk stat—whichever is higher for the user."
"852","25","The user spins a silken trap, protecting itself from damage while lowering the Speed stat of any attacker that makes direct contact."
"853","25","The user attacks by kicking up into the air and slamming its heel down upon the target. This may also confuse the target. If it misses, the user takes damage instead."
"854","25","The user attacks to avenge its allies. The more defeated allies there are in the user's party, the greater the move's power."
"855","25","The user attacks by unleashing a peculiar light that even affects the mind. This also harshly lowers the target's Sp. Def stat."
"856","25","The user attacks with elegant poise. If the user has a Tatsugiri in its mouth, this move boosts one of the user's stats based on the Tatsugiri's form."
"857","25","The user summons a torrent around its fist and punches at blinding speed. This move always goes first."
"858","25","The user emits an incredibly spicy extract, sharply boosting the target's Attack stat and harshly lowering the target's Defense stat."
"859","25","The user spins furiously by straining its legs, inflicting damage on the target. This also harshly lowers the user's Speed stat."
"860","25","The user’s fellows gather in droves to perform a combo attack that hits the target one to ten times in a row."
"861","25","The user covers its feet in thin ice and twirls around, slamming into the target. This move's spinning motion also destroys the terrain."
"862","25","The user throws its entire body into a reckless charge. After this move is used, attacks on the user cannot miss and will inflict double damage until the user’s next turn."
"863","25","The user bestows a loving blessing, reviving a party Pokémon that has fainted and restoring half that Pokémon's max HP."
"864","25","The user salt cures the target, inflicting damage every turn. Steel and Water types are more strongly affected by this move."
"865","25","The user performs a perfectly timed triple dive, hitting the target with splashes of water three times in a row."
"866","25","The user performs a spin attack that can also eliminate the effects of such moves as Bind, Wrap, and Leech Seed. This also poisons opposing Pokémon."
"867","25","The user captures the very essence of the target in a sketch. This changes the Abilities of the user and its ally Pokémon to that of the target."
"868","25","The user sharply boosts its Attack, Sp. Atk, and Speed stats by using its own HP."
"869","25","The user slashes at the target after kowtowing to make the target let down its guard. This attack never misses."
"870","25","The user throws a rigged bouquet of flowers at the target. This attack never misses and always lands a critical hit."
"871","25","The user blows out raging flames as if singing a song, scorching the target. This also boosts the user's Sp. Atk stat."
"872","25","The user toys with the target and attacks it using light and fluid dance steps. This also boosts the user's Speed stat."
"873","25","The user performs a tackle like a raging bull. This move's type depends on the user's form. It can also break barriers, such as Light Screen and Reflect."
"874","25","The user attacks by throwing out a mass of coins. This also lowers the user's Sp. Atk stat. Money is earned after the battle."
"875","25","The user rends the target with an ethereal blade. This move's power is boosted by 50 percent if the user is on Electric Terrain."
"876","25","The user blasts the target with boiling-hot water. This move's power is not lowered in harsh sunlight but rather boosted by 50 percent."
"877","25","The user summons a ruinous disaster. This cuts the target’s HP in half."
"878","25","The user transforms and crashes to the ground, causing a massive prehistoric explosion. This move's power is boosted more than usual if it’s a supereffective hit."
"879","25","The user races forward at ultrafast speeds, piercing its target with futuristic electricity. This move's power is boosted more than usual if it's a supereffective hit."
"880","25","The user creates a substitute for itself using its own HP before switching places with a party Pokémon in waiting."
"881","25","The user tells a chillingly bad joke before switching places with a party Pokémon in waiting. This summons a snowstorm lasting five turns."
"882","25","The user tidies up and removes the effects of Spikes, Stealth Rock, Sticky Web, Toxic Spikes, and Substitute. This also boosts the user’s Attack and Speed stats."
"883","25","The user summons a snowstorm lasting five turns. This boosts the Defense stats of Ice types."
"884","25","The user attacks by pouncing on the target. This also lowers the target's Speed stat."
"885","25","The user attacks suddenly as if leaping out from tall grass. The user's nimble footwork boosts its Speed stat."
"886","25","The user attacks the target by showering it with water that's so cold it saps the target's power. This also lowers the target's Attack stat."
"887","25","The user spins the pointed part of its body at high speed to pierce the target. This attack can hit a target using a move such as Protect or Detect."
"888","25","The user shoots mystical beams from its eyes to inflict damage. The target is hit twice in a row."
"889","25","The user converts its rage into energy to attack. The more times the user has been hit by attacks, the greater the move's power."
"890","25","The user shoots its own armor out as blazing projectiles. This also lowers the user’s Defense and Sp. Def stats."
"891","25","The user focuses its bitter feelings toward the world of the living into a slashing attack. The user's HP is restored by up to half the damage taken by the target."
"892","25","The user discharges all the electricity from its body to perform a high-damage attack. After using this move, the user will no longer be Electric type."
"893","25","The user swings its whole body around to attack with its huge hammer. This move can't be used twice in a row."
"894","25","The user retaliates with much greater force against the opponent that last inflicted damage on it."
"895","25","The user expels pressurized water to cut at the target like a blade. This move has a heightened chance of landing a critical hit."
"901","25","The user unleashes the full brunt of its spirit from a full moon that shines as red as blood. This move can't be used twice in a row."
"902","25","The user fires a blast of tea that it mixed. The user's HP is restored by up to half the damage taken by the target. This may also leave the target with a burn."
"903","25","The user sets off an explosion of sticky candy syrup, which coats the target and causes the target's Speed stat to drop each turn for three turns."
"904","25","The user strikes with an ivy-wrapped cudgel. This move's type changes depending on the mask worn by the user, and it has a heightened chance of landing a critical hit."
"905","25","The user gathers electricity on the first turn, boosting its Sp. Atk stat, then fires a high-voltage shot on the next turn. The shot will be fired immediately in rain."
"906","25","With the power of its crystals, the user bombards and eliminates the target. When used by Terapagos in its Stellar Form, this move damages all opposing Pokémon."
"907","25","The user shoots a beam of light to inflict damage. Sometimes all the user's heads shoot beams in unison, doubling the move's power."
"908","25","The user's intensely hot fur protects it from attacks and also burns any attacker that makes direct contact with it."
"909","25","This move enables the user to attack first with a jolt of electricity. This move fails if the target is not readying an attack."
"910","25","The user wields the light that has accumulated atop its head to cleave the target. This move hits even if the target protects itself."
"911","25","The user attacks by launching particle blades at the target twice in a row. This attack never misses."
"912","25","The target is crushed with an arm, a claw, or the like to inflict damage. The more HP the target has left, the greater the move's power."
"913","25","The user raises its allies’ morale with a draconic cry so that their future attacks have a heightened chance of landing critical hits. This rouses Dragon types more."
"914","25","The user attacks the target using its angelic voice. This also confuses the target if its stats have been boosted during the turn."
"915","25","Spurred by desperation, the user attacks the target. This move's power is doubled if the user's previous move failed."
"916","25","The user electrifies its body and drops onto the target to inflict damage. If this move misses, the user takes damage instead."
"917","25","The user attacks the target with unpleasant sound waves. For two turns, the target is prevented from recovering HP through moves, Abilities, or held items."
"918","25","The user reacts to the target's movement and strikes with the heel of its palm, making the target flinch. This move fails if the target is not readying a priority move."
"919","25","The user pours toxins into the target by wrapping them in a toxic, corrosive chain. This may also leave the target badly poisoned."
