item_id,local_language_id,name
1,1,マスターボール
1,9,Master Ball
1,11,マスターボール
2,1,ハイパーボール
2,9,Ultra Ball
2,11,ハイパーボール
3,1,スーパーボール
3,9,Great Ball
3,11,スーパーボール
4,1,モンスターボール
4,9,Poké Ball
4,11,モンスターボール
5,1,サファリボール
5,9,Safari Ball
5,11,サファリボール
6,1,ネットボール
6,9,Net Ball
6,11,ネットボール
7,1,ダイブボール
7,9,Dive Ball
7,11,ダイブボール
8,1,ネストボール
8,9,Nest Ball
8,11,ネストボール
9,1,リピートボール
9,9,Repeat Ball
9,11,リピートボール
10,1,タイマーボール
10,9,Timer Ball
10,11,タイマーボール
11,1,ゴージャスボール
11,9,Luxury Ball
11,11,ゴージャスボール
12,1,プレミアボール
12,9,Premier Ball
12,11,プレミアボール
13,1,ダークボール
13,9,Dusk Ball
13,11,ダークボール
14,1,ヒールボール
14,9,Heal Ball
14,11,ヒールボール
15,1,クイックボール
15,9,Quick Ball
15,11,クイックボール
16,1,プレシャスボール
16,9,Cherish Ball
16,11,プレシャスボール
17,1,キズぐすり
17,9,Potion
17,11,キズぐすり
18,1,どくけし
18,9,Antidote
18,11,どくけし
19,1,やけどなおし
19,9,Burn Heal
19,11,やけどなおし
20,1,こおりなおし
20,9,Ice Heal
20,11,こおりなおし
21,1,ねむけざまし
21,9,Awakening
21,11,ねむけざまし
22,1,まひなおし
22,9,Paralyze Heal
22,11,まひなおし
23,1,かいふくのくすり
23,9,Full Restore
23,11,かいふくのくすり
24,1,まんたんのくすり
24,9,Max Potion
24,11,まんたんのくすり
25,1,すごいキズぐすり
25,9,Hyper Potion
25,11,すごいキズぐすり
26,1,いいキズぐすり
26,9,Super Potion
26,11,いいキズぐすり
27,1,なんでもなおし
27,9,Full Heal
27,11,なんでもなおし
28,1,げんきのかけら
28,9,Revive
28,11,げんきのかけら
29,1,げんきのかたまり
29,9,Max Revive
29,11,げんきのかたまり
30,1,おいしいみず
30,9,Fresh Water
30,11,おいしいみず
31,1,サイコソーダ
31,9,Soda Pop
31,11,サイコソーダ
32,1,ミックスオレ
32,9,Lemonade
32,11,ミックスオレ
33,1,モーモーミルク
33,9,Moomoo Milk
33,11,モーモーミルク
34,1,ちからのこな
34,9,Energy Powder
34,11,ちからのこな
35,1,ちからのねっこ
35,9,Energy Root
35,11,ちからのねっこ
36,1,ばんのうごな
36,9,Heal Powder
36,11,ばんのうごな
37,1,ふっかつそう
37,9,Revival Herb
37,11,ふっかつそう
38,1,ピーピーエイド
38,9,Ether
38,11,ピーピーエイド
39,1,ピーピーリカバー
39,9,Max Ether
39,11,ピーピーリカバー
40,1,ピーピーエイダー
40,9,Elixir
40,11,ピーピーエイダー
41,1,ピーピーマックス
41,9,Max Elixir
41,11,ピーピーマックス
42,1,フエンせんべい
42,9,Lava Cookie
42,11,フエンせんべい
43,1,きのみジュース
43,9,Berry Juice
43,11,きのみジュース
44,1,せいなるはい
44,9,Sacred Ash
44,11,せいなるはい
45,1,マックスアップ
45,9,HP Up
45,11,マックスアップ
46,1,タウリン
46,9,Protein
46,11,タウリン
47,1,ブロムヘキシン
47,9,Iron
47,11,ブロムヘキシン
48,1,インドメタシン
48,9,Carbos
48,11,インドメタシン
49,1,リゾチウム
49,9,Calcium
49,11,リゾチウム
50,1,ふしぎなアメ
50,9,Rare Candy
50,11,ふしぎなアメ
51,1,ポイントアップ
51,9,PP Up
51,11,ポイントアップ
52,1,キトサン
52,9,Zinc
52,11,キトサン
53,1,ポイントマックス
53,9,PP Max
53,11,ポイントマックス
54,1,もりのヨウカン
54,9,Old Gateau
54,11,もりのヨウカン
55,1,エフェクトガード
55,9,Guard Spec.
55,11,エフェクトガード
56,1,クリティカット
56,9,Dire Hit
56,11,クリティカット
57,1,プラスパワー
57,9,X Attack
57,11,プラスパワー
58,1,ディフェンダー
58,9,X Defense
58,11,ディフェンダー
59,1,スピーダー
59,9,X Speed
59,11,スピーダー
60,1,ヨクアタール
60,9,X Accuracy
60,11,ヨクアタール
61,1,スペシャルアップ
61,9,X Sp. Atk
61,11,スペシャルアップ
62,1,スペシャルガード
62,9,X Sp. Def
62,11,スペシャルガード
63,1,ピッピにんぎょう
63,9,Poké Doll
63,11,ピッピにんぎょう
64,1,エネコのシッポ
64,9,Fluffy Tail
64,11,エネコのシッポ
65,1,あおいビードロ
65,9,Blue Flute
65,11,あおいビードロ
66,1,きいろビードロ
66,9,Yellow Flute
66,11,きいろビードロ
67,1,あかいビードロ
67,9,Red Flute
67,11,あかいビードロ
68,1,くろいビードロ
68,9,Black Flute
68,11,くろいビードロ
69,1,しろいビードロ
69,9,White Flute
69,11,しろいビードロ
70,1,あさせのしお
70,9,Shoal Salt
70,11,あさせのしお
71,1,あさせのかいがら
71,9,Shoal Shell
71,11,あさせのかいがら
72,1,あかいかけら
72,9,Red Shard
72,11,あかいかけら
73,1,あおいかけら
73,9,Blue Shard
73,11,あおいかけら
74,1,きいろいかけら
74,9,Yellow Shard
74,11,きいろいかけら
75,1,みどりのかけら
75,9,Green Shard
75,11,みどりのかけら
76,1,シルバースプレー
76,9,Super Repel
76,11,シルバースプレー
77,1,ゴールドスプレー
77,9,Max Repel
77,11,ゴールドスプレー
78,1,あなぬけのヒモ
78,9,Escape Rope
78,11,あなぬけのヒモ
79,1,むしよけスプレー
79,9,Repel
79,11,むしよけスプレー
80,1,たいようのいし
80,9,Sun Stone
80,11,たいようのいし
81,1,つきのいし
81,9,Moon Stone
81,11,つきのいし
82,1,ほのおのいし
82,9,Fire Stone
82,11,ほのおのいし
83,1,かみなりのいし
83,9,Thunder Stone
83,11,かみなりのいし
84,1,みずのいし
84,9,Water Stone
84,11,みずのいし
85,1,リーフのいし
85,9,Leaf Stone
85,11,リーフのいし
86,1,ちいさなキノコ
86,9,Tiny Mushroom
86,11,ちいさなキノコ
87,1,おおきなキノコ
87,9,Big Mushroom
87,11,おおきなキノコ
88,1,しんじゅ
88,9,Pearl
88,11,しんじゅ
89,1,おおきなしんじゅ
89,9,Big Pearl
89,11,おおきなしんじゅ
90,1,ほしのすな
90,9,Stardust
90,11,ほしのすな
91,1,ほしのかけら
91,9,Star Piece
91,11,ほしのかけら
92,1,きんのたま
92,9,Nugget
92,11,きんのたま
93,1,ハートのウロコ
93,9,Heart Scale
93,11,ハートのウロコ
94,1,あまいミツ
94,9,Honey
94,11,あまいミツ
95,1,すくすくこやし
95,9,Growth Mulch
95,11,すくすくこやし
96,1,じめじめこやし
96,9,Damp Mulch
96,11,じめじめこやし
97,1,ながながこやし
97,9,Stable Mulch
97,11,ながながこやし
98,1,ねばねばこやし
98,9,Gooey Mulch
98,11,ねばねばこやし
99,1,ねっこのカセキ
99,9,Root Fossil
99,11,ねっこのカセキ
100,1,ツメのカセキ
100,9,Claw Fossil
100,11,ツメのカセキ
101,1,かいのカセキ
101,9,Helix Fossil
101,11,かいのカセキ
102,1,こうらのカセキ
102,9,Dome Fossil
102,11,こうらのカセキ
103,1,ひみつのコハク
103,9,Old Amber
103,11,ひみつのコハク
104,1,たてのカセキ
104,9,Armor Fossil
104,11,たてのカセキ
105,1,ずがいのカセキ
105,9,Skull Fossil
105,11,ずがいのカセキ
106,1,きちょうなホネ
106,9,Rare Bone
106,11,きちょうなホネ
107,1,ひかりのいし
107,9,Shiny Stone
107,11,ひかりのいし
108,1,やみのいし
108,9,Dusk Stone
108,11,やみのいし
109,1,めざめいし
109,9,Dawn Stone
109,11,めざめいし
110,1,まんまるいし
110,9,Oval Stone
110,11,まんまるいし
111,1,かなめいし
111,9,Odd Keystone
111,11,かなめいし
112,1,こんごうだま
112,9,Adamant Orb
112,11,こんごうだま
113,1,しらたま
113,9,Lustrous Orb
113,11,しらたま
114,1,グラスメール
114,9,Grass Mail
115,1,フレイムメール
115,9,Flame Mail
116,1,ブルーメール
116,9,Bubble Mail
117,1,ブルームメール
117,9,Bloom Mail
118,1,トンネルメール
118,9,Tunnel Mail
119,1,スチールメール
119,9,Steel Mail
120,1,ラブラブメール
120,9,Heart Mail
121,1,ブリザードメール
121,9,Snow Mail
122,1,スペースメール
122,9,Space Mail
123,1,エアメール
123,9,Air Mail
124,1,モザイクメール
124,9,Mosaic Mail
125,1,ブリックメール
125,9,Brick Mail
126,1,クラボのみ
126,9,Cheri Berry
126,11,クラボのみ
127,1,カゴのみ
127,9,Chesto Berry
127,11,カゴのみ
128,1,モモンのみ
128,9,Pecha Berry
128,11,モモンのみ
129,1,チーゴのみ
129,9,Rawst Berry
129,11,チーゴのみ
130,1,ナナシのみ
130,9,Aspear Berry
130,11,ナナシのみ
131,1,ヒメリのみ
131,9,Leppa Berry
131,11,ヒメリのみ
132,1,オレンのみ
132,9,Oran Berry
132,11,オレンのみ
133,1,キーのみ
133,9,Persim Berry
133,11,キーのみ
134,1,ラムのみ
134,9,Lum Berry
134,11,ラムのみ
135,1,オボンのみ
135,9,Sitrus Berry
135,11,オボンのみ
136,1,フィラのみ
136,9,Figy Berry
136,11,フィラのみ
137,1,ウイのみ
137,9,Wiki Berry
137,11,ウイのみ
138,1,マゴのみ
138,9,Mago Berry
138,11,マゴのみ
139,1,バンジのみ
139,9,Aguav Berry
139,11,バンジのみ
140,1,イアのみ
140,9,Iapapa Berry
140,11,イアのみ
141,1,ズリのみ
141,9,Razz Berry
141,11,ズリのみ
142,1,ブリーのみ
142,9,Bluk Berry
142,11,ブリーのみ
143,1,ナナのみ
143,9,Nanab Berry
143,11,ナナのみ
144,1,セシナのみ
144,9,Wepear Berry
144,11,セシナのみ
145,1,パイルのみ
145,9,Pinap Berry
145,11,パイルのみ
146,1,ザロクのみ
146,9,Pomeg Berry
146,11,ザロクのみ
147,1,ネコブのみ
147,9,Kelpsy Berry
147,11,ネコブのみ
148,1,タポルのみ
148,9,Qualot Berry
148,11,タポルのみ
149,1,ロメのみ
149,9,Hondew Berry
149,11,ロメのみ
150,1,ウブのみ
150,9,Grepa Berry
150,11,ウブのみ
151,1,マトマのみ
151,9,Tamato Berry
151,11,マトマのみ
152,1,モコシのみ
152,9,Cornn Berry
152,11,モコシのみ
153,1,ゴスのみ
153,9,Magost Berry
153,11,ゴスのみ
154,1,ラブタのみ
154,9,Rabuta Berry
154,11,ラブタのみ
155,1,ノメルのみ
155,9,Nomel Berry
155,11,ノメルのみ
156,1,ノワキのみ
156,9,Spelon Berry
156,11,ノワキのみ
157,1,シーヤのみ
157,9,Pamtre Berry
157,11,シーヤのみ
158,1,カイスのみ
158,9,Watmel Berry
158,11,カイスのみ
159,1,ドリのみ
159,9,Durin Berry
159,11,ドリのみ
160,1,ベリブのみ
160,9,Belue Berry
160,11,ベリブのみ
161,1,オッカのみ
161,9,Occa Berry
161,11,オッカのみ
162,1,イトケのみ
162,9,Passho Berry
162,11,イトケのみ
163,1,ソクノのみ
163,9,Wacan Berry
163,11,ソクノのみ
164,1,リンドのみ
164,9,Rindo Berry
164,11,リンドのみ
165,1,ヤチェのみ
165,9,Yache Berry
165,11,ヤチェのみ
166,1,ヨプのみ
166,9,Chople Berry
166,11,ヨプのみ
167,1,ビアーのみ
167,9,Kebia Berry
167,11,ビアーのみ
168,1,シュカのみ
168,9,Shuca Berry
168,11,シュカのみ
169,1,バコウのみ
169,9,Coba Berry
169,11,バコウのみ
170,1,ウタンのみ
170,9,Payapa Berry
170,11,ウタンのみ
171,1,タンガのみ
171,9,Tanga Berry
171,11,タンガのみ
172,1,ヨロギのみ
172,9,Charti Berry
172,11,ヨロギのみ
173,1,カシブのみ
173,9,Kasib Berry
173,11,カシブのみ
174,1,ハバンのみ
174,9,Haban Berry
174,11,ハバンのみ
175,1,ナモのみ
175,9,Colbur Berry
175,11,ナモのみ
176,1,リリバのみ
176,9,Babiri Berry
176,11,リリバのみ
177,1,ホズのみ
177,9,Chilan Berry
177,11,ホズのみ
178,1,チイラのみ
178,9,Liechi Berry
178,11,チイラのみ
179,1,リュガのみ
179,9,Ganlon Berry
179,11,リュガのみ
180,1,カムラのみ
180,9,Salac Berry
180,11,カムラのみ
181,1,ヤタピのみ
181,9,Petaya Berry
181,11,ヤタピのみ
182,1,ズアのみ
182,9,Apicot Berry
182,11,ズアのみ
183,1,サンのみ
183,9,Lansat Berry
183,11,サンのみ
184,1,スターのみ
184,9,Starf Berry
184,11,スターのみ
185,1,ナゾのみ
185,9,Enigma Berry
185,11,ナゾのみ
186,1,ミクルのみ
186,9,Micle Berry
186,11,ミクルのみ
187,1,イバンのみ
187,9,Custap Berry
187,11,イバンのみ
188,1,ジャポのみ
188,9,Jaboca Berry
188,11,ジャポのみ
189,1,レンブのみ
189,9,Rowap Berry
189,11,レンブのみ
190,1,ひかりのこな
190,9,Bright Powder
190,11,ひかりのこな
191,1,しろいハーブ
191,9,White Herb
191,11,しろいハーブ
192,1,きょうせいギプス
192,9,Macho Brace
192,11,きょうせいギプス
193,1,がくしゅうそうち
193,9,Exp. Share
193,11,がくしゅうそうち
194,1,せんせいのツメ
194,9,Quick Claw
194,11,せんせいのツメ
195,1,やすらぎのすず
195,9,Soothe Bell
195,11,やすらぎのすず
196,1,メンタルハーブ
196,9,Mental Herb
196,11,メンタルハーブ
197,1,こだわりハチマキ
197,9,Choice Band
197,11,こだわりハチマキ
198,1,おうじゃのしるし
198,9,King’s Rock
198,11,おうじゃのしるし
199,1,ぎんのこな
199,9,Silver Powder
199,11,ぎんのこな
200,1,おまもりこばん
200,9,Amulet Coin
200,11,おまもりこばん
201,1,きよめのおふだ
201,9,Cleanse Tag
201,11,きよめのおふだ
202,1,こころのしずく
202,9,Soul Dew
202,11,こころのしずく
203,1,しんかいのキバ
203,9,Deep Sea Tooth
203,11,しんかいのキバ
204,1,しんかいのウロコ
204,9,Deep Sea Scale
204,11,しんかいのウロコ
205,1,けむりだま
205,9,Smoke Ball
205,11,けむりだま
206,1,かわらずのいし
206,9,Everstone
206,11,かわらずのいし
207,1,きあいのハチマキ
207,9,Focus Band
207,11,きあいのハチマキ
208,1,しあわせタマゴ
208,9,Lucky Egg
208,11,しあわせタマゴ
209,1,ピントレンズ
209,9,Scope Lens
209,11,ピントレンズ
210,1,メタルコート
210,9,Metal Coat
210,11,メタルコート
211,1,たべのこし
211,9,Leftovers
211,11,たべのこし
212,1,りゅうのウロコ
212,9,Dragon Scale
212,11,りゅうのウロコ
213,1,でんきだま
213,9,Light Ball
213,11,でんきだま
214,1,やわらかいすな
214,9,Soft Sand
214,11,やわらかいすな
215,1,かたいいし
215,9,Hard Stone
215,11,かたいいし
216,1,きせきのタネ
216,9,Miracle Seed
216,11,きせきのタネ
217,1,くろいメガネ
217,9,Black Glasses
217,11,くろいメガネ
218,1,くろおび
218,9,Black Belt
218,11,くろおび
219,1,じしゃく
219,9,Magnet
219,11,じしゃく
220,1,しんぴのしずく
220,9,Mystic Water
220,11,しんぴのしずく
221,1,するどいくちばし
221,9,Sharp Beak
221,11,するどいくちばし
222,1,どくバリ
222,9,Poison Barb
222,11,どくバリ
223,1,とけないこおり
223,9,Never-Melt Ice
223,11,とけないこおり
224,1,のろいのおふだ
224,9,Spell Tag
224,11,のろいのおふだ
225,1,まがったスプーン
225,9,Twisted Spoon
225,11,まがったスプーン
226,1,もくたん
226,9,Charcoal
226,11,もくたん
227,1,りゅうのキバ
227,9,Dragon Fang
227,11,りゅうのキバ
228,1,シルクのスカーフ
228,9,Silk Scarf
228,11,シルクのスカーフ
229,1,アップグレード
229,9,Upgrade
229,11,アップグレード
230,1,かいがらのすず
230,9,Shell Bell
230,11,かいがらのすず
231,1,うしおのおこう
231,9,Sea Incense
231,11,うしおのおこう
232,1,のんきのおこう
232,9,Lax Incense
232,11,のんきのおこう
233,1,ラッキーパンチ
233,9,Lucky Punch
233,11,ラッキーパンチ
234,1,メタルパウダー
234,9,Metal Powder
234,11,メタルパウダー
235,1,ふといホネ
235,9,Thick Club
235,11,ふといホネ
236,1,ながねぎ
236,9,Leek
236,11,ながねぎ
237,1,あかいバンダナ
237,9,Red Scarf
237,11,あかいバンダナ
238,1,あおいバンダナ
238,9,Blue Scarf
238,11,あおいバンダナ
239,1,ピンクのバンダナ
239,9,Pink Scarf
239,11,ピンクのバンダナ
240,1,みどりのバンダナ
240,9,Green Scarf
240,11,みどりのバンダナ
241,1,きいろのバンダナ
241,9,Yellow Scarf
241,11,きいろのバンダナ
242,1,こうかくレンズ
242,9,Wide Lens
242,11,こうかくレンズ
243,1,ちからのハチマキ
243,9,Muscle Band
243,11,ちからのハチマキ
244,1,ものしりメガネ
244,9,Wise Glasses
244,11,ものしりメガネ
245,1,たつじんのおび
245,9,Expert Belt
245,11,たつじんのおび
246,1,ひかりのねんど
246,9,Light Clay
246,11,ひかりのねんど
247,1,いのちのたま
247,9,Life Orb
247,11,いのちのたま
248,1,パワフルハーブ
248,9,Power Herb
248,11,パワフルハーブ
249,1,どくどくだま
249,9,Toxic Orb
249,11,どくどくだま
250,1,かえんだま
250,9,Flame Orb
250,11,かえんだま
251,1,スピードパウダー
251,9,Quick Powder
251,11,スピードパウダー
252,1,きあいのタスキ
252,9,Focus Sash
252,11,きあいのタスキ
253,1,フォーカスレンズ
253,9,Zoom Lens
253,11,フォーカスレンズ
254,1,メトロノーム
254,9,Metronome
254,11,メトロノーム
255,1,くろいてっきゅう
255,9,Iron Ball
255,11,くろいてっきゅう
256,1,こうこうのしっぽ
256,9,Lagging Tail
256,11,こうこうのしっぽ
257,1,あかいいと
257,9,Destiny Knot
257,11,あかいいと
258,1,くろいヘドロ
258,9,Black Sludge
258,11,くろいヘドロ
259,1,つめたいいわ
259,9,Icy Rock
259,11,つめたいいわ
260,1,さらさらいわ
260,9,Smooth Rock
260,11,さらさらいわ
261,1,あついいわ
261,9,Heat Rock
261,11,あついいわ
262,1,しめったいわ
262,9,Damp Rock
262,11,しめったいわ
263,1,ねばりのかぎづめ
263,9,Grip Claw
263,11,ねばりのかぎづめ
264,1,こだわりスカーフ
264,9,Choice Scarf
264,11,こだわりスカーフ
265,1,くっつきバリ
265,9,Sticky Barb
265,11,くっつきバリ
266,1,パワーリスト
266,9,Power Bracer
266,11,パワーリスト
267,1,パワーベルト
267,9,Power Belt
267,11,パワーベルト
268,1,パワーレンズ
268,9,Power Lens
268,11,パワーレンズ
269,1,パワーバンド
269,9,Power Band
269,11,パワーバンド
270,1,パワーアンクル
270,9,Power Anklet
270,11,パワーアンクル
271,1,パワーウエイト
271,9,Power Weight
271,11,パワーウエイト
272,1,きれいなぬけがら
272,9,Shed Shell
272,11,きれいなぬけがら
273,1,おおきなねっこ
273,9,Big Root
273,11,おおきなねっこ
274,1,こだわりメガネ
274,9,Choice Specs
274,11,こだわりメガネ
275,1,ひのたまプレート
275,9,Flame Plate
275,11,ひのたまプレート
276,1,しずくプレート
276,9,Splash Plate
276,11,しずくプレート
277,1,いかずちプレート
277,9,Zap Plate
277,11,いかずちプレート
278,1,みどりのプレート
278,9,Meadow Plate
278,11,みどりのプレート
279,1,つららのプレート
279,9,Icicle Plate
279,11,つららのプレート
280,1,こぶしのプレート
280,9,Fist Plate
280,11,こぶしのプレート
281,1,もうどくプレート
281,9,Toxic Plate
281,11,もうどくプレート
282,1,だいちのプレート
282,9,Earth Plate
282,11,だいちのプレート
283,1,あおぞらプレート
283,9,Sky Plate
283,11,あおぞらプレート
284,1,ふしぎのプレート
284,9,Mind Plate
284,11,ふしぎのプレート
285,1,たまむしプレート
285,9,Insect Plate
285,11,たまむしプレート
286,1,がんせきプレート
286,9,Stone Plate
286,11,がんせきプレート
287,1,もののけプレート
287,9,Spooky Plate
287,11,もののけプレート
288,1,りゅうのプレート
288,9,Draco Plate
288,11,りゅうのプレート
289,1,こわもてプレート
289,9,Dread Plate
289,11,こわもてプレート
290,1,こうてつプレート
290,9,Iron Plate
290,11,こうてつプレート
291,1,あやしいおこう
291,9,Odd Incense
291,11,あやしいおこう
292,1,がんせきおこう
292,9,Rock Incense
292,11,がんせきおこう
293,1,まんぷくおこう
293,9,Full Incense
293,11,まんぷくおこう
294,1,さざなみのおこう
294,9,Wave Incense
294,11,さざなみのおこう
295,1,おはなのおこう
295,9,Rose Incense
295,11,おはなのおこう
296,1,こううんのおこう
296,9,Luck Incense
296,11,こううんのおこう
297,1,きよめのおこう
297,9,Pure Incense
297,11,きよめのおこう
298,1,プロテクター
298,9,Protector
298,11,プロテクター
299,1,エレキブースター
299,9,Electirizer
299,11,エレキブースター
300,1,マグマブースター
300,9,Magmarizer
300,11,マグマブースター
301,1,あやしいパッチ
301,9,Dubious Disc
301,11,あやしいパッチ
302,1,れいかいのぬの
302,9,Reaper Cloth
302,11,れいかいのぬの
303,1,するどいツメ
303,9,Razor Claw
303,11,するどいツメ
304,1,するどいキバ
304,9,Razor Fang
304,11,するどいキバ
305,1,わざマシン０１
305,9,TM01
305,11,わざマシン０１
306,1,わざマシン０２
306,9,TM02
306,11,わざマシン０２
307,1,わざマシン０３
307,9,TM03
307,11,わざマシン０３
308,1,わざマシン０４
308,9,TM04
308,11,わざマシン０４
309,1,わざマシン０５
309,9,TM05
309,11,わざマシン０５
310,1,わざマシン０６
310,9,TM06
310,11,わざマシン０６
311,1,わざマシン０７
311,9,TM07
311,11,わざマシン０７
312,1,わざマシン０８
312,9,TM08
312,11,わざマシン０８
313,1,わざマシン０９
313,9,TM09
313,11,わざマシン０９
314,1,わざマシン１０
314,9,TM10
314,11,わざマシン１０
315,1,わざマシン１１
315,9,TM11
315,11,わざマシン１１
316,1,わざマシン１２
316,9,TM12
316,11,わざマシン１２
317,1,わざマシン１３
317,9,TM13
317,11,わざマシン１３
318,1,わざマシン１４
318,9,TM14
318,11,わざマシン１４
319,1,わざマシン１５
319,9,TM15
319,11,わざマシン１５
320,1,わざマシン１６
320,9,TM16
320,11,わざマシン１６
321,1,わざマシン１７
321,9,TM17
321,11,わざマシン１７
322,1,わざマシン１８
322,9,TM18
322,11,わざマシン１８
323,1,わざマシン１９
323,9,TM19
323,11,わざマシン１９
324,1,わざマシン２０
324,9,TM20
324,11,わざマシン２０
325,1,わざマシン２１
325,9,TM21
325,11,わざマシン２１
326,1,わざマシン２２
326,9,TM22
326,11,わざマシン２２
327,1,わざマシン２３
327,9,TM23
327,11,わざマシン２３
328,1,わざマシン２４
328,9,TM24
328,11,わざマシン２４
329,1,わざマシン２５
329,9,TM25
329,11,わざマシン２５
330,1,わざマシン２６
330,9,TM26
330,11,わざマシン２６
331,1,わざマシン２７
331,9,TM27
331,11,わざマシン２７
332,1,わざマシン２８
332,9,TM28
332,11,わざマシン２８
333,1,わざマシン２９
333,9,TM29
333,11,わざマシン２９
334,1,わざマシン３０
334,9,TM30
334,11,わざマシン３０
335,1,わざマシン３１
335,9,TM31
335,11,わざマシン３１
336,1,わざマシン３２
336,9,TM32
336,11,わざマシン３２
337,1,わざマシン３３
337,9,TM33
337,11,わざマシン３３
338,1,わざマシン３４
338,9,TM34
338,11,わざマシン３４
339,1,わざマシン３５
339,9,TM35
339,11,わざマシン３５
340,1,わざマシン３６
340,9,TM36
340,11,わざマシン３６
341,1,わざマシン３７
341,9,TM37
341,11,わざマシン３７
342,1,わざマシン３８
342,9,TM38
342,11,わざマシン３８
343,1,わざマシン３９
343,9,TM39
343,11,わざマシン３９
344,1,わざマシン４０
344,9,TM40
344,11,わざマシン４０
345,1,わざマシン４１
345,9,TM41
345,11,わざマシン４１
346,1,わざマシン４２
346,9,TM42
346,11,わざマシン４２
347,1,わざマシン４３
347,9,TM43
347,11,わざマシン４３
348,1,わざマシン４４
348,9,TM44
348,11,わざマシン４４
349,1,わざマシン４５
349,9,TM45
349,11,わざマシン４５
350,1,わざマシン４６
350,9,TM46
350,11,わざマシン４６
351,1,わざマシン４７
351,9,TM47
351,11,わざマシン４７
352,1,わざマシン４８
352,9,TM48
352,11,わざマシン４８
353,1,わざマシン４９
353,9,TM49
353,11,わざマシン４９
354,1,わざマシン５０
354,9,TM50
354,11,わざマシン５０
355,1,わざマシン５１
355,9,TM51
355,11,わざマシン５１
356,1,わざマシン５２
356,9,TM52
356,11,わざマシン５２
357,1,わざマシン５３
357,9,TM53
357,11,わざマシン５３
358,1,わざマシン５４
358,9,TM54
358,11,わざマシン５４
359,1,わざマシン５５
359,9,TM55
359,11,わざマシン５５
360,1,わざマシン５６
360,9,TM56
360,11,わざマシン５６
361,1,わざマシン５７
361,9,TM57
361,11,わざマシン５７
362,1,わざマシン５８
362,9,TM58
362,11,わざマシン５８
363,1,わざマシン５９
363,9,TM59
363,11,わざマシン５９
364,1,わざマシン６０
364,9,TM60
364,11,わざマシン６０
365,1,わざマシン６１
365,9,TM61
365,11,わざマシン６１
366,1,わざマシン６２
366,9,TM62
366,11,わざマシン６２
367,1,わざマシン６３
367,9,TM63
367,11,わざマシン６３
368,1,わざマシン６４
368,9,TM64
368,11,わざマシン６４
369,1,わざマシン６５
369,9,TM65
369,11,わざマシン６５
370,1,わざマシン６６
370,9,TM66
370,11,わざマシン６６
371,1,わざマシン６７
371,9,TM67
371,11,わざマシン６７
372,1,わざマシン６８
372,9,TM68
372,11,わざマシン６８
373,1,わざマシン６９
373,9,TM69
373,11,わざマシン６９
374,1,わざマシン７０
374,9,TM70
374,11,わざマシン７０
375,1,わざマシン７１
375,9,TM71
375,11,わざマシン７１
376,1,わざマシン７２
376,9,TM72
376,11,わざマシン７２
377,1,わざマシン７３
377,9,TM73
377,11,わざマシン７３
378,1,わざマシン７４
378,9,TM74
378,11,わざマシン７４
379,1,わざマシン７５
379,9,TM75
379,11,わざマシン７５
380,1,わざマシン７６
380,9,TM76
380,11,わざマシン７６
381,1,わざマシン７７
381,9,TM77
381,11,わざマシン７７
382,1,わざマシン７８
382,9,TM78
382,11,わざマシン７８
383,1,わざマシン７９
383,9,TM79
383,11,わざマシン７９
384,1,わざマシン８０
384,9,TM80
384,11,わざマシン８０
385,1,わざマシン８１
385,9,TM81
385,11,わざマシン８１
386,1,わざマシン８２
386,9,TM82
386,11,わざマシン８２
387,1,わざマシン８３
387,9,TM83
387,11,わざマシン８３
388,1,わざマシン８４
388,9,TM84
388,11,わざマシン８４
389,1,わざマシン８５
389,9,TM85
389,11,わざマシン８５
390,1,わざマシン８６
390,9,TM86
390,11,わざマシン８６
391,1,わざマシン８７
391,9,TM87
391,11,わざマシン８７
392,1,わざマシン８８
392,9,TM88
392,11,わざマシン８８
393,1,わざマシン８９
393,9,TM89
393,11,わざマシン８９
394,1,わざマシン９０
394,9,TM90
394,11,わざマシン９０
395,1,わざマシン９１
395,9,TM91
395,11,わざマシン９１
396,1,わざマシン９２
396,9,TM92
396,11,わざマシン９２
397,1,ひでんマシン０１
397,9,HM01
397,11,ひでんマシン０１
398,1,ひでんマシン０２
398,9,HM02
398,11,ひでんマシン０２
399,1,ひでんマシン０３
399,9,HM03
399,11,ひでんマシン０３
400,1,ひでんマシン０４
400,9,HM04
400,11,ひでんマシン０４
401,1,ひでんマシン０５
401,9,HM05
401,11,ひでんマシン０５
402,1,ひでんマシン０６
402,9,HM06
402,11,ひでんマシン０６
403,1,ひでんマシン０７
403,9,HM07
403,11,ひでんマシン０７
404,1,ひでんマシン０８
404,9,HM08
405,1,たんけんセット
405,9,Explorer Kit
405,11,たんけんセット
406,1,たからぶくろ
406,9,Loot Sack
406,11,たからぶくろ
407,1,ルールブック
407,9,Rule Book
407,11,ルールブック
408,1,ポケトレ
408,9,Poké Radar
408,11,ポケトレ
409,1,ポイントカード
409,9,Point Card
409,11,ポイントカード
410,1,ぼうけんノート
410,9,Journal
410,11,ぼうけんノート
411,1,シールいれ
411,9,Seal Case
411,11,シールいれ
412,1,アクセサリーいれ
412,9,Fashion Case
412,11,アクセサリーいれ
413,1,シールぶくろ
413,9,Seal Bag
413,11,シールぶくろ
414,1,ともだちてちょう
414,9,Pal Pad
414,11,ともだちてちょう
415,1,はつでんしょキー
415,9,Works Key
415,11,はつでんしょキー
416,1,こだいのおまもり
416,9,Old Charm
416,11,こだいのおまもり
417,1,ギンガだんのカギ
417,9,Galactic Key
417,11,ギンガだんのカギ
418,1,あかいくさり
418,9,Red Chain
418,11,あかいくさり
419,1,タウンマップ
419,9,Town Map
419,11,タウンマップ
420,1,バトルサーチャー
420,9,Vs. Seeker
420,11,バトルサーチャー
421,1,コインケース
421,9,Coin Case
421,11,コインケース
422,1,ボロのつりざお
422,9,Old Rod
422,11,ボロのつりざお
423,1,いいつりざお
423,9,Good Rod
423,11,いいつりざお
424,1,すごいつりざお
424,9,Super Rod
424,11,すごいつりざお
425,1,コダックじょうろ
425,9,Sprayduck
425,11,コダックじょうろ
426,1,ポフィンケース
426,9,Poffin Case
426,11,ポフィンケース
427,1,じてんしゃ
427,9,Bicycle
428,1,ルームキー
428,9,Suite Key
428,11,ルームキー
429,1,オーキドのてがみ
429,9,Oak’s Letter
429,11,オーキドのてがみ
430,1,みかづきのはね
430,9,Lunar Wing
430,11,みかづきのはね
431,1,メンバーズカード
431,9,Member Card
431,11,メンバーズカード
432,1,てんかいのふえ
432,9,Azure Flute
432,11,てんかいのふえ
433,1,ふねのチケット
433,9,S.S. Ticket
433,11,ふねのチケット
434,1,コンテストパス
434,9,Contest Pass
434,11,コンテストパス
435,1,かざんのおきいし
435,9,Magma Stone
435,11,かざんのおきいし
436,1,おとどけもの
436,9,Parcel
436,11,おとどけもの
437,1,ひきかえけん１
437,9,Coupon 1
437,11,ひきかえけん１
438,1,ひきかえけん２
438,9,Coupon 2
438,11,ひきかえけん２
439,1,ひきかえけん３
439,9,Coupon 3
439,11,ひきかえけん３
440,1,そうこのカギ
440,9,Storage Key
440,11,そうこのカギ
441,1,ひでんのくすり
441,9,Secret Potion
441,11,ひでんのくすり
442,1,はっきんだま
442,9,Griseous Orb
442,11,はっきんだま
443,1,バトルレコーダー
443,9,Vs. Recorder
443,11,バトルレコーダー
444,1,グラシデアのはな
444,9,Gracidea
444,11,グラシデアのはな
445,1,ひみつのカギ
445,9,Secret Key
445,11,ひみつのカギ
446,1,ぼんぐりケース
446,9,Apricorn Box
446,11,ぼんぐりケース
447,1,きのみプランター
447,9,Berry Pots
447,11,きのみプランター
448,1,ゼニガメじょうろ
448,9,Squirt Bottle
448,11,ゼニガメじょうろ
449,1,ルアーボール
449,9,Lure Ball
449,11,ルアーボール
450,1,レベルボール
450,9,Level Ball
450,11,レベルボール
451,1,ムーンボール
451,9,Moon Ball
451,11,ムーンボール
452,1,ヘビーボール
452,9,Heavy Ball
452,11,ヘビーボール
453,1,スピードボール
453,9,Fast Ball
453,11,スピードボール
454,1,フレンドボール
454,9,Friend Ball
454,11,フレンドボール
455,1,ラブラブボール
455,9,Love Ball
455,11,ラブラブボール
456,1,パークボール
456,9,Park Ball
456,11,パークボール
457,1,コンペボール
457,9,Sport Ball
457,11,コンペボール
458,1,あかぼんぐり
458,9,Red Apricorn
458,11,あかぼんぐり
459,1,あおぼんぐり
459,9,Blue Apricorn
459,11,あおぼんぐり
460,1,きぼんぐり
460,9,Yellow Apricorn
460,11,きぼんぐり
461,1,みどぼんぐり
461,9,Green Apricorn
461,11,みどぼんぐり
462,1,ももぼんぐり
462,9,Pink Apricorn
462,11,ももぼんぐり
463,1,しろぼんぐり
463,9,White Apricorn
463,11,しろぼんぐり
464,1,くろぼんぐり
464,9,Black Apricorn
464,11,くろぼんぐり
465,1,ダウジングマシン
465,9,Dowsing Machine
465,11,ダウジングマシン
466,1,いかりまんじゅう
466,9,Rage Candy Bar
466,11,いかりまんじゅう
467,1,べにいろのたま
467,9,Red Orb
467,11,べにいろのたま
468,1,あいいろのたま
468,9,Blue Orb
468,11,あいいろのたま
469,1,もえぎいろのたま
469,9,Jade Orb
469,11,もえぎいろのたま
470,1,なぞのすいしょう
470,9,Enigma Stone
470,11,なぞのすいしょう
471,1,アンノーンノート
471,9,Unown Report
471,11,アンノーンノート
472,1,ブルーカード
472,9,Blue Card
472,11,ブルーカード
473,1,おいしいシッポ
473,9,Slowpoke Tail
473,11,おいしいシッポ
474,1,とうめいなスズ
474,9,Clear Bell
474,11,とうめいなスズ
475,1,カードキー
475,9,Card Key
475,11,カードキー
476,1,ちかのかぎ
476,9,Basement Key
476,11,ちかのかぎ
477,1,あかいウロコ
477,9,Red Scale
477,11,あかいウロコ
478,1,おとしもの
478,9,Lost Item
478,11,おとしもの
479,1,リニアパス
479,9,Pass
479,11,リニアパス
480,1,きかいのぶひん
480,9,Machine Part
480,11,きかいのぶひん
481,1,ぎんいろのはね
481,9,Silver Wing
481,11,ぎんいろのはね
482,1,にじいろのはね
482,9,Rainbow Wing
482,11,にじいろのはね
483,1,ふしぎなタマゴ
483,9,Mystery Egg
483,11,ふしぎなタマゴ
484,1,ＧＢプレイヤー
484,9,GB Sounds
484,11,ＧＢプレイヤー
485,1,うみなりのスズ
485,9,Tidal Bell
485,11,うみなりのスズ
486,1,データカード０１
486,9,Data Card 01
486,11,データカード０１
487,1,データカード０２
487,9,Data Card 02
487,11,データカード０２
488,1,データカード０３
488,9,Data Card 03
488,11,データカード０３
489,1,データカード０４
489,9,Data Card 04
489,11,データカード０４
490,1,データカード０５
490,9,Data Card 05
490,11,データカード０５
491,1,データカード０６
491,9,Data Card 06
491,11,データカード０６
492,1,データカード０７
492,9,Data Card 07
492,11,データカード０７
493,1,データカード０８
493,9,Data Card 08
493,11,データカード０８
494,1,データカード０９
494,9,Data Card 09
494,11,データカード０９
495,1,データカード１０
495,9,Data Card 10
495,11,データカード１０
496,1,データカード１１
496,9,Data Card 11
496,11,データカード１１
497,1,データカード１２
497,9,Data Card 12
497,11,データカード１２
498,1,データカード１３
498,9,Data Card 13
498,11,データカード１３
499,1,データカード１４
499,9,Data Card 14
499,11,データカード１４
500,1,データカード１５
500,9,Data Card 15
500,11,データカード１５
501,1,データカード１６
501,9,Data Card 16
501,11,データカード１６
502,1,データカード１７
502,9,Data Card 17
502,11,データカード１７
503,1,データカード１８
503,9,Data Card 18
503,11,データカード１８
504,1,データカード１９
504,9,Data Card 19
504,11,データカード１９
505,1,データカード２０
505,9,Data Card 20
505,11,データカード２０
506,1,データカード２１
506,9,Data Card 21
506,11,データカード２１
507,1,データカード２２
507,9,Data Card 22
507,11,データカード２２
508,1,データカード２３
508,9,Data Card 23
508,11,データカード２３
509,1,データカード２４
509,9,Data Card 24
509,11,データカード２４
510,1,データカード２５
510,9,Data Card 25
510,11,データカード２５
511,1,データカード２６
511,9,Data Card 26
511,11,データカード２６
512,1,データカード２７
512,9,Data Card 27
512,11,データカード２７
513,1,ロックカプセル
513,9,Lock Capsule
513,11,ロックカプセル
514,1,フォトアルバム
514,9,Photo Album
514,11,フォトアルバム
515,1,オレンジメール
515,9,Orange Mail
516,1,ハーバーメール
516,9,Harbor Mail
517,1,キラキラメール
517,9,Glitter Mail
518,1,メカニカルメール
518,9,Mech Mail
519,1,ウッディメール
519,9,Wood Mail
520,1,クロスメール
520,9,Wave Mail
521,1,トレジャーメール
521,9,Bead Mail
522,1,シャドーメール
522,9,Shadow Mail
523,1,トロピカルメール
523,9,Tropic Mail
524,1,ドリームメール
524,9,Dream Mail
525,1,ミラクルメール
525,9,Fab Mail
526,1,レトロメール
526,9,Retro Mail
527,1,マッハじてんしゃ
527,9,Mach Bike
527,11,マッハじてんしゃ
528,1,ダートじてんしゃ
528,9,Acro Bike
528,11,ダートじてんしゃ
529,1,ホエルコじょうろ
529,9,Wailmer Pail
529,11,ホエルコじょうろ
530,1,デボンのにもつ
530,9,Devon Goods
531,1,はいぶくろ
531,9,Soot Sack
531,11,はいぶくろ
532,1,ポロックケース
532,9,Pokéblock Case
533,1,ダイゴへのてがみ
533,9,Letter
533,11,ダイゴへのてがみ
534,1,むげんのチケット
534,9,Eon Ticket
534,11,むげんのチケット
535,1,たんちき
535,9,Scanner
535,11,たんちき
536,1,ゴーゴーゴーグル
536,9,Go-Goggles
536,11,ゴーゴーゴーグル
537,1,いんせき
537,9,Meteorite
537,11,いんせき
538,1,１ごうしつのカギ
538,9,Rm. 1 Key
539,1,２ごうしつのカギ
539,9,Rm. 2 Key
540,1,４ごうしつのカギ
540,9,Rm. 4 Key
541,1,６ごうしつのカギ
541,9,Rm. 6 Key
542,1,デボンスコープ
542,9,Devon Scope
542,11,デボンスコープ
543,1,おとどけもの
543,9,Oak’s Parcel
544,1,ポケモンのふえ
544,9,Poké Flute
544,11,ポケモンのふえ
545,1,ひきかえけん
545,9,Bike Voucher
546,1,きんのいれば
546,9,Gold Teeth
546,11,きんのいれば
547,1,エレベータのカギ
547,9,Lift Key
547,11,エレベータのカギ
548,1,シルフスコープ
548,9,Silph Scope
548,11,シルフスコープ
549,1,ボイスチェッカー
549,9,Fame Checker
550,1,わざマシンケース
550,9,TM Case
550,11,わざマシンケース
551,1,きのみぶくろ
551,9,Berry Pouch
552,1,おしえテレビ
552,9,Teachy TV
553,1,トライパス
553,9,Tri-Pass
554,1,レインボーパス
554,9,Rainbow Pass
555,1,おちゃ
555,9,Tea
555,11,おちゃ
556,1,しんぴのチケット
556,9,MysticTicket
557,1,オーロラチケット
557,9,AuroraTicket
558,1,こないれ
558,9,Powder Jar
559,1,ルビー
559,9,Ruby
560,1,サファイア
560,9,Sapphire
561,1,マグマのしるし
561,9,Magma Emblem
562,1,ふるびたかいず
562,9,Old Sea Map
563,1,アクアカセット
563,9,Douse Drive
563,11,アクアカセット
564,1,イナズマカセット
564,9,Shock Drive
564,11,イナズマカセット
565,1,ブレイズカセット
565,9,Burn Drive
565,11,ブレイズカセット
566,1,フリーズカセット
566,9,Chill Drive
566,11,フリーズカセット
567,1,ハートスイーツ
567,9,Sweet Heart
567,11,ハートスイーツ
568,1,はじめてメール
568,9,Greet Mail
568,11,はじめてメール
569,1,だいすきメール
569,9,Favored Mail
569,11,だいすきメール
570,1,おさそいメール
570,9,RSVP Mail
570,11,おさそいメール
571,1,かんしゃメール
571,9,Thanks Mail
571,11,かんしゃメール
572,1,しつもんメール
572,9,Inquiry Mail
572,11,しつもんメール
573,1,おすすめメール
573,9,Like Mail
573,11,おすすめメール
574,1,おかえしメール
574,9,Reply Mail
574,11,おかえしメール
575,1,ブリッジメールＳ
575,9,Bridge Mail S
575,11,ブリッジメールＳ
576,1,ブリッジメールＨ
576,9,Bridge Mail D
576,11,ブリッジメールＨ
577,1,ブリッジメールＣ
577,9,Bridge Mail T
577,11,ブリッジメールＣ
578,1,ブリッジメールＶ
578,9,Bridge Mail V
578,11,ブリッジメールＶ
579,1,ブリッジメールＷ
579,9,Bridge Mail M
579,11,ブリッジメールＷ
580,1,きれいなウロコ
580,9,Prism Scale
580,11,きれいなウロコ
581,1,しんかのきせき
581,9,Eviolite
581,11,しんかのきせき
582,1,かるいし
582,9,Float Stone
582,11,かるいし
583,1,ゴツゴツメット
583,9,Rocky Helmet
583,11,ゴツゴツメット
584,1,ふうせん
584,9,Air Balloon
584,11,ふうせん
585,1,レッドカード
585,9,Red Card
585,11,レッドカード
586,1,ねらいのまと
586,9,Ring Target
586,11,ねらいのまと
587,1,しめつけバンド
587,9,Binding Band
587,11,しめつけバンド
588,1,きゅうこん
588,9,Absorb Bulb
588,11,きゅうこん
589,1,じゅうでんち
589,9,Cell Battery
589,11,じゅうでんち
590,1,だっしゅつボタン
590,9,Eject Button
590,11,だっしゅつボタン
591,1,ほのおのジュエル
591,9,Fire Gem
591,11,ほのおのジュエル
592,1,みずのジュエル
592,9,Water Gem
592,11,みずのジュエル
593,1,でんきのジュエル
593,9,Electric Gem
593,11,でんきのジュエル
594,1,くさのジュエル
594,9,Grass Gem
594,11,くさのジュエル
595,1,こおりのジュエル
595,9,Ice Gem
595,11,こおりのジュエル
596,1,かくとうジュエル
596,9,Fighting Gem
596,11,かくとうジュエル
597,1,どくのジュエル
597,9,Poison Gem
597,11,どくのジュエル
598,1,じめんのジュエル
598,9,Ground Gem
598,11,じめんのジュエル
599,1,ひこうのジュエル
599,9,Flying Gem
599,11,ひこうのジュエル
600,1,エスパージュエル
600,9,Psychic Gem
600,11,エスパージュエル
601,1,むしのジュエル
601,9,Bug Gem
601,11,むしのジュエル
602,1,いわのジュエル
602,9,Rock Gem
602,11,いわのジュエル
603,1,ゴーストジュエル
603,9,Ghost Gem
603,11,ゴーストジュエル
604,1,あくのジュエル
604,9,Dark Gem
604,11,あくのジュエル
605,1,はがねのジュエル
605,9,Steel Gem
605,11,はがねのジュエル
606,1,たいりょくのハネ
606,9,Health Feather
606,11,たいりょくのハネ
607,1,きんりょくのハネ
607,9,Muscle Feather
607,11,きんりょくのハネ
608,1,ていこうのハネ
608,9,Resist Feather
608,11,ていこうのハネ
609,1,ちりょくのハネ
609,9,Genius Feather
609,11,ちりょくのハネ
610,1,せいしんのハネ
610,9,Clever Feather
610,11,せいしんのハネ
611,1,しゅんぱつのハネ
611,9,Swift Feather
611,11,しゅんぱつのハネ
612,1,きれいなハネ
612,9,Pretty Feather
612,11,きれいなハネ
613,1,ふたのカセキ
613,9,Cover Fossil
613,11,ふたのカセキ
614,1,はねのカセキ
614,9,Plume Fossil
614,11,はねのカセキ
615,1,リバティチケット
615,9,Liberty Pass
615,11,リバティチケット
616,1,デルダマ
616,9,Pass Orb
616,11,デルダマ
617,1,ドリームボール
617,9,Dream Ball
617,11,ドリームボール
618,1,ポケじゃらし
618,9,Poké Toy
618,11,ポケじゃらし
619,1,グッズケース
619,9,Prop Case
619,11,グッズケース
620,1,ドラゴンのホネ
620,9,Dragon Skull
620,11,ドラゴンのホネ
621,1,かおるキノコ
621,9,Balm Mushroom
621,11,かおるキノコ
622,1,でかいきんのたま
622,9,Big Nugget
622,11,でかいきんのたま
623,1,おだんごしんじゅ
623,9,Pearl String
623,11,おだんごしんじゅ
624,1,すいせいのかけら
624,9,Comet Shard
624,11,すいせいのかけら
625,1,こだいのどうか
625,9,Relic Copper
625,11,こだいのどうか
626,1,こだいのぎんか
626,9,Relic Silver
626,11,こだいのぎんか
627,1,こだいのきんか
627,9,Relic Gold
627,11,こだいのきんか
628,1,こだいのツボ
628,9,Relic Vase
628,11,こだいのツボ
629,1,こだいのうでわ
629,9,Relic Band
629,11,こだいのうでわ
630,1,こだいのせきぞう
630,9,Relic Statue
630,11,こだいのせきぞう
631,1,こだいのおうかん
631,9,Relic Crown
631,11,こだいのおうかん
632,1,ヒウンアイス
632,9,Casteliacone
632,11,ヒウンアイス
633,1,クリティカット２
633,9,Dire Hit 2
633,11,クリティカット２
634,1,スピーダー２
634,9,X Speed 2
634,11,スピーダー２
635,1,ＳＰアップ２
635,9,X Sp. Atk 2
635,11,ＳＰアップ２
636,1,ＳＰガード２
636,9,X Sp. Def 2
636,11,ＳＰガード２
637,1,ディフェンダー２
637,9,X Defense 2
637,11,ディフェンダー２
638,1,プラスパワー２
638,9,X Attack 2
638,11,プラスパワー２
639,1,ヨクアタール２
639,9,X Accuracy 2
639,11,ヨクアタール２
640,1,スピーダー３
640,9,X Speed 3
640,11,スピーダー３
641,1,ＳＰアップ３
641,9,X Sp. Atk 3
641,11,ＳＰアップ３
642,1,ＳＰガード３
642,9,X Sp. Def 3
642,11,ＳＰガード３
643,1,ディフェンダー３
643,9,X Defense 3
643,11,ディフェンダー３
644,1,プラスパワー３
644,9,X Attack 3
644,11,プラスパワー３
645,1,ヨクアタール３
645,9,X Accuracy 3
645,11,ヨクアタール３
646,1,スピーダー６
646,9,X Speed 6
646,11,スピーダー６
647,1,ＳＰアップ６
647,9,X Sp. Atk 6
647,11,ＳＰアップ６
648,1,ＳＰガード６
648,9,X Sp. Def 6
648,11,ＳＰガード６
649,1,ディフェンダー６
649,9,X Defense 6
649,11,ディフェンダー６
650,1,プラスパワー６
650,9,X Attack 6
650,11,プラスパワー６
651,1,ヨクアタール６
651,9,X Accuracy 6
651,11,ヨクアタール６
652,1,スキルコール
652,9,Ability Urge
652,11,スキルコール
653,1,アイテムドロップ
653,9,Item Drop
653,11,アイテムドロップ
654,1,アイテムコール
654,9,Item Urge
654,11,アイテムコール
655,1,フラットコール
655,9,Reset Urge
655,11,フラットコール
656,1,クリティカット３
656,9,Dire Hit 3
656,11,クリティカット３
657,1,ライトストーン
657,9,Light Stone
657,11,ライトストーン
658,1,ダークストーン
658,9,Dark Stone
658,11,ダークストーン
659,1,わざマシン９３
659,9,TM93
659,11,わざマシン９３
660,1,わざマシン９４
660,9,TM94
660,11,わざマシン９４
661,1,わざマシン９５
661,9,TM95
661,11,わざマシン９５
662,1,ライブキャスター
662,9,Xtransceiver
662,11,ライブキャスター
663,1,ゴッドストーン
663,9,god stone
664,1,はいたつぶつ１
664,9,Gram 1
664,11,はいたつぶつ１
665,1,はいたつぶつ２
665,9,Gram 2
665,11,はいたつぶつ２
666,1,はいたつぶつ３
666,9,Gram 3
666,11,はいたつぶつ３
668,1,ドラゴンジュエル
668,9,Dragon Gem
668,11,ドラゴンジュエル
669,1,ノーマルジュエル
669,9,Normal Gem
669,11,ノーマルジュエル
670,1,メダルボックス
670,9,Medal Box
670,11,メダルボックス
671,1,いでんしのくさび
671,9,DNA Splicers
671,11,いでんしのくさび
673,1,きょかしょう
673,9,Permit
673,11,きょかしょう
674,1,まるいおまもり
674,9,Oval Charm
674,11,まるいおまもり
675,1,ひかるおまもり
675,9,Shiny Charm
675,11,ひかるおまもり
676,1,プラズマカード
676,9,Plasma Card
676,11,プラズマカード
677,1,よごれたハンカチ
677,9,Grubby Hanky
677,11,よごれたハンカチ
678,1,アクロママシーン
678,9,Colress Machine
678,11,アクロママシーン
679,1,わすれもの
679,9,Dropped Item
679,11,わすれもの
681,1,うつしかがみ
681,9,Reveal Glass
681,11,うつしかがみ
682,1,じゃくてんほけん
682,9,Weakness Policy
682,11,じゃくてんほけん
683,1,とつげきチョッキ
683,9,Assault Vest
683,11,とつげきチョッキ
684,1,せいれいプレート
684,9,Pixie Plate
684,11,せいれいプレート
685,1,とくせいカプセル
685,9,Ability Capsule
685,11,とくせいカプセル
686,1,ホイップポップ
686,9,Whipped Dream
686,11,ホイップポップ
687,1,においぶくろ
687,9,Sachet
687,11,においぶくろ
688,1,ひかりごけ
688,9,Luminous Moss
688,11,ひかりごけ
689,1,ゆきだま
689,9,Snowball
689,11,ゆきだま
690,1,ぼうじんゴーグル
690,9,Safety Goggles
690,11,ぼうじんゴーグル
691,1,たわわこやし
691,9,Rich Mulch
691,11,たわわこやし
692,1,びっくりこやし
692,9,Surprise Mulch
692,11,びっくりこやし
693,1,ぐんぐんこやし
693,9,Boost Mulch
693,11,ぐんぐんこやし
694,1,とんでもこやし
694,9,Amaze Mulch
694,11,とんでもこやし
695,1,ゲンガナイト
695,9,Gengarite
695,11,ゲンガナイト
696,1,サーナイトナイト
696,9,Gardevoirite
696,11,サーナイトナイト
697,1,デンリュウナイト
697,9,Ampharosite
697,11,デンリュウナイト
698,1,フシギバナイト
698,9,Venusaurite
698,11,フシギバナイト
699,1,リザードナイトＸ
699,9,Charizardite X
699,11,リザードナイトＸ
700,1,カメックスナイト
700,9,Blastoisinite
700,11,カメックスナイト
701,1,ミュウツナイトＸ
701,9,Mewtwonite X
701,11,ミュウツナイトＸ
702,1,ミュウツナイトＹ
702,9,Mewtwonite Y
702,11,ミュウツナイトＹ
703,1,バシャーモナイト
703,9,Blazikenite
703,11,バシャーモナイト
704,1,チャーレムナイト
704,9,Medichamite
704,11,チャーレムナイト
705,1,ヘルガナイト
705,9,Houndoominite
705,11,ヘルガナイト
706,1,ボスゴドラナイト
706,9,Aggronite
706,11,ボスゴドラナイト
707,1,ジュペッタナイト
707,9,Banettite
707,11,ジュペッタナイト
708,1,バンギラスナイト
708,9,Tyranitarite
708,11,バンギラスナイト
709,1,ハッサムナイト
709,9,Scizorite
709,11,ハッサムナイト
710,1,カイロスナイト
710,9,Pinsirite
710,11,カイロスナイト
711,1,プテラナイト
711,9,Aerodactylite
711,11,プテラナイト
712,1,ルカリオナイト
712,9,Lucarionite
712,11,ルカリオナイト
713,1,ユキノオナイト
713,9,Abomasite
713,11,ユキノオナイト
714,1,ガルーラナイト
714,9,Kangaskhanite
714,11,ガルーラナイト
715,1,ギャラドスナイト
715,9,Gyaradosite
715,11,ギャラドスナイト
716,1,アブソルナイト
716,9,Absolite
716,11,アブソルナイト
717,1,リザードナイトＹ
717,9,Charizardite Y
717,11,リザードナイトＹ
718,1,フーディナイト
718,9,Alakazite
718,11,フーディナイト
719,1,ヘラクロスナイト
719,9,Heracronite
719,11,ヘラクロスナイト
720,1,クチートナイト
720,9,Mawilite
720,11,クチートナイト
721,1,ライボルトナイト
721,9,Manectite
721,11,ライボルトナイト
722,1,ガブリアスナイト
722,9,Garchompite
722,11,ガブリアスナイト
723,1,ロゼルのみ
723,9,Roseli Berry
723,11,ロゼルのみ
724,1,アッキのみ
724,9,Kee Berry
724,11,アッキのみ
725,1,タラプのみ
725,9,Maranga Berry
725,11,タラプのみ
726,1,バーゲンチケット
726,9,Discount Coupon
726,11,バーゲンチケット
727,1,ふしぎなおきもの
727,9,Strange Souvenir
727,11,ふしぎなおきもの
728,1,ミアレガレット
728,9,Lumiose Galette
728,11,ミアレガレット
729,1,アゴのカセキ
729,9,Jaw Fossil
729,11,アゴのカセキ
730,1,ヒレのカセキ
730,9,Sail Fossil
730,11,ヒレのカセキ
731,1,ようせいジュエル
731,9,Fairy Gem
731,11,ようせいジュエル
732,1,たんけんこころえ
732,9,Adventure Guide
732,11,たんけんこころえ
733,1,エレベータのキー
733,9,Elevator Key
733,11,エレベータのキー
734,1,ホロキャスター
734,9,Holo Caster
734,11,ホロキャスター
735,1,カロスエンブレム
735,9,Honor of Kalos
735,11,カロスエンブレム
736,1,すごそうないし
736,9,Intriguing Stone
736,11,すごそうないし
737,1,レンズケース
737,9,Lens Case
737,11,レンズケース
738,1,ハンサムチケット
738,9,Looker Ticket
738,11,ハンサムチケット
739,1,メガリング
739,9,Mega Ring
739,11,メガリング
740,1,はつでんしょパス
740,9,Power Plant Pass
740,11,はつでんしょパス
741,1,はかせのてがみ
741,9,Prof’s Letter
741,11,はかせのてがみ
742,1,ローラースケート
742,9,Roller Skates
742,11,ローラースケート
743,1,ハスボーじょうろ
743,9,Sprinklotad
743,11,ハスボーじょうろ
744,1,ＴＭＶパス
744,9,TMV Pass
744,11,ＴＭＶパス
745,1,わざマシン９６
745,9,TM96
745,11,わざマシン９６
746,1,わざマシン９７
746,9,TM97
746,11,わざマシン９７
747,1,わざマシン９８
747,9,TM98
747,11,わざマシン９８
748,1,わざマシン９９
748,9,TM99
748,11,わざマシン９９
749,1,わざマシン１００
749,9,TM100
749,11,わざマシン１００
760,1,ラティアスナイト
760,9,Latiasite
760,11,ラティアスナイト
761,1,ラティオスナイト
761,9,Latiosite
761,11,ラティオスナイト
762,1,ありふれたいし
762,9,Common Stone
762,11,ありふれたいし
763,1,コスメポーチ
763,9,Makeup Bag
763,11,コスメポーチ
764,1,いしょうトランク
764,9,Travel Trunk
764,11,いしょうトランク
765,1,シャラサブレ
765,9,Shalour Sable
765,11,シャラサブレ
768,1,メガチャーム
768,9,Mega Charm
768,11,メガチャーム
769,1,メガグローブ
769,9,Mega Glove
769,11,メガグローブ
770,1,デボンのにもつ
770,9,Devon Parts
770,11,デボンのにもつ
772,1,ポロックキット
772,9,Pokéblock Kit
772,11,ポロックキット
773,1,１ごうしつのカギ
773,9,Key to Room 1
773,11,１ごうしつのカギ
774,1,２ごうしつのカギ
774,9,Key to Room 2
774,11,２ごうしつのカギ
775,1,４ごうしつのカギ
775,9,Key to Room 4
775,11,４ごうしつのカギ
776,1,６ごうしつのカギ
776,9,Key to Room 6
776,11,６ごうしつのカギ
779,1,デボンボンベ
779,9,Devon Scuba Gear
779,11,デボンボンベ
780,1,ライブスーツ
780,9,Contest Costume
780,11,ライブスーツ
782,1,マグマスーツ
782,9,Magma Suit
782,11,マグマスーツ
783,1,アクアスーツ
783,9,Aqua Suit
783,11,アクアスーツ
784,1,ペアチケット
784,9,Pair of Tickets
784,11,ペアチケット
785,1,メガバングル
785,9,Mega Bracelet
785,11,メガバングル
786,1,メガペンダント
786,9,Mega Pendant
786,11,メガペンダント
787,1,メガメガネ
787,9,Mega Glasses
787,11,メガメガネ
788,1,メガイカリ
788,9,Mega Anchor
788,11,メガイカリ
789,1,メガラペルピン
789,9,Mega Stickpin
789,11,メガラペルピン
790,1,メガティアラ
790,9,Mega Tiara
790,11,メガティアラ
791,1,メガアンクレット
791,9,Mega Anklet
791,11,メガアンクレット
793,1,ラグラージナイト
793,9,Swampertite
793,11,ラグラージナイト
794,1,ジュカインナイト
794,9,Sceptilite
794,11,ジュカインナイト
795,1,ヤミラミナイト
795,9,Sablenite
795,11,ヤミラミナイト
796,1,チルタリスナイト
796,9,Altarianite
796,11,チルタリスナイト
797,1,エルレイドナイト
797,9,Galladite
797,11,エルレイドナイト
798,1,タブンネナイト
798,9,Audinite
798,11,タブンネナイト
799,1,メタグロスナイト
799,9,Metagrossite
799,11,メタグロスナイト
800,1,サメハダナイト
800,9,Sharpedonite
800,11,サメハダナイト
801,1,ヤドランナイト
801,9,Slowbronite
801,11,ヤドランナイト
802,1,ハガネールナイト
802,9,Steelixite
802,11,ハガネールナイト
803,1,ピジョットナイト
803,9,Pidgeotite
803,11,ピジョットナイト
804,1,オニゴーリナイト
804,9,Glalitite
804,11,オニゴーリナイト
805,1,ディアンシナイト
805,9,Diancite
805,11,ディアンシナイト
806,1,いましめのツボ
806,9,Prison Bottle
806,11,いましめのツボ
807,1,メガブレス
807,9,Mega Cuff
807,11,メガブレス
808,1,バクーダナイト
808,9,Cameruptite
808,11,バクーダナイト
809,1,ミミロップナイト
809,9,Lopunnite
809,11,ミミロップナイト
810,1,ボーマンダナイト
810,9,Salamencite
810,11,ボーマンダナイト
811,1,スピアナイト
811,9,Beedrillite
811,11,スピアナイト
814,1,キーストーン
814,9,Key Stone
814,11,キーストーン
815,1,いんせきのかけら
815,9,Meteorite Shard
815,11,いんせきのかけら
816,1,むげんのふえ
816,9,Eon Flute
816,11,むげんのふえ
817,1,ノーマルＺ
817,9,Normalium Z
817,11,ノーマルＺ
818,1,ホノオＺ
818,9,Firium Z
818,11,ホノオＺ
819,1,ミズＺ
819,9,Waterium Z
819,11,ミズＺ
820,1,デンキＺ
820,9,Electrium Z
820,11,デンキＺ
821,1,クサＺ
821,9,Grassium Z
821,11,クサＺ
822,1,コオリＺ
822,9,Icium Z
822,11,コオリＺ
823,1,カクトウＺ
823,9,Fightinium Z
823,11,カクトウＺ
824,1,ドクＺ
824,9,Poisonium Z
824,11,ドクＺ
825,1,ジメンＺ
825,9,Groundium Z
825,11,ジメンＺ
826,1,ヒコウＺ
826,9,Flyinium Z
826,11,ヒコウＺ
827,1,エスパーＺ
827,9,Psychium Z
827,11,エスパーＺ
828,1,ムシＺ
828,9,Buginium Z
828,11,ムシＺ
829,1,イワＺ
829,9,Rockium Z
829,11,イワＺ
830,1,ゴーストＺ
830,9,Ghostium Z
830,11,ゴーストＺ
831,1,ドラゴンＺ
831,9,Dragonium Z
831,11,ドラゴンＺ
832,1,アクＺ
832,9,Darkinium Z
832,11,アクＺ
833,1,ハガネＺ
833,9,Steelium Z
833,11,ハガネＺ
834,1,フェアリーＺ
834,9,Fairium Z
834,11,フェアリーＺ
835,1,ピカチュウＺ
835,9,Pikanium Z
835,11,ピカチュウＺ
836,1,ぎんのおうかん
836,9,Bottle Cap
836,11,ぎんのおうかん
837,1,きんのおうかん
837,9,Gold Bottle Cap
837,11,きんのおうかん
838,1,Ｚリング
838,9,Z-Ring
838,11,Ｚリング
839,1,ジュナイパーＺ
839,9,Decidium Z
839,11,ジュナイパーＺ
840,1,ガオガエンＺ
840,9,Incinium Z
840,11,ガオガエンＺ
841,1,アシレーヌＺ
841,9,Primarium Z
841,11,アシレーヌＺ
842,1,カプＺ
842,9,Tapunium Z
842,11,カプＺ
843,1,マーシャドーＺ
843,9,Marshadium Z
843,11,マーシャドーＺ
844,1,アロライＺ
844,9,Aloraichium Z
844,11,アロライＺ
845,1,カビゴンＺ
845,9,Snorlium Z
845,11,カビゴンＺ
846,1,イーブイＺ
846,9,Eevium Z
846,11,イーブイＺ
847,1,ミュウＺ
847,9,Mewnium Z
847,11,ミュウＺ
877,1,サトピカＺ
877,9,Pikashunium Z
877,11,サトピカＺ
878,1,ざいりょうぶくろ
878,9,Forage Bag
878,11,ざいりょうぶくろ
879,1,つりざお
879,9,Fishing Rod
879,11,つりざお
880,1,はかせのふくめん
880,9,Professor’s Mask
880,11,はかせのふくめん
881,1,フェスチケット
881,9,Festival Ticket
881,11,フェスチケット
882,1,かがやくいし
882,9,Sparkling Stone
882,11,かがやくいし
883,1,ビビリだま
883,9,Adrenaline Orb
883,11,ビビリだま
884,1,ジガルデキューブ
884,9,Zygarde Cube
884,11,ジガルデキューブ
885,1,こおりのいし
885,9,Ice Stone
885,11,こおりのいし
886,1,ライドギア
886,9,Ride Pager
886,11,ライドギア
887,1,ウルトラボール
887,9,Beast Ball
887,11,ウルトラボール
888,1,おおきいマラサダ
888,9,Big Malasada
888,11,おおきいマラサダ
889,1,くれないのミツ
889,9,Red Nectar
889,11,くれないのミツ
890,1,やまぶきのミツ
890,9,Yellow Nectar
890,11,やまぶきのミツ
891,1,うすもものミツ
891,9,Pink Nectar
891,11,うすもものミツ
892,1,むらさきのミツ
892,9,Purple Nectar
892,11,むらさきのミツ
893,1,たいようのふえ
893,9,Sun Flute
893,11,たいようのふえ
894,1,つきのふえ
894,9,Moon Flute
894,11,つきのふえ
895,1,あやしいカード
895,9,Enigmatic Card
895,11,あやしいカード
896,1,グランドコート
896,9,Terrain Extender
896,11,グランドコート
897,1,ぼうごパット
897,9,Protective Pads
897,11,ぼうごパット
898,1,エレキシード
898,9,Electric Seed
898,11,エレキシード
899,1,サイコシード
899,9,Psychic Seed
899,11,サイコシード
900,1,ミストシード
900,9,Misty Seed
900,11,ミストシード
901,1,グラスシード
901,9,Grassy Seed
901,11,グラスシード
902,1,ファイトメモリ
902,9,Fighting Memory
902,11,ファイトメモリ
903,1,フライングメモリ
903,9,Flying Memory
903,11,フライングメモリ
904,1,ポイズンメモリ
904,9,Poison Memory
904,11,ポイズンメモリ
905,1,グラウンドメモリ
905,9,Ground Memory
905,11,グラウンドメモリ
906,1,ロックメモリ
906,9,Rock Memory
906,11,ロックメモリ
907,1,バグメモリ
907,9,Bug Memory
907,11,バグメモリ
908,1,ゴーストメモリ
908,9,Ghost Memory
908,11,ゴーストメモリ
909,1,スチールメモリ
909,9,Steel Memory
909,11,スチールメモリ
910,1,ファイヤーメモリ
910,9,Fire Memory
910,11,ファイヤーメモリ
911,1,ウオーターメモリ
911,9,Water Memory
911,11,ウオーターメモリ
912,1,グラスメモリ
912,9,Grass Memory
912,11,グラスメモリ
913,1,エレクトロメモリ
913,9,Electric Memory
913,11,エレクトロメモリ
914,1,サイキックメモリ
914,9,Psychic Memory
914,11,サイキックメモリ
915,1,アイスメモリ
915,9,Ice Memory
915,11,アイスメモリ
916,1,ドラゴンメモリ
916,9,Dragon Memory
916,11,ドラゴンメモリ
917,1,ダークメモリ
917,9,Dark Memory
917,11,ダークメモリ
918,1,フェアリーメモリ
918,9,Fairy Memory
918,11,フェアリーメモリ
919,1,じてんしゃ
919,9,Bike
919,11,じてんしゃ
920,1,そうこのカギ
920,9,Storage Key
920,11,そうこのカギ
921,1,ちかのかぎ
921,9,Basement Key
921,11,ちかのかぎ
922,1,ライブキャスター
922,9,Xtransceiver
922,11,ライブキャスター
923,1,ライブキャスター
923,9,Xtransceiver
923,11,ライブキャスター
924,1,いでんしのくさび
924,9,DNA Splicers
924,11,いでんしのくさび
925,1,いでんしのくさび
925,9,DNA Splicers
925,11,いでんしのくさび
926,1,わすれもの
926,9,Dropped Item
926,11,わすれもの
927,1,わすれもの
927,9,Dropped Item
927,11,わすれもの
928,1,ホロキャスター
928,9,Holo Caster
928,11,ホロキャスター
929,1,じてんしゃ
929,9,Bike
929,11,じてんしゃ
930,1,ホロキャスター
930,9,Holo Caster
930,11,ホロキャスター
931,1,ちかのカギ
931,9,Basement Key
931,11,ちかのカギ
932,1,そうこのカギ
932,9,Storage Key
932,11,そうこのカギ
933,1,ふねのチケット
933,9,S.S. Ticket
933,11,ふねのチケット
934,1,ライブドレス
934,9,Contest Costume
934,11,ライブドレス
935,1,いんせき
935,9,Meteorite
935,11,いんせき
936,1,いんせき
936,9,Meteorite
936,11,いんせき
937,1,いんせき
937,9,Meteorite
937,11,いんせき
938,1,ノーマルＺ
938,9,Normalium Z
938,11,ノーマルＺ
939,1,ホノオＺ
939,9,Firium Z
939,11,ホノオＺ
940,1,ミズＺ
940,9,Waterium Z
940,11,ミズＺ
941,1,デンキＺ
941,9,Electrium Z
941,11,デンキＺ
942,1,クサＺ
942,9,Grassium Z
942,11,クサＺ
943,1,コオリＺ
943,9,Icium Z
943,11,コオリＺ
944,1,カクトウＺ
944,9,Fightinium Z
944,11,カクトウＺ
945,1,ドクＺ
945,9,Poisonium Z
945,11,ドクＺ
946,1,ジメンＺ
946,9,Groundium Z
946,11,ジメンＺ
947,1,ヒコウＺ
947,9,Flyinium Z
947,11,ヒコウＺ
948,1,エスパーＺ
948,9,Psychium Z
948,11,エスパーＺ
949,1,ムシＺ
949,9,Buginium Z
949,11,ムシＺ
950,1,イワＺ
950,9,Rockium Z
950,11,イワＺ
951,1,ゴーストＺ
951,9,Ghostium Z
951,11,ゴーストＺ
952,1,ドラゴンＺ
952,9,Dragonium Z
952,11,ドラゴンＺ
953,1,アクＺ
953,9,Darkinium Z
953,11,アクＺ
954,1,ハガネＺ
954,9,Steelium Z
954,11,ハガネＺ
955,1,フェアリーＺ
955,9,Fairium Z
955,11,フェアリーＺ
956,1,ピカチュウＺ
956,9,Pikanium Z
956,11,ピカチュウＺ
957,1,ジュナイパーＺ
957,9,Decidium Z
957,11,ジュナイパーＺ
958,1,ガオガエンＺ
958,9,Incinium Z
958,11,ガオガエンＺ
959,1,アシレーヌＺ
959,9,Primarium Z
959,11,アシレーヌＺ
960,1,カプＺ
960,9,Tapunium Z
960,11,カプＺ
961,1,マーシャドーＺ
961,9,Marshadium Z
961,11,マーシャドーＺ
962,1,アロライＺ
962,9,Aloraichium Z
962,11,アロライＺ
963,1,カビゴンＺ
963,9,Snorlium Z
963,11,カビゴンＺ
964,1,イーブイＺ
964,9,Eevium Z
964,11,イーブイＺ
965,1,ミュウＺ
965,9,Mewnium Z
965,11,ミュウＺ
966,1,サトピカＺ
966,9,Pikashunium Z
966,11,サトピカＺ
967,1,ソルガレオＺ
967,9,Solganium Z
967,11,ソルガレオＺ
968,1,ルナアーラＺ
968,9,Lunalium Z
968,11,ルナアーラＺ
969,1,ウルトラネクロＺ
969,9,Ultranecrozium Z
969,11,ウルトラネクロＺ
970,1,ミミッキュＺ
970,9,Mimikium Z
970,11,ミミッキュＺ
971,1,ルガルガンＺ
971,9,Lycanium Z
971,11,ルガルガンＺ
972,1,ジャラランガＺ
972,9,Kommonium Z
972,11,ジャラランガＺ
973,1,ソルガレオＺ
973,9,Solganium Z
973,11,ソルガレオＺ
974,1,ルナアーラＺ
974,9,Lunalium Z
974,11,ルナアーラＺ
975,1,ウルトラネクロＺ
975,9,Ultranecrozium Z
975,11,ウルトラネクロＺ
976,1,ミミッキュＺ
976,9,Mimikium Z
976,11,ミミッキュＺ
977,1,ルガルガンＺ
977,9,Lycanium Z
977,11,ルガルガンＺ
978,1,ジャラランガＺ
978,9,Kommonium Z
978,11,ジャラランガＺ
979,1,Ｚパワーリング
979,9,Z-Power Ring
979,11,Ｚパワーリング
980,1,ももいろはなびら
980,9,Pink Petal
980,11,ももいろはなびら
981,1,だいだいはなびら
981,9,Orange Petal
981,11,だいだいはなびら
982,1,あおのはなびら
982,9,Blue Petal
982,11,あおのはなびら
983,1,あかのはなびら
983,9,Red Petal
983,11,あかのはなびら
984,1,みどりのはなびら
984,9,Green Petal
984,11,みどりのはなびら
985,1,きいろのはなびら
985,9,Yellow Petal
985,11,きいろのはなびら
986,1,むらさきはなびら
986,9,Purple Petal
986,11,むらさきはなびら
987,1,にじいろのはな
987,9,Rainbow Flower
987,11,にじいろのはな
988,1,だいだいバッジ
988,9,Surge Badge
988,11,だいだいバッジ
989,1,ネクロプラスソル
989,9,N-Solarizer
989,11,ネクロプラスソル
990,1,ネクロプラスルナ
990,9,N-Lunarizer
990,11,ネクロプラスルナ
991,1,ネクロプラスソル
991,9,N-Solarizer
991,11,ネクロプラスソル
992,1,ネクロプラスルナ
992,9,N-Lunarizer
992,11,ネクロプラスルナ
993,1,イリマノーマルＺ
993,9,Ilima Normalium Z
993,11,イリマノーマルＺ
994,1,のこされたボール
994,9,Left Poké Ball
994,11,のこされたボール
995,1,タマゴふかポン
995,9,Roto Hatch
995,11,タマゴふかポン
996,1,やすうりポン
996,9,Roto Bargain
996,11,やすうりポン
997,1,おこづかいポン
997,9,Roto Prize Money
997,11,おこづかいポン
998,1,けいけんポン
998,9,Roto Exp. Points
998,11,けいけんポン
999,1,なつきポン
999,9,Roto Friendship
999,11,なつきポン
1000,1,みっけポン
1000,9,Roto Encounter
1000,11,みっけポン
1001,1,かくれポン
1001,9,Roto Stealth
1001,11,かくれポン
1002,1,ＨＰかいふくポン
1002,9,Roto HP Restore
1002,11,ＨＰかいふくポン
1003,1,ＰＰかいふくポン
1003,9,Roto PP Restore
1003,11,ＰＰかいふくポン
1004,1,おうえんポン
1004,9,Roto Boost
1004,11,おうえんポン
1005,1,つかまえポン
1005,9,Roto Catch
1005,11,つかまえポン
1006,1,マチスのサイン
1006,9,Autograph
1006,11,マチスのサイン
1007,1,ポケモンボックス
1007,9,Pokémon Box Link
1007,11,ポケモンボックス
1008,1,かいふくポケット
1008,9,Medicine Pocket
1008,11,かいふくポケット
1009,1,アメボトル
1009,9,Candy Jar
1009,11,アメボトル
1010,1,きょうかポケット
1010,9,Power-Up Pocket
1010,11,きょうかポケット
1011,1,おきがえトランク
1011,9,Clothing Trunk
1011,11,おきがえトランク
1012,1,ほかくポケット
1012,9,Catching Pocket
1012,11,ほかくポケット
1013,1,バトルポケット
1013,9,Battle Pocket
1013,11,バトルポケット
1014,1,ぎんのズリのみ
1014,9,Silver Razz Berry
1014,11,ぎんのズリのみ
1015,1,きんのズリのみ
1015,9,Golden Razz Berry
1015,11,きんのズリのみ
1016,1,ぎんのナナのみ
1016,9,Silver Nanab Berry
1016,11,ぎんのナナのみ
1017,1,きんのナナのみ
1017,9,Golden Nanab Berry
1017,11,きんのナナのみ
1018,1,ぎんのパイルのみ
1018,9,Silver Pinap Berry
1018,11,ぎんのパイルのみ
1019,1,きんのパイルのみ
1019,9,Golden Pinap Berry
1019,11,きんのパイルのみ
1020,1,ひみつのカギ
1020,9,Secret Key
1020,11,ひみつのカギ
1021,1,ふねのチケット
1021,9,S.S. Ticket
1021,11,ふねのチケット
1022,1,おとどけもの
1022,9,Parcel
1022,11,おとどけもの
1023,1,カードキー
1023,9,Card Key
1023,11,カードキー
1024,1,のびたバネ
1024,9,Stretchy Spring
1024,11,のびたバネ
1025,1,チョークいし
1025,9,Chalky Stone
1025,11,チョークいし
1026,1,ビーだま
1026,9,Marble
1026,11,ビーだま
1027,1,かたっぽピアス
1027,9,Lone Earring
1027,11,かたっぽピアス
1028,1,うみべのガラス
1028,9,Beach Glass
1028,11,うみべのガラス
1029,1,きんのはっぱ
1029,9,Gold Leaf
1029,11,きんのはっぱ
1030,1,ぎんのはっぱ
1030,9,Silver Leaf
1030,11,ぎんのはっぱ
1031,1,ピカピカだんご
1031,9,Polished Mud Ball
1031,11,ピカピカだんご
1032,1,なんごくかいがら
1032,9,Tropical Shell
1032,11,なんごくかいがら
1033,1,このはのおてがみ
1033,9,Leaf Letter
1033,11,このはのおてがみ
1034,1,このはのおてがみ
1034,9,Leaf Letter
1034,11,このはのおてがみ
1035,1,ちいさなはなたば
1035,9,Small Bouquet
1035,11,ちいさなはなたば
1036,1,むしよせコロン
1036,9,Lure
1036,11,むしよせコロン
1037,1,シルバーコロン
1037,9,Super Lure
1037,11,シルバーコロン
1038,1,ゴールドコロン
1038,9,Max Lure
1038,11,ゴールドコロン
1039,1,ニビあられ
1039,9,Pewter Crunchies
1039,11,ニビあられ
1040,1,げんきのアメ
1040,9,Health Candy
1040,11,げんきのアメ
1041,1,ちからのアメ
1041,9,Mighty Candy
1041,11,ちからのアメ
1042,1,まもりのアメ
1042,9,Tough Candy
1042,11,まもりのアメ
1043,1,ちしきのアメ
1043,9,Smart Candy
1043,11,ちしきのアメ
1044,1,こころのアメ
1044,9,Courage Candy
1044,11,こころのアメ
1045,1,はやさのアメ
1045,9,Quick Candy
1045,11,はやさのアメ
1046,1,げんきのアメＬ
1046,9,Health Candy L
1046,11,げんきのアメＬ
1047,1,ちからのアメＬ
1047,9,Mighty Candy L
1047,11,ちからのアメＬ
1048,1,まもりのアメＬ
1048,9,Tough Candy L
1048,11,まもりのアメＬ
1049,1,ちしきのアメＬ
1049,9,Smart Candy L
1049,11,ちしきのアメＬ
1050,1,こころのアメＬ
1050,9,Courage Candy L
1050,11,こころのアメＬ
1051,1,はやさのアメＬ
1051,9,Quick Candy L
1051,11,はやさのアメＬ
1052,1,げんきのアメＸＬ
1052,9,Health Candy XL
1052,11,げんきのアメＸＬ
1053,1,ちからのアメＸＬ
1053,9,Mighty Candy XL
1053,11,ちからのアメＸＬ
1054,1,まもりのアメＸＬ
1054,9,Tough Candy XL
1054,11,まもりのアメＸＬ
1055,1,ちしきのアメＸＬ
1055,9,Smart Candy XL
1055,11,ちしきのアメＸＬ
1056,1,こころのアメＸＬ
1056,9,Courage Candy XL
1056,11,こころのアメＸＬ
1057,1,はやさのアメＸＬ
1057,9,Quick Candy XL
1057,11,はやさのアメＸＬ
1058,1,フシギダネのアメ
1058,9,Bulbasaur Candy
1058,11,フシギダネのアメ
1059,1,ヒトカゲのアメ
1059,9,Charmander Candy
1059,11,ヒトカゲのアメ
1060,1,ゼニガメのアメ
1060,9,Squirtle Candy
1060,11,ゼニガメのアメ
1061,1,キャタピーのアメ
1061,9,Caterpie Candy
1061,11,キャタピーのアメ
1062,1,ビードルのアメ
1062,9,Weedle Candy
1062,11,ビードルのアメ
1063,1,ポッポのアメ
1063,9,Pidgey Candy
1063,11,ポッポのアメ
1064,1,コラッタのアメ
1064,9,Rattata Candy
1064,11,コラッタのアメ
1065,1,オニスズメのアメ
1065,9,Spearow Candy
1065,11,オニスズメのアメ
1066,1,アーボのアメ
1066,9,Ekans Candy
1066,11,アーボのアメ
1067,1,ピカチュウのアメ
1067,9,Pikachu Candy
1067,11,ピカチュウのアメ
1068,1,サンドのアメ
1068,9,Sandshrew Candy
1068,11,サンドのアメ
1069,1,ニドラン♀のアメ
1069,9,Nidoran♀ Candy
1069,11,ニドラン♀のアメ
1070,1,ニドラン♂のアメ
1070,9,Nidoran♂ Candy
1070,11,ニドラン♂のアメ
1071,1,ピッピのアメ
1071,9,Clefairy Candy
1071,11,ピッピのアメ
1072,1,ロコンのアメ
1072,9,Vulpix Candy
1072,11,ロコンのアメ
1073,1,プリンのアメ
1073,9,Jigglypuff Candy
1073,11,プリンのアメ
1074,1,ズバットのアメ
1074,9,Zubat Candy
1074,11,ズバットのアメ
1075,1,ナゾノクサのアメ
1075,9,Oddish Candy
1075,11,ナゾノクサのアメ
1076,1,パラスのアメ
1076,9,Paras Candy
1076,11,パラスのアメ
1077,1,コンパンのアメ
1077,9,Venonat Candy
1077,11,コンパンのアメ
1078,1,ディグダのアメ
1078,9,Diglett Candy
1078,11,ディグダのアメ
1079,1,ニャースのアメ
1079,9,Meowth Candy
1079,11,ニャースのアメ
1080,1,コダックのアメ
1080,9,Psyduck Candy
1080,11,コダックのアメ
1081,1,マンキーのアメ
1081,9,Mankey Candy
1081,11,マンキーのアメ
1082,1,ガーディのアメ
1082,9,Growlithe Candy
1082,11,ガーディのアメ
1083,1,ニョロモのアメ
1083,9,Poliwag Candy
1083,11,ニョロモのアメ
1084,1,ケーシィのアメ
1084,9,Abra Candy
1084,11,ケーシィのアメ
1085,1,ワンリキーのアメ
1085,9,Machop Candy
1085,11,ワンリキーのアメ
1086,1,マダツボミのアメ
1086,9,Bellsprout Candy
1086,11,マダツボミのアメ
1087,1,メノクラゲのアメ
1087,9,Tentacool Candy
1087,11,メノクラゲのアメ
1088,1,イシツブテのアメ
1088,9,Geodude Candy
1088,11,イシツブテのアメ
1089,1,ポニータのアメ
1089,9,Ponyta Candy
1089,11,ポニータのアメ
1090,1,ヤドンのアメ
1090,9,Slowpoke Candy
1090,11,ヤドンのアメ
1091,1,コイルのアメ
1091,9,Magnemite Candy
1091,11,コイルのアメ
1092,1,カモネギのアメ
1092,9,Farfetch’d Candy
1092,11,カモネギのアメ
1093,1,ドードーのアメ
1093,9,Doduo Candy
1093,11,ドードーのアメ
1094,1,パウワウのアメ
1094,9,Seel Candy
1094,11,パウワウのアメ
1095,1,ベトベターのアメ
1095,9,Grimer Candy
1095,11,ベトベターのアメ
1096,1,シェルダーのアメ
1096,9,Shellder Candy
1096,11,シェルダーのアメ
1097,1,ゴースのアメ
1097,9,Gastly Candy
1097,11,ゴースのアメ
1098,1,イワークのアメ
1098,9,Onix Candy
1098,11,イワークのアメ
1099,1,スリープのアメ
1099,9,Drowzee Candy
1099,11,スリープのアメ
1100,1,クラブのアメ
1100,9,Krabby Candy
1100,11,クラブのアメ
1101,1,ビリリダマのアメ
1101,9,Voltorb Candy
1101,11,ビリリダマのアメ
1102,1,タマタマのアメ
1102,9,Exeggcute Candy
1102,11,タマタマのアメ
1103,1,カラカラのアメ
1103,9,Cubone Candy
1103,11,カラカラのアメ
1104,1,サワムラーのアメ
1104,9,Hitmonlee Candy
1104,11,サワムラーのアメ
1105,1,エビワラーのアメ
1105,9,Hitmonchan Candy
1105,11,エビワラーのアメ
1106,1,ベロリンガのアメ
1106,9,Lickitung Candy
1106,11,ベロリンガのアメ
1107,1,ドガースのアメ
1107,9,Koffing Candy
1107,11,ドガースのアメ
1108,1,サイホーンのアメ
1108,9,Rhyhorn Candy
1108,11,サイホーンのアメ
1109,1,ラッキーのアメ
1109,9,Chansey Candy
1109,11,ラッキーのアメ
1110,1,モンジャラのアメ
1110,9,Tangela Candy
1110,11,モンジャラのアメ
1111,1,ガルーラのアメ
1111,9,Kangaskhan Candy
1111,11,ガルーラのアメ
1112,1,タッツーのアメ
1112,9,Horsea Candy
1112,11,タッツーのアメ
1113,1,トサキントのアメ
1113,9,Goldeen Candy
1113,11,トサキントのアメ
1114,1,ヒトデマンのアメ
1114,9,Staryu Candy
1114,11,ヒトデマンのアメ
1115,1,バリヤードのアメ
1115,9,Mr. Mime Candy
1115,11,バリヤードのアメ
1116,1,ストライクのアメ
1116,9,Scyther Candy
1116,11,ストライクのアメ
1117,1,ルージュラのアメ
1117,9,Jynx Candy
1117,11,ルージュラのアメ
1118,1,エレブーのアメ
1118,9,Electabuzz Candy
1118,11,エレブーのアメ
1119,1,カイロスのアメ
1119,9,Pinsir Candy
1119,11,カイロスのアメ
1120,1,ケンタロスのアメ
1120,9,Tauros Candy
1120,11,ケンタロスのアメ
1121,1,コイキングのアメ
1121,9,Magikarp Candy
1121,11,コイキングのアメ
1122,1,ラプラスのアメ
1122,9,Lapras Candy
1122,11,ラプラスのアメ
1123,1,メタモンのアメ
1123,9,Ditto Candy
1123,11,メタモンのアメ
1124,1,イーブイのアメ
1124,9,Eevee Candy
1124,11,イーブイのアメ
1125,1,ポリゴンのアメ
1125,9,Porygon Candy
1125,11,ポリゴンのアメ
1126,1,オムナイトのアメ
1126,9,Omanyte Candy
1126,11,オムナイトのアメ
1127,1,カブトのアメ
1127,9,Kabuto Candy
1127,11,カブトのアメ
1128,1,プテラのアメ
1128,9,Aerodactyl Candy
1128,11,プテラのアメ
1129,1,カビゴンのアメ
1129,9,Snorlax Candy
1129,11,カビゴンのアメ
1130,1,フリーザーのアメ
1130,9,Articuno Candy
1130,11,フリーザーのアメ
1131,1,サンダーのアメ
1131,9,Zapdos Candy
1131,11,サンダーのアメ
1132,1,ファイヤーのアメ
1132,9,Moltres Candy
1132,11,ファイヤーのアメ
1133,1,ミニリュウのアメ
1133,9,Dratini Candy
1133,11,ミニリュウのアメ
1134,1,ミュウツーのアメ
1134,9,Mewtwo Candy
1134,11,ミュウツーのアメ
1135,1,ミュウのアメ
1135,9,Mew Candy
1135,11,ミュウのアメ
1136,1,メルタンのアメ
1136,9,Meltan Candy
1136,11,メルタンのアメ
1137,1,ブーバーのアメ
1137,9,Magmar Candy
1137,11,ブーバーのアメ
1138,1,すいせんじょう
1138,9,Endorsement
1138,11,すいせんじょう
1139,1,ポケモンボックス
1139,9,Pokémon Box Link
1139,11,ポケモンボックス
1140,1,ねがいぼし
1140,9,Wishing Star
1140,11,ねがいぼし
1141,1,ダイマックスＢ
1141,9,Dynamax Band
1141,11,ダイマックスＢ
1142,1,つりざお
1142,9,Fishing Rod
1142,11,つりざお
1143,1,ロトムじてんしゃ
1143,9,Rotom Bike
1143,11,ロトムじてんしゃ
1144,1,あらびきヴルスト
1144,9,Sausages
1144,11,あらびきヴルスト
1145,1,ボブのかんづめ
1145,9,Bob’s Food Tin
1145,11,ボブのかんづめ
1146,1,バックのかんづめ
1146,9,Bach’s Food Tin
1146,11,バックのかんづめ
1147,1,マメかん
1147,9,Tin of Beans
1147,11,マメかん
1148,1,しょくパン
1148,9,Bread
1148,11,しょくパン
1149,1,パスタ
1149,9,Pasta
1149,11,パスタ
1150,1,キノコパック
1150,9,Mixed Mushrooms
1150,11,キノコパック
1151,1,しっぽのくんせい
1151,9,Smoke-Poke Tail
1151,11,しっぽのくんせい
1152,1,ふといながねぎ
1152,9,Large Leek
1152,11,ふといながねぎ
1153,1,とくせんリンゴ
1153,9,Fancy Apple
1153,11,とくせんリンゴ
1154,1,かぼそいホネ
1154,9,Brittle Bones
1154,11,かぼそいホネ
1155,1,ポテトパック
1155,9,Pack of Potatoes
1155,11,ポテトパック
1156,1,みずべのハーブ
1156,9,Pungent Root
1156,11,みずべのハーブ
1157,1,やさいパック
1157,9,Salad Mix
1157,11,やさいパック
1158,1,フライもりあわせ
1158,9,Fried Food
1158,11,フライもりあわせ
1159,1,ゆでタマゴ
1159,9,Boiled Egg
1159,11,ゆでタマゴ
1160,1,キャンプセット
1160,9,Camping Gear
1160,11,キャンプセット
1161,1,くちたけん
1161,9,Rusted Sword
1161,11,くちたけん
1162,1,くちたたて
1162,9,Rusted Shield
1162,11,くちたたて
1163,1,カセキのトリ
1163,9,Fossilized Bird
1163,11,カセキのトリ
1164,1,カセキのサカナ
1164,9,Fossilized Fish
1164,11,カセキのサカナ
1165,1,カセキのリュウ
1165,9,Fossilized Drake
1165,11,カセキのリュウ
1166,1,カセキのクビナガ
1166,9,Fossilized Dino
1166,11,カセキのクビナガ
1167,1,いちごアメざいく
1167,9,Strawberry Sweet
1167,11,いちごアメざいく
1168,1,ハートアメざいく
1168,9,Love Sweet
1168,11,ハートアメざいく
1169,1,ベリーアメざいく
1169,9,Berry Sweet
1169,11,ベリーアメざいく
1170,1,よつばアメざいく
1170,9,Clover Sweet
1170,11,よつばアメざいく
1171,1,おはなアメざいく
1171,9,Flower Sweet
1171,11,おはなアメざいく
1172,1,スターアメざいく
1172,9,Star Sweet
1172,11,スターアメざいく
1173,1,リボンアメざいく
1173,9,Ribbon Sweet
1173,11,リボンアメざいく
1174,1,あまーいりんご
1174,9,Sweet Apple
1174,11,あまーいりんご
1175,1,すっぱいりんご
1175,9,Tart Apple
1175,11,すっぱいりんご
1176,1,のどスプレー
1176,9,Throat Spray
1176,11,のどスプレー
1177,1,だっしゅつパック
1177,9,Eject Pack
1177,11,だっしゅつパック
1178,1,あつぞこブーツ
1178,9,Heavy-Duty Boots
1178,11,あつぞこブーツ
1179,1,からぶりほけん
1179,9,Blunder Policy
1179,11,からぶりほけん
1180,1,ルームサービス
1180,9,Room Service
1180,11,ルームサービス
1181,1,ばんのうがさ
1181,9,Utility Umbrella
1181,11,ばんのうがさ
1182,1,けいけんアメＸＳ
1182,9,Exp. Candy XS
1182,11,けいけんアメＸＳ
1183,1,けいけんアメＳ
1183,9,Exp. Candy S
1183,11,けいけんアメＳ
1184,1,けいけんアメＭ
1184,9,Exp. Candy M
1184,11,けいけんアメＭ
1185,1,けいけんアメＬ
1185,9,Exp. Candy L
1185,11,けいけんアメＬ
1186,1,けいけんアメＸＬ
1186,9,Exp. Candy XL
1186,11,けいけんアメＸＬ
1187,1,ダイマックスアメ
1187,9,Dynamax Candy
1187,11,ダイマックスアメ
1188,1,わざレコード００
1188,9,TR00
1188,11,わざレコード００
1189,1,わざレコード０１
1189,9,TR01
1189,11,わざレコード０１
1190,1,わざレコード０２
1190,9,TR02
1190,11,わざレコード０２
1191,1,わざレコード０３
1191,9,TR03
1191,11,わざレコード０３
1192,1,わざレコード０４
1192,9,TR04
1192,11,わざレコード０４
1193,1,わざレコード０５
1193,9,TR05
1193,11,わざレコード０５
1194,1,わざレコード０６
1194,9,TR06
1194,11,わざレコード０６
1195,1,わざレコード０７
1195,9,TR07
1195,11,わざレコード０７
1196,1,わざレコード０８
1196,9,TR08
1196,11,わざレコード０８
1197,1,わざレコード０９
1197,9,TR09
1197,11,わざレコード０９
1198,1,わざレコード１０
1198,9,TR10
1198,11,わざレコード１０
1199,1,わざレコード１１
1199,9,TR11
1199,11,わざレコード１１
1200,1,わざレコード１２
1200,9,TR12
1200,11,わざレコード１２
1201,1,わざレコード１３
1201,9,TR13
1201,11,わざレコード１３
1202,1,わざレコード１４
1202,9,TR14
1202,11,わざレコード１４
1203,1,わざレコード１５
1203,9,TR15
1203,11,わざレコード１５
1204,1,わざレコード１６
1204,9,TR16
1204,11,わざレコード１６
1205,1,わざレコード１７
1205,9,TR17
1205,11,わざレコード１７
1206,1,わざレコード１８
1206,9,TR18
1206,11,わざレコード１８
1207,1,わざレコード１９
1207,9,TR19
1207,11,わざレコード１９
1208,1,わざレコード２０
1208,9,TR20
1208,11,わざレコード２０
1209,1,わざレコード２１
1209,9,TR21
1209,11,わざレコード２１
1210,1,わざレコード２２
1210,9,TR22
1210,11,わざレコード２２
1211,1,わざレコード２３
1211,9,TR23
1211,11,わざレコード２３
1212,1,わざレコード２４
1212,9,TR24
1212,11,わざレコード２４
1213,1,わざレコード２５
1213,9,TR25
1213,11,わざレコード２５
1214,1,わざレコード２６
1214,9,TR26
1214,11,わざレコード２６
1215,1,わざレコード２７
1215,9,TR27
1215,11,わざレコード２７
1216,1,わざレコード２８
1216,9,TR28
1216,11,わざレコード２８
1217,1,わざレコード２９
1217,9,TR29
1217,11,わざレコード２９
1218,1,わざレコード３０
1218,9,TR30
1218,11,わざレコード３０
1219,1,わざレコード３１
1219,9,TR31
1219,11,わざレコード３１
1220,1,わざレコード３２
1220,9,TR32
1220,11,わざレコード３２
1221,1,わざレコード３３
1221,9,TR33
1221,11,わざレコード３３
1222,1,わざレコード３４
1222,9,TR34
1222,11,わざレコード３４
1223,1,わざレコード３５
1223,9,TR35
1223,11,わざレコード３５
1224,1,わざレコード３６
1224,9,TR36
1224,11,わざレコード３６
1225,1,わざレコード３７
1225,9,TR37
1225,11,わざレコード３７
1226,1,わざレコード３８
1226,9,TR38
1226,11,わざレコード３８
1227,1,わざレコード３９
1227,9,TR39
1227,11,わざレコード３９
1228,1,わざレコード４０
1228,9,TR40
1228,11,わざレコード４０
1229,1,わざレコード４１
1229,9,TR41
1229,11,わざレコード４１
1230,1,わざレコード４２
1230,9,TR42
1230,11,わざレコード４２
1231,1,わざレコード４３
1231,9,TR43
1231,11,わざレコード４３
1232,1,わざレコード４４
1232,9,TR44
1232,11,わざレコード４４
1233,1,わざレコード４５
1233,9,TR45
1233,11,わざレコード４５
1234,1,わざレコード４６
1234,9,TR46
1234,11,わざレコード４６
1235,1,わざレコード４７
1235,9,TR47
1235,11,わざレコード４７
1236,1,わざレコード４８
1236,9,TR48
1236,11,わざレコード４８
1237,1,わざレコード４９
1237,9,TR49
1237,11,わざレコード４９
1238,1,わざレコード５０
1238,9,TR50
1238,11,わざレコード５０
1239,1,わざレコード５１
1239,9,TR51
1239,11,わざレコード５１
1240,1,わざレコード５２
1240,9,TR52
1240,11,わざレコード５２
1241,1,わざレコード５３
1241,9,TR53
1241,11,わざレコード５３
1242,1,わざレコード５４
1242,9,TR54
1242,11,わざレコード５４
1243,1,わざレコード５５
1243,9,TR55
1243,11,わざレコード５５
1244,1,わざレコード５６
1244,9,TR56
1244,11,わざレコード５６
1245,1,わざレコード５７
1245,9,TR57
1245,11,わざレコード５７
1246,1,わざレコード５８
1246,9,TR58
1246,11,わざレコード５８
1247,1,わざレコード５９
1247,9,TR59
1247,11,わざレコード５９
1248,1,わざレコード６０
1248,9,TR60
1248,11,わざレコード６０
1249,1,わざレコード６１
1249,9,TR61
1249,11,わざレコード６１
1250,1,わざレコード６２
1250,9,TR62
1250,11,わざレコード６２
1251,1,わざレコード６３
1251,9,TR63
1251,11,わざレコード６３
1252,1,わざレコード６４
1252,9,TR64
1252,11,わざレコード６４
1253,1,わざレコード６５
1253,9,TR65
1253,11,わざレコード６５
1254,1,わざレコード６６
1254,9,TR66
1254,11,わざレコード６６
1255,1,わざレコード６７
1255,9,TR67
1255,11,わざレコード６７
1256,1,わざレコード６８
1256,9,TR68
1256,11,わざレコード６８
1257,1,わざレコード６９
1257,9,TR69
1257,11,わざレコード６９
1258,1,わざレコード７０
1258,9,TR70
1258,11,わざレコード７０
1259,1,わざレコード７１
1259,9,TR71
1259,11,わざレコード７１
1260,1,わざレコード７２
1260,9,TR72
1260,11,わざレコード７２
1261,1,わざレコード７３
1261,9,TR73
1261,11,わざレコード７３
1262,1,わざレコード７４
1262,9,TR74
1262,11,わざレコード７４
1263,1,わざレコード７５
1263,9,TR75
1263,11,わざレコード７５
1264,1,わざレコード７６
1264,9,TR76
1264,11,わざレコード７６
1265,1,わざレコード７７
1265,9,TR77
1265,11,わざレコード７７
1266,1,わざレコード７８
1266,9,TR78
1266,11,わざレコード７８
1267,1,わざレコード７９
1267,9,TR79
1267,11,わざレコード７９
1268,1,わざレコード８０
1268,9,TR80
1268,11,わざレコード８０
1269,1,わざレコード８１
1269,9,TR81
1269,11,わざレコード８１
1270,1,わざレコード８２
1270,9,TR82
1270,11,わざレコード８２
1271,1,わざレコード８３
1271,9,TR83
1271,11,わざレコード８３
1272,1,わざレコード８４
1272,9,TR84
1272,11,わざレコード８４
1273,1,わざレコード８５
1273,9,TR85
1273,11,わざレコード８５
1274,1,わざレコード８６
1274,9,TR86
1274,11,わざレコード８６
1275,1,わざレコード８７
1275,9,TR87
1275,11,わざレコード８７
1276,1,わざレコード８８
1276,9,TR88
1276,11,わざレコード８８
1277,1,わざレコード８９
1277,9,TR89
1277,11,わざレコード８９
1278,1,わざレコード９０
1278,9,TR90
1278,11,わざレコード９０
1279,1,わざレコード９１
1279,9,TR91
1279,11,わざレコード９１
1280,1,わざレコード９２
1280,9,TR92
1280,11,わざレコード９２
1281,1,わざレコード９３
1281,9,TR93
1281,11,わざレコード９３
1282,1,わざレコード９４
1282,9,TR94
1282,11,わざレコード９４
1283,1,わざレコード９５
1283,9,TR95
1283,11,わざレコード９５
1284,1,わざレコード９６
1284,9,TR96
1284,11,わざレコード９６
1285,1,わざレコード９７
1285,9,TR97
1285,11,わざレコード９７
1286,1,わざレコード９８
1286,9,TR98
1286,11,わざレコード９８
1287,1,わざレコード９９
1287,9,TR99
1287,11,わざレコード９９
1288,1,わざマシン００
1288,9,TM00
1288,11,わざマシン００
1289,1,さみしがりミント
1289,9,Lonely Mint
1289,11,さみしがりミント
1290,1,いじっぱりミント
1290,9,Adamant Mint
1290,11,いじっぱりミント
1291,1,やんちゃミント
1291,9,Naughty Mint
1291,11,やんちゃミント
1292,1,ゆうかんミント
1292,9,Brave Mint
1292,11,ゆうかんミント
1293,1,ずぶといミント
1293,9,Bold Mint
1293,11,ずぶといミント
1294,1,わんぱくミント
1294,9,Impish Mint
1294,11,わんぱくミント
1295,1,のうてんきミント
1295,9,Lax Mint
1295,11,のうてんきミント
1296,1,のんきミント
1296,9,Relaxed Mint
1296,11,のんきミント
1297,1,ひかえめミント
1297,9,Modest Mint
1297,11,ひかえめミント
1298,1,おっとりミント
1298,9,Mild Mint
1298,11,おっとりミント
1299,1,うっかりやミント
1299,9,Rash Mint
1299,11,うっかりやミント
1300,1,れいせいミント
1300,9,Quiet Mint
1300,11,れいせいミント
1301,1,おだやかミント
1301,9,Calm Mint
1301,11,おだやかミント
1302,1,おとなしいミント
1302,9,Gentle Mint
1302,11,おとなしいミント
1303,1,しんちょうミント
1303,9,Careful Mint
1303,11,しんちょうミント
1304,1,なまいきミント
1304,9,Sassy Mint
1304,11,なまいきミント
1305,1,おくびょうミント
1305,9,Timid Mint
1305,11,おくびょうミント
1306,1,せっかちミント
1306,9,Hasty Mint
1306,11,せっかちミント
1307,1,ようきミント
1307,9,Jolly Mint
1307,11,ようきミント
1308,1,むじゃきミント
1308,9,Naive Mint
1308,11,むじゃきミント
1309,1,まじめミント
1309,9,Serious Mint
1309,11,まじめミント
1310,1,ねがいのかたまり
1310,9,Wishing Piece
1310,11,ねがいのかたまり
1311,1,われたポット
1311,9,Cracked Pot
1311,11,われたポット
1312,1,かけたポット
1312,9,Chipped Pot
1312,11,かけたポット
1313,1,すごいみみせん
1313,9,Hi-tech Earbuds
1313,11,すごいみみせん
1314,1,フサパック
1314,9,Fruit Bunch
1314,11,フサパック
1315,1,モーモーチーズ
1315,9,Moomoo Cheese
1315,11,モーモーチーズ
1316,1,スパイスセット
1316,9,Spice Mix
1316,11,スパイスセット
1317,1,しんせんクリーム
1317,9,Fresh Cream
1317,11,しんせんクリーム
1318,1,レトルトカレー
1318,9,Packaged Curry
1318,11,レトルトカレー
1319,1,ヤシのミルク
1319,9,Coconut Milk
1319,11,ヤシのミルク
1320,1,レトルトめん
1320,9,Instant Noodles
1320,11,レトルトめん
1321,1,レトルトバーグ
1321,9,Precooked Burger
1321,11,レトルトバーグ
1322,1,キョダイパウダー
1322,9,Gigantamix
1322,11,キョダイパウダー
1323,1,ねがいのかけら
1323,9,Wishing Chip
1323,11,ねがいのかけら
1324,1,ロトムじてんしゃ
1324,9,Rotom Bike
1324,11,ロトムじてんしゃ
1325,1,ゆれないおまもり
1325,9,Catching Charm
1325,11,ゆれないおまもり
1326,1,ふるびたてがみ
1326,9,Old Letter
1326,11,ふるびたてがみ
1327,1,バンドのサイン
1327,9,Band Autograph
1327,11,バンドのサイン
1328,1,ソニアのほん
1328,9,Sonia’s Book
1328,11,ソニアのほん
1329,1,ロトムのカタログ
1329,9,Rotom Catalog
1329,11,ロトムのカタログ
1330,1,★And458
1330,9,★And458
1330,11,★And458
1331,1,★And15
1331,9,★And15
1331,11,★And15
1332,1,★And337
1332,9,★And337
1332,11,★And337
1333,1,★And603
1333,9,★And603
1333,11,★And603
1334,1,★And390
1334,9,★And390
1334,11,★And390
1335,1,★Sgr6879
1335,9,★Sgr6879
1335,11,★Sgr6879
1336,1,★Sgr6859
1336,9,★Sgr6859
1336,11,★Sgr6859
1337,1,★Sgr6913
1337,9,★Sgr6913
1337,11,★Sgr6913
1338,1,★Sgr7348
1338,9,★Sgr7348
1338,11,★Sgr7348
1339,1,★Sgr7121
1339,9,★Sgr7121
1339,11,★Sgr7121
1340,1,★Sgr6746
1340,9,★Sgr6746
1340,11,★Sgr6746
1341,1,★Sgr7194
1341,9,★Sgr7194
1341,11,★Sgr7194
1342,1,★Sgr7337
1342,9,★Sgr7337
1342,11,★Sgr7337
1343,1,★Sgr7343
1343,9,★Sgr7343
1343,11,★Sgr7343
1344,1,★Sgr6812
1344,9,★Sgr6812
1344,11,★Sgr6812
1345,1,★Sgr7116
1345,9,★Sgr7116
1345,11,★Sgr7116
1346,1,★Sgr7264
1346,9,★Sgr7264
1346,11,★Sgr7264
1347,1,★Sgr7597
1347,9,★Sgr7597
1347,11,★Sgr7597
1348,1,★Del7882
1348,9,★Del7882
1348,11,★Del7882
1349,1,★Del7906
1349,9,★Del7906
1349,11,★Del7906
1350,1,★Del7852
1350,9,★Del7852
1350,11,★Del7852
1351,1,★Psc596
1351,9,★Psc596
1351,11,★Psc596
1352,1,★Psc361
1352,9,★Psc361
1352,11,★Psc361
1353,1,★Psc510
1353,9,★Psc510
1353,11,★Psc510
1354,1,★Psc437
1354,9,★Psc437
1354,11,★Psc437
1355,1,★Psc8773
1355,9,★Psc8773
1355,11,★Psc8773
1356,1,★Lep1865
1356,9,★Lep1865
1356,11,★Lep1865
1357,1,★Lep1829
1357,9,★Lep1829
1357,11,★Lep1829
1358,1,★Boo5340
1358,9,★Boo5340
1358,11,★Boo5340
1359,1,★Boo5506
1359,9,★Boo5506
1359,11,★Boo5506
1360,1,★Boo5435
1360,9,★Boo5435
1360,11,★Boo5435
1361,1,★Boo5602
1361,9,★Boo5602
1361,11,★Boo5602
1362,1,★Boo5733
1362,9,★Boo5733
1362,11,★Boo5733
1363,1,★Boo5235
1363,9,★Boo5235
1363,11,★Boo5235
1364,1,★Boo5351
1364,9,★Boo5351
1364,11,★Boo5351
1365,1,★Hya3748
1365,9,★Hya3748
1365,11,★Hya3748
1366,1,★Hya3903
1366,9,★Hya3903
1366,11,★Hya3903
1367,1,★Hya3418
1367,9,★Hya3418
1367,11,★Hya3418
1368,1,★Hya3482
1368,9,★Hya3482
1368,11,★Hya3482
1369,1,★Hya3845
1369,9,★Hya3845
1369,11,★Hya3845
1370,1,★Eri1084
1370,9,★Eri1084
1370,11,★Eri1084
1371,1,★Eri472
1371,9,★Eri472
1371,11,★Eri472
1372,1,★Eri1666
1372,9,★Eri1666
1372,11,★Eri1666
1373,1,★Eri897
1373,9,★Eri897
1373,11,★Eri897
1374,1,★Eri1231
1374,9,★Eri1231
1374,11,★Eri1231
1375,1,★Eri874
1375,9,★Eri874
1375,11,★Eri874
1376,1,★Eri1298
1376,9,★Eri1298
1376,11,★Eri1298
1377,1,★Eri1325
1377,9,★Eri1325
1377,11,★Eri1325
1378,1,★Eri984
1378,9,★Eri984
1378,11,★Eri984
1379,1,★Eri1464
1379,9,★Eri1464
1379,11,★Eri1464
1380,1,★Eri1393
1380,9,★Eri1393
1380,11,★Eri1393
1381,1,★Eri850
1381,9,★Eri850
1381,11,★Eri850
1382,1,★Tau1409
1382,9,★Tau1409
1382,11,★Tau1409
1383,1,★Tau1457
1383,9,★Tau1457
1383,11,★Tau1457
1384,1,★Tau1165
1384,9,★Tau1165
1384,11,★Tau1165
1385,1,★Tau1791
1385,9,★Tau1791
1385,11,★Tau1791
1386,1,★Tau1910
1386,9,★Tau1910
1386,11,★Tau1910
1387,1,★Tau1346
1387,9,★Tau1346
1387,11,★Tau1346
1388,1,★Tau1373
1388,9,★Tau1373
1388,11,★Tau1373
1389,1,★Tau1412
1389,9,★Tau1412
1389,11,★Tau1412
1390,1,★CMa2491
1390,9,★CMa2491
1390,11,★CMa2491
1391,1,★CMa2693
1391,9,★CMa2693
1391,11,★CMa2693
1392,1,★CMa2294
1392,9,★CMa2294
1392,11,★CMa2294
1393,1,★CMa2827
1393,9,★CMa2827
1393,11,★CMa2827
1394,1,★CMa2282
1394,9,★CMa2282
1394,11,★CMa2282
1395,1,★CMa2618
1395,9,★CMa2618
1395,11,★CMa2618
1396,1,★CMa2657
1396,9,★CMa2657
1396,11,★CMa2657
1397,1,★CMa2646
1397,9,★CMa2646
1397,11,★CMa2646
1398,1,★UMa4905
1398,9,★UMa4905
1398,11,★UMa4905
1399,1,★UMa4301
1399,9,★UMa4301
1399,11,★UMa4301
1400,1,★UMa5191
1400,9,★UMa5191
1400,11,★UMa5191
1401,1,★UMa5054
1401,9,★UMa5054
1401,11,★UMa5054
1402,1,★UMa4295
1402,9,★UMa4295
1402,11,★UMa4295
1403,1,★UMa4660
1403,9,★UMa4660
1403,11,★UMa4660
1404,1,★UMa4554
1404,9,★UMa4554
1404,11,★UMa4554
1405,1,★UMa4069
1405,9,★UMa4069
1405,11,★UMa4069
1406,1,★UMa3569
1406,9,★UMa3569
1406,11,★UMa3569
1407,1,★UMa3323
1407,9,★UMa3323
1407,11,★UMa3323
1408,1,★UMa4033
1408,9,★UMa4033
1408,11,★UMa4033
1409,1,★UMa4377
1409,9,★UMa4377
1409,11,★UMa4377
1410,1,★UMa4375
1410,9,★UMa4375
1410,11,★UMa4375
1411,1,★UMa4518
1411,9,★UMa4518
1411,11,★UMa4518
1412,1,★UMa3594
1412,9,★UMa3594
1412,11,★UMa3594
1413,1,★Vir5056
1413,9,★Vir5056
1413,11,★Vir5056
1414,1,★Vir4825
1414,9,★Vir4825
1414,11,★Vir4825
1415,1,★Vir4932
1415,9,★Vir4932
1415,11,★Vir4932
1416,1,★Vir4540
1416,9,★Vir4540
1416,11,★Vir4540
1417,1,★Vir4689
1417,9,★Vir4689
1417,11,★Vir4689
1418,1,★Vir5338
1418,9,★Vir5338
1418,11,★Vir5338
1419,1,★Vir4910
1419,9,★Vir4910
1419,11,★Vir4910
1420,1,★Vir5315
1420,9,★Vir5315
1420,11,★Vir5315
1421,1,★Vir5359
1421,9,★Vir5359
1421,11,★Vir5359
1422,1,★Vir5409
1422,9,★Vir5409
1422,11,★Vir5409
1423,1,★Vir5107
1423,9,★Vir5107
1423,11,★Vir5107
1424,1,★Ari617
1424,9,★Ari617
1424,11,★Ari617
1425,1,★Ari553
1425,9,★Ari553
1425,11,★Ari553
1426,1,★Ari546
1426,9,★Ari546
1426,11,★Ari546
1427,1,★Ari951
1427,9,★Ari951
1427,11,★Ari951
1428,1,★Ori1713
1428,9,★Ori1713
1428,11,★Ori1713
1429,1,★Ori2061
1429,9,★Ori2061
1429,11,★Ori2061
1430,1,★Ori1790
1430,9,★Ori1790
1430,11,★Ori1790
1431,1,★Ori1903
1431,9,★Ori1903
1431,11,★Ori1903
1432,1,★Ori1948
1432,9,★Ori1948
1432,11,★Ori1948
1433,1,★Ori2004
1433,9,★Ori2004
1433,11,★Ori2004
1434,1,★Ori1852
1434,9,★Ori1852
1434,11,★Ori1852
1435,1,★Ori1879
1435,9,★Ori1879
1435,11,★Ori1879
1436,1,★Ori1899
1436,9,★Ori1899
1436,11,★Ori1899
1437,1,★Ori1543
1437,9,★Ori1543
1437,11,★Ori1543
1438,1,★Cas21
1438,9,★Cas21
1438,11,★Cas21
1439,1,★Cas168
1439,9,★Cas168
1439,11,★Cas168
1440,1,★Cas403
1440,9,★Cas403
1440,11,★Cas403
1441,1,★Cas153
1441,9,★Cas153
1441,11,★Cas153
1442,1,★Cas542
1442,9,★Cas542
1442,11,★Cas542
1443,1,★Cas219
1443,9,★Cas219
1443,11,★Cas219
1444,1,★Cas265
1444,9,★Cas265
1444,11,★Cas265
1445,1,★Cnc3572
1445,9,★Cnc3572
1445,11,★Cnc3572
1446,1,★Cnc3208
1446,9,★Cnc3208
1446,11,★Cnc3208
1447,1,★Cnc3461
1447,9,★Cnc3461
1447,11,★Cnc3461
1448,1,★Cnc3449
1448,9,★Cnc3449
1448,11,★Cnc3449
1449,1,★Cnc3429
1449,9,★Cnc3429
1449,11,★Cnc3429
1450,1,★Cnc3627
1450,9,★Cnc3627
1450,11,★Cnc3627
1451,1,★Cnc3268
1451,9,★Cnc3268
1451,11,★Cnc3268
1452,1,★Cnc3249
1452,9,★Cnc3249
1452,11,★Cnc3249
1453,1,★Com4968
1453,9,★Com4968
1453,11,★Com4968
1454,1,★Crv4757
1454,9,★Crv4757
1454,11,★Crv4757
1455,1,★Crv4623
1455,9,★Crv4623
1455,11,★Crv4623
1456,1,★Crv4662
1456,9,★Crv4662
1456,11,★Crv4662
1457,1,★Crv4786
1457,9,★Crv4786
1457,11,★Crv4786
1458,1,★Aur1708
1458,9,★Aur1708
1458,11,★Aur1708
1459,1,★Aur2088
1459,9,★Aur2088
1459,11,★Aur2088
1460,1,★Aur1605
1460,9,★Aur1605
1460,11,★Aur1605
1461,1,★Aur2095
1461,9,★Aur2095
1461,11,★Aur2095
1462,1,★Aur1577
1462,9,★Aur1577
1462,11,★Aur1577
1463,1,★Aur1641
1463,9,★Aur1641
1463,11,★Aur1641
1464,1,★Aur1612
1464,9,★Aur1612
1464,11,★Aur1612
1465,1,★Pav7790
1465,9,★Pav7790
1465,11,★Pav7790
1466,1,★Cet911
1466,9,★Cet911
1466,11,★Cet911
1467,1,★Cet681
1467,9,★Cet681
1467,11,★Cet681
1468,1,★Cet188
1468,9,★Cet188
1468,11,★Cet188
1469,1,★Cet539
1469,9,★Cet539
1469,11,★Cet539
1470,1,★Cet804
1470,9,★Cet804
1470,11,★Cet804
1471,1,★Cep8974
1471,9,★Cep8974
1471,11,★Cep8974
1472,1,★Cep8162
1472,9,★Cep8162
1472,11,★Cep8162
1473,1,★Cep8238
1473,9,★Cep8238
1473,11,★Cep8238
1474,1,★Cep8417
1474,9,★Cep8417
1474,11,★Cep8417
1475,1,★Cen5267
1475,9,★Cen5267
1475,11,★Cen5267
1476,1,★Cen5288
1476,9,★Cen5288
1476,11,★Cen5288
1477,1,★Cen551
1477,9,★Cen551
1477,11,★Cen551
1478,1,★Cen5459
1478,9,★Cen5459
1478,11,★Cen5459
1479,1,★Cen5460
1479,9,★Cen5460
1479,11,★Cen5460
1480,1,★CMi2943
1480,9,★CMi2943
1480,11,★CMi2943
1481,1,★CMi2845
1481,9,★CMi2845
1481,11,★CMi2845
1482,1,★Equ8131
1482,9,★Equ8131
1482,11,★Equ8131
1483,1,★Vul7405
1483,9,★Vul7405
1483,11,★Vul7405
1484,1,★UMi424
1484,9,★UMi424
1484,11,★UMi424
1485,1,★UMi5563
1485,9,★UMi5563
1485,11,★UMi5563
1486,1,★UMi5735
1486,9,★UMi5735
1486,11,★UMi5735
1487,1,★UMi6789
1487,9,★UMi6789
1487,11,★UMi6789
1488,1,★Crt4287
1488,9,★Crt4287
1488,11,★Crt4287
1489,1,★Lyr7001
1489,9,★Lyr7001
1489,11,★Lyr7001
1490,1,★Lyr7178
1490,9,★Lyr7178
1490,11,★Lyr7178
1491,1,★Lyr7106
1491,9,★Lyr7106
1491,11,★Lyr7106
1492,1,★Lyr7298
1492,9,★Lyr7298
1492,11,★Lyr7298
1493,1,★Ara6585
1493,9,★Ara6585
1493,11,★Ara6585
1494,1,★Sco6134
1494,9,★Sco6134
1494,11,★Sco6134
1495,1,★Sco6527
1495,9,★Sco6527
1495,11,★Sco6527
1496,1,★Sco6553
1496,9,★Sco6553
1496,11,★Sco6553
1497,1,★Sco5953
1497,9,★Sco5953
1497,11,★Sco5953
1498,1,★Sco5984
1498,9,★Sco5984
1498,11,★Sco5984
1499,1,★Sco6508
1499,9,★Sco6508
1499,11,★Sco6508
1500,1,★Sco6084
1500,9,★Sco6084
1500,11,★Sco6084
1501,1,★Sco5944
1501,9,★Sco5944
1501,11,★Sco5944
1502,1,★Sco6630
1502,9,★Sco6630
1502,11,★Sco6630
1503,1,★Sco6027
1503,9,★Sco6027
1503,11,★Sco6027
1504,1,★Sco6247
1504,9,★Sco6247
1504,11,★Sco6247
1505,1,★Sco6252
1505,9,★Sco6252
1505,11,★Sco6252
1506,1,★Sco5928
1506,9,★Sco5928
1506,11,★Sco5928
1507,1,★Sco6241
1507,9,★Sco6241
1507,11,★Sco6241
1508,1,★Sco6165
1508,9,★Sco6165
1508,11,★Sco6165
1509,1,★Tri544
1509,9,★Tri544
1509,11,★Tri544
1510,1,★Leo3982
1510,9,★Leo3982
1510,11,★Leo3982
1511,1,★Leo4534
1511,9,★Leo4534
1511,11,★Leo4534
1512,1,★Leo4357
1512,9,★Leo4357
1512,11,★Leo4357
1513,1,★Leo4057
1513,9,★Leo4057
1513,11,★Leo4057
1514,1,★Leo4359
1514,9,★Leo4359
1514,11,★Leo4359
1515,1,★Leo4031
1515,9,★Leo4031
1515,11,★Leo4031
1516,1,★Leo3852
1516,9,★Leo3852
1516,11,★Leo3852
1517,1,★Leo3905
1517,9,★Leo3905
1517,11,★Leo3905
1518,1,★Leo3773
1518,9,★Leo3773
1518,11,★Leo3773
1519,1,★Gru8425
1519,9,★Gru8425
1519,11,★Gru8425
1520,1,★Gru8636
1520,9,★Gru8636
1520,11,★Gru8636
1521,1,★Gru8353
1521,9,★Gru8353
1521,11,★Gru8353
1522,1,★Lib5685
1522,9,★Lib5685
1522,11,★Lib5685
1523,1,★Lib5531
1523,9,★Lib5531
1523,11,★Lib5531
1524,1,★Lib5787
1524,9,★Lib5787
1524,11,★Lib5787
1525,1,★Lib5603
1525,9,★Lib5603
1525,11,★Lib5603
1526,1,★Pup3165
1526,9,★Pup3165
1526,11,★Pup3165
1527,1,★Pup3185
1527,9,★Pup3185
1527,11,★Pup3185
1528,1,★Pup3045
1528,9,★Pup3045
1528,11,★Pup3045
1529,1,★Cyg7924
1529,9,★Cyg7924
1529,11,★Cyg7924
1530,1,★Cyg7417
1530,9,★Cyg7417
1530,11,★Cyg7417
1531,1,★Cyg7796
1531,9,★Cyg7796
1531,11,★Cyg7796
1532,1,★Cyg8301
1532,9,★Cyg8301
1532,11,★Cyg8301
1533,1,★Cyg7949
1533,9,★Cyg7949
1533,11,★Cyg7949
1534,1,★Cyg7528
1534,9,★Cyg7528
1534,11,★Cyg7528
1535,1,★Oct7228
1535,9,★Oct7228
1535,11,★Oct7228
1536,1,★Col1956
1536,9,★Col1956
1536,11,★Col1956
1537,1,★Col2040
1537,9,★Col2040
1537,11,★Col2040
1538,1,★Col2177
1538,9,★Col2177
1538,11,★Col2177
1539,1,★Gem2990
1539,9,★Gem2990
1539,11,★Gem2990
1540,1,★Gem2891
1540,9,★Gem2891
1540,11,★Gem2891
1541,1,★Gem2421
1541,9,★Gem2421
1541,11,★Gem2421
1542,1,★Gem2473
1542,9,★Gem2473
1542,11,★Gem2473
1543,1,★Gem2216
1543,9,★Gem2216
1543,11,★Gem2216
1544,1,★Gem2777
1544,9,★Gem2777
1544,11,★Gem2777
1545,1,★Gem2650
1545,9,★Gem2650
1545,11,★Gem2650
1546,1,★Gem2286
1546,9,★Gem2286
1546,11,★Gem2286
1547,1,★Gem2484
1547,9,★Gem2484
1547,11,★Gem2484
1548,1,★Gem2930
1548,9,★Gem2930
1548,11,★Gem2930
1549,1,★Peg8775
1549,9,★Peg8775
1549,11,★Peg8775
1550,1,★Peg8781
1550,9,★Peg8781
1550,11,★Peg8781
1551,1,★Peg39
1551,9,★Peg39
1551,11,★Peg39
1552,1,★Peg8308
1552,9,★Peg8308
1552,11,★Peg8308
1553,1,★Peg8650
1553,9,★Peg8650
1553,11,★Peg8650
1554,1,★Peg8634
1554,9,★Peg8634
1554,11,★Peg8634
1555,1,★Peg8684
1555,9,★Peg8684
1555,11,★Peg8684
1556,1,★Peg8450
1556,9,★Peg8450
1556,11,★Peg8450
1557,1,★Peg8880
1557,9,★Peg8880
1557,11,★Peg8880
1558,1,★Peg8905
1558,9,★Peg8905
1558,11,★Peg8905
1559,1,★Oph6556
1559,9,★Oph6556
1559,11,★Oph6556
1560,1,★Oph6378
1560,9,★Oph6378
1560,11,★Oph6378
1561,1,★Oph6603
1561,9,★Oph6603
1561,11,★Oph6603
1562,1,★Oph6149
1562,9,★Oph6149
1562,11,★Oph6149
1563,1,★Oph6056
1563,9,★Oph6056
1563,11,★Oph6056
1564,1,★Oph6075
1564,9,★Oph6075
1564,11,★Oph6075
1565,1,★Ser5854
1565,9,★Ser5854
1565,11,★Ser5854
1566,1,★Ser7141
1566,9,★Ser7141
1566,11,★Ser7141
1567,1,★Ser5879
1567,9,★Ser5879
1567,11,★Ser5879
1568,1,★Her6406
1568,9,★Her6406
1568,11,★Her6406
1569,1,★Her6148
1569,9,★Her6148
1569,11,★Her6148
1570,1,★Her6410
1570,9,★Her6410
1570,11,★Her6410
1571,1,★Her6526
1571,9,★Her6526
1571,11,★Her6526
1572,1,★Her6117
1572,9,★Her6117
1572,11,★Her6117
1573,1,★Her6008
1573,9,★Her6008
1573,11,★Her6008
1574,1,★Per936
1574,9,★Per936
1574,11,★Per936
1575,1,★Per1017
1575,9,★Per1017
1575,11,★Per1017
1576,1,★Per1131
1576,9,★Per1131
1576,11,★Per1131
1577,1,★Per1228
1577,9,★Per1228
1577,11,★Per1228
1578,1,★Per834
1578,9,★Per834
1578,11,★Per834
1579,1,★Per941
1579,9,★Per941
1579,11,★Per941
1580,1,★Phe99
1580,9,★Phe99
1580,11,★Phe99
1581,1,★Phe338
1581,9,★Phe338
1581,11,★Phe338
1582,1,★Vel3634
1582,9,★Vel3634
1582,11,★Vel3634
1583,1,★Vel3485
1583,9,★Vel3485
1583,11,★Vel3485
1584,1,★Vel3734
1584,9,★Vel3734
1584,11,★Vel3734
1585,1,★Aqr8232
1585,9,★Aqr8232
1585,11,★Aqr8232
1586,1,★Aqr8414
1586,9,★Aqr8414
1586,11,★Aqr8414
1587,1,★Aqr8709
1587,9,★Aqr8709
1587,11,★Aqr8709
1588,1,★Aqr8518
1588,9,★Aqr8518
1588,11,★Aqr8518
1589,1,★Aqr7950
1589,9,★Aqr7950
1589,11,★Aqr7950
1590,1,★Aqr8499
1590,9,★Aqr8499
1590,11,★Aqr8499
1591,1,★Aqr8610
1591,9,★Aqr8610
1591,11,★Aqr8610
1592,1,★Aqr8264
1592,9,★Aqr8264
1592,11,★Aqr8264
1593,1,★Cru4853
1593,9,★Cru4853
1593,11,★Cru4853
1594,1,★Cru4730
1594,9,★Cru4730
1594,11,★Cru4730
1595,1,★Cru4763
1595,9,★Cru4763
1595,11,★Cru4763
1596,1,★Cru4700
1596,9,★Cru4700
1596,11,★Cru4700
1597,1,★Cru4656
1597,9,★Cru4656
1597,11,★Cru4656
1598,1,★PsA8728
1598,9,★PsA8728
1598,11,★PsA8728
1599,1,★TrA6217
1599,9,★TrA6217
1599,11,★TrA6217
1600,1,★Cap7776
1600,9,★Cap7776
1600,11,★Cap7776
1601,1,★Cap7754
1601,9,★Cap7754
1601,11,★Cap7754
1602,1,★Cap8278
1602,9,★Cap8278
1602,11,★Cap8278
1603,1,★Cap8322
1603,9,★Cap8322
1603,11,★Cap8322
1604,1,★Cap7773
1604,9,★Cap7773
1604,11,★Cap7773
1605,1,★Sge7479
1605,9,★Sge7479
1605,11,★Sge7479
1606,1,★Car2326
1606,9,★Car2326
1606,11,★Car2326
1607,1,★Car3685
1607,9,★Car3685
1607,11,★Car3685
1608,1,★Car3307
1608,9,★Car3307
1608,11,★Car3307
1609,1,★Car3699
1609,9,★Car3699
1609,11,★Car3699
1610,1,★Dra5744
1610,9,★Dra5744
1610,11,★Dra5744
1611,1,★Dra5291
1611,9,★Dra5291
1611,11,★Dra5291
1612,1,★Dra6705
1612,9,★Dra6705
1612,11,★Dra6705
1613,1,★Dra6536
1613,9,★Dra6536
1613,11,★Dra6536
1614,1,★Dra7310
1614,9,★Dra7310
1614,11,★Dra7310
1615,1,★Dra6688
1615,9,★Dra6688
1615,11,★Dra6688
1616,1,★Dra4434
1616,9,★Dra4434
1616,11,★Dra4434
1617,1,★Dra6370
1617,9,★Dra6370
1617,11,★Dra6370
1618,1,★Dra7462
1618,9,★Dra7462
1618,11,★Dra7462
1619,1,★Dra6396
1619,9,★Dra6396
1619,11,★Dra6396
1620,1,★Dra6132
1620,9,★Dra6132
1620,11,★Dra6132
1621,1,★Dra6636
1621,9,★Dra6636
1621,11,★Dra6636
1622,1,★CVn4915
1622,9,★CVn4915
1622,11,★CVn4915
1623,1,★CVn4785
1623,9,★CVn4785
1623,11,★CVn4785
1624,1,★CVn4846
1624,9,★CVn4846
1624,11,★CVn4846
1625,1,★Aql7595
1625,9,★Aql7595
1625,11,★Aql7595
1626,1,★Aql7557
1626,9,★Aql7557
1626,11,★Aql7557
1627,1,★Aql7525
1627,9,★Aql7525
1627,11,★Aql7525
1628,1,★Aql7602
1628,9,★Aql7602
1628,11,★Aql7602
1629,1,★Aql7235
1629,9,★Aql7235
1629,11,★Aql7235
1630,1,ダイミツ
1630,9,Max Honey
1630,11,ダイミツ
1631,1,ダイキノコ
1631,9,Max Mushrooms
1631,11,ダイキノコ
1632,1,ガラナツのえだ
1632,9,Galarica Twig
1632,11,ガラナツのえだ
1633,1,ガラナツブレス
1633,9,Galarica Cuff
1633,11,ガラナツブレス
1634,1,おしゃれカード
1634,9,Style Card
1634,11,おしゃれカード
1635,1,ヨロイパス
1635,9,Armor Pass
1635,11,ヨロイパス
1636,1,ロトムじてんしゃ
1636,9,Rotom Bike
1636,11,ロトムじてんしゃ
1637,1,ロトムじてんしゃ
1637,9,Rotom Bike
1637,11,ロトムじてんしゃ
1638,1,けいけんおまもり
1638,9,Exp. Charm
1638,11,けいけんおまもり
1639,1,ヨロイこうせき
1639,9,Armorite Ore
1639,11,ヨロイこうせき
1640,1,あかしのおまもり
1640,9,Mark Charm
1640,11,あかしのおまもり
1641,1,キズナのタヅナ
1641,9,Reins of Unity
1641,11,キズナのタヅナ
1642,1,キズナのタヅナ
1642,9,Reins of Unity
1642,11,キズナのタヅナ
1643,1,ガラナツリース
1643,9,Galarica Wreath
1643,11,ガラナツリース
1644,1,でんせつのメモ１
1644,9,Legendary Clue 1
1644,11,でんせつのメモ１
1645,1,でんせつのメモ２
1645,9,Legendary Clue 2
1645,11,でんせつのメモ２
1646,1,でんせつのメモ３
1646,9,Legendary Clue 3
1646,11,でんせつのメモ３
1647,1,でんせつのメモ？
1647,9,Legendary Clue?
1647,11,でんせつのメモ？
1648,1,カンムリパス
1648,9,Crown Pass
1648,11,カンムリパス
1649,1,きぼりのかんむり
1649,9,Wooden Crown
1649,11,きぼりのかんむり
1650,1,かがやくはなびら
1650,9,Radiant Petal
1650,11,かがやくはなびら
1651,1,しろいたてがみ
1651,9,White Mane Hair
1651,11,しろいたてがみ
1652,1,くろいたてがみ
1652,9,Black Mane Hair
1652,11,くろいたてがみ
1653,1,つめたいにんじん
1653,9,Iceroot Carrot
1653,11,つめたいにんじん
1654,1,くろいにんじん
1654,9,Shaderoot Carrot
1654,11,くろいにんじん
1655,1,マックスこうせき
1655,9,Dynite Ore
1655,11,マックスこうせき
1656,1,にんじんのタネ
1656,9,Carrot Seeds
1656,11,にんじんのタネ
1657,1,とくせいパッチ
1657,9,Ability Patch
1657,11,とくせいパッチ
1658,1,キズナのタヅナ
1658,9,Reins of Unity
1658,11,キズナのタヅナ
1659,1,だいこんごうだま
1659,9,Adamant Crystal
1659,11,だいこんごうだま
1660,1,だいしらたま
1660,9,Lustrous Globe
1660,11,だいしらたま
1661,1,だいはっきんだま
1661,9,Griseous Core
1661,11,だいはっきんだま
1662,1,まっさらプレート
1662,9,Blank Plate
1662,11,まっさらプレート
1663,1,ストレンジボール
1663,9,Strange Ball
1663,11,ストレンジボール
1664,1,レジェンドプレート
1664,9,Legend Plate
1664,11,レジェンドプレート
1665,1,スマホロトム
1665,9,Rotom Phone
1665,11,スマホロトム
1666,1,サンドウィッチ
1666,9,Sandwich
1666,11,サンドウィッチ
1667,1,コライドンのボール
1667,9,Koraidon’s Poké Ball
1667,11,コライドンのボール
1668,1,ミライドンのボール
1668,9,Miraidon’s Poké Ball
1668,11,ミライドンのボール
1669,1,テラスタルオーブ
1669,9,Tera Orb
1669,11,テラスタルオーブ
1670,1,スカーレットブック
1670,9,Scarlet Book
1670,11,スカーレットブック
1671,1,バイオレットブック
1671,9,Violet Book
1671,11,バイオレットブック
1672,1,ハイダイのサイフ
1672,9,Kofu’s Wallet
1672,11,ハイダイのサイフ
1673,1,ちいさなタケノコ
1673,9,Tiny Bamboo Shoot
1673,11,ちいさなタケノコ
1674,1,おおきなタケノコ
1674,9,Big Bamboo Shoot
1674,11,おおきなタケノコ
1675,1,あくのかけじく
1675,9,Scroll of Darkness
1675,11,あくのかけじく
1676,1,みずのかけじく
1676,9,Scroll of Waters
1676,11,みずのかけじく
1677,1,ノロイノヨロイ
1677,9,Malicious Armor
1677,11,ノロイノヨロイ
1678,1,テラピースノーマル
1678,9,Normal Tera Shard
1678,11,テラピースノーマル
1679,1,テラピースほのお
1679,9,Fire Tera Shard
1679,11,テラピースほのお
1680,1,テラピースみず
1680,9,Water Tera Shard
1680,11,テラピースみず
1681,1,テラピースでんき
1681,9,Electric Tera Shard
1681,11,テラピースでんき
1682,1,テラピースくさ
1682,9,Grass Tera Shard
1682,11,テラピースくさ
1683,1,テラピースこおり
1683,9,Ice Tera Shard
1683,11,テラピースこおり
1684,1,テラピースかくとう
1684,9,Fighting Tera Shard
1684,11,テラピースかくとう
1685,1,テラピースどく
1685,9,Poison Tera Shard
1685,11,テラピースどく
1686,1,テラピースじめん
1686,9,Ground Tera Shard
1686,11,テラピースじめん
1687,1,テラピースひこう
1687,9,Flying Tera Shard
1687,11,テラピースひこう
1688,1,テラピースエスパー
1688,9,Psychic Tera Shard
1688,11,テラピースエスパー
1689,1,テラピースむし
1689,9,Bug Tera Shard
1689,11,テラピースむし
1690,1,テラピースいわ
1690,9,Rock Tera Shard
1690,11,テラピースいわ
1691,1,テラピースゴースト
1691,9,Ghost Tera Shard
1691,11,テラピースゴースト
1692,1,テラピースドラゴン
1692,9,Dragon Tera Shard
1692,11,テラピースドラゴン
1693,1,テラピースあく
1693,9,Dark Tera Shard
1693,11,テラピースあく
1694,1,テラピースはがね
1694,9,Steel Tera Shard
1694,11,テラピースはがね
1695,1,テラピースフェアリー
1695,9,Fairy Tera Shard
1695,11,テラピースフェアリー
1696,1,ブーストエナジー
1696,9,Booster Energy
1696,11,ブーストエナジー
1697,1,とくせいガード
1697,9,Ability Shield
1697,11,とくせいガード
1698,1,クリアチャーム
1698,9,Clear Amulet
1698,11,クリアチャーム
1699,1,ものまねハーブ
1699,9,Mirror Herb
1699,11,ものまねハーブ
1700,1,パンチグローブ
1700,9,Punching Glove
1700,11,パンチグローブ
1701,1,おんみつマント
1701,9,Covert Cloak
1701,11,おんみつマント
1702,1,いかさまダイス
1702,9,Loaded Dice
1702,11,いかさまダイス
1703,1,バケット
1703,9,Baguette
1703,11,バケット
1704,1,マヨネーズ
1704,9,Mayonnaise
1704,11,マヨネーズ
1705,1,ケチャップ
1705,9,Ketchup
1705,11,ケチャップ
1706,1,マスタード
1706,9,Mustard
1706,11,マスタード
1707,1,バター
1707,9,Butter
1707,11,バター
1708,1,ピーナッツバター
1708,9,Peanut Butter
1708,11,ピーナッツバター
1709,1,チリソース
1709,9,Chili Sauce
1709,11,チリソース
1710,1,ソルト
1710,9,Salt
1710,11,ソルト
1711,1,ペッパー
1711,9,Pepper
1711,11,ペッパー
1712,1,ヨーグルト
1712,9,Yogurt
1712,11,ヨーグルト
1713,1,ホイップクリーム
1713,9,Whipped Cream
1713,11,ホイップクリーム
1714,1,クリームチーズ
1714,9,Cream Cheese
1714,11,クリームチーズ
1715,1,ベリージャム
1715,9,Jam
1715,11,ベリージャム
1716,1,マーマレード
1716,9,Marmalade
1716,11,マーマレード
1717,1,オリーブオイル
1717,9,Olive Oil
1717,11,オリーブオイル
1718,1,ビネガー
1718,9,Vinegar
1718,11,ビネガー
1719,1,ひでん：あまスパイス
1719,9,Sweet Herba Mystica
1719,11,ひでん：あまスパイス
1720,1,ひでん：しおスパイス
1720,9,Salty Herba Mystica
1720,11,ひでん：しおスパイス
1721,1,ひでん：すぱスパイス
1721,9,Sour Herba Mystica
1721,11,ひでん：すぱスパイス
1722,1,ひでん：にがスパイス
1722,9,Bitter Herba Mystica
1722,11,ひでん：にがスパイス
1723,1,ひでん：からスパイス
1723,9,Spicy Herba Mystica
1723,11,ひでん：からスパイス
1724,1,レタス
1724,9,Lettuce
1724,11,レタス
1725,1,トマトスライス
1725,9,Tomato
1725,11,トマトスライス
1726,1,カットミニトマト
1726,9,Cherry Tomatoes
1726,11,カットミニトマト
1727,1,キュウリスライス
1727,9,Cucumber
1727,11,キュウリスライス
1728,1,ピクルススライス
1728,9,Pickle
1728,11,ピクルススライス
1729,1,たまねぎスライス
1729,9,Onion
1729,11,たまねぎスライス
1730,1,アーリーレッド
1730,9,Red Onion
1730,11,アーリーレッド
1731,1,ピーマンスライス
1731,9,Green Bell Pepper
1731,11,ピーマンスライス
1732,1,あかパプリカスライス
1732,9,Red Bell Pepper
1732,11,あかパプリカスライス
1733,1,きパプリカスライス
1733,9,Yellow Bell Pepper
1733,11,きパプリカスライス
1734,1,アボカド
1734,9,Avocado
1734,11,アボカド
1735,1,やきベーコン
1735,9,Bacon
1735,11,やきベーコン
1736,1,ハムスライス
1736,9,Ham
1736,11,ハムスライス
1737,1,なまハム
1737,9,Prosciutto
1737,11,なまハム
1738,1,やきチョリソー
1738,9,Chorizo
1738,11,やきチョリソー
1739,1,ハーブソーセージ
1739,9,Herbed Sausage
1739,11,ハーブソーセージ
1740,1,ハンバーグ
1740,9,Hamburger
1740,11,ハンバーグ
1741,1,ガケガニスティック
1741,9,Klawf Stick
1741,11,ガケガニスティック
1742,1,スモークきりみ
1742,9,Smoked Fillet
1742,11,スモークきりみ
1743,1,きりみフライ
1743,9,Fried Fillet
1743,11,きりみフライ
1744,1,スライスエッグ
1744,9,Egg
1744,11,スライスエッグ
1745,1,トルティージャ
1745,9,Potato Tortilla
1745,11,トルティージャ
1746,1,トーフ
1746,9,Tofu
1746,11,トーフ
1747,1,ライス
1747,9,Rice
1747,11,ライス
1748,1,ヌードル
1748,9,Noodles
1748,11,ヌードル
1749,1,ポテトサラダ
1749,9,Potato Salad
1749,11,ポテトサラダ
1750,1,スライスチーズ
1750,9,Cheese
1750,11,スライスチーズ
1751,1,バナナスライス
1751,9,Banana
1751,11,バナナスライス
1752,1,いちごスライス
1752,9,Strawberry
1752,11,いちごスライス
1753,1,わぎりリンゴ
1753,9,Apple
1753,11,わぎりリンゴ
1754,1,わぎりキウイ
1754,9,Kiwi
1754,11,わぎりキウイ
1755,1,カットパイン
1755,9,Pineapple
1755,11,カットパイン
1756,1,バラペーニョ
1756,9,Jalapeño
1756,11,バラペーニョ
1757,1,ホースラディッシュ
1757,9,Horseradish
1757,11,ホースラディッシュ
1758,1,カレーパウダー
1758,9,Curry Powder
1758,11,カレーパウダー
1759,1,ワサビソース
1759,9,Wasabi
1759,11,ワサビソース
1760,1,クレソン
1760,9,Watercress
1760,11,クレソン
1761,1,バジル
1761,9,Basil
1761,11,バジル
1762,1,コンパンのキバ
1762,9,Venonat Fang
1762,11,コンパンのキバ
1763,1,ディグダのつち
1763,9,Diglett Dirt
1763,11,ディグダのつち
1764,1,ニャースのけ
1764,9,Meowth Fur
1764,11,ニャースのけ
1765,1,コダックのうもう
1765,9,Psyduck Down
1765,11,コダックのうもう
1766,1,マンキーのけ
1766,9,Mankey Fur
1766,11,マンキーのけ
1767,1,ガーディのけ
1767,9,Growlithe Fur
1767,11,ガーディのけ
1768,1,ヤドンのツメ
1768,9,Slowpoke Claw
1768,11,ヤドンのツメ
1769,1,コイルのねじ
1769,9,Magnemite Screw
1769,11,コイルのねじ
1770,1,ベトベターのどくそ
1770,9,Grimer Toxin
1770,11,ベトベターのどくそ
1771,1,シェルダーのしんじゅ
1771,9,Shellder Pearl
1771,11,シェルダーのしんじゅ
1772,1,ゴースのガス
1772,9,Gastly Gas
1772,11,ゴースのガス
1773,1,スリープのけ
1773,9,Drowzee Fur
1773,11,スリープのけ
1774,1,ビリリダマのでんき
1774,9,Voltorb Sparks
1774,11,ビリリダマのでんき
1775,1,ストライクのツメ
1775,9,Scyther Claw
1775,11,ストライクのツメ
1776,1,ケンタロスのけ
1776,9,Tauros Hair
1776,11,ケンタロスのけ
1777,1,コイキングのウロコ
1777,9,Magikarp Scales
1777,11,コイキングのウロコ
1778,1,メタモンのべたべた
1778,9,Ditto Goo
1778,11,メタモンのべたべた
1779,1,イーブイのけ
1779,9,Eevee Fur
1779,11,イーブイのけ
1780,1,ミニリュウのウロコ
1780,9,Dratini Scales
1780,11,ミニリュウのウロコ
1781,1,ピチューのけ
1781,9,Pichu Fur
1781,11,ピチューのけ
1782,1,ププリンのけ
1782,9,Igglybuff Fluff
1782,11,ププリンのけ
1783,1,メリープのけだま
1783,9,Mareep Wool
1783,11,メリープのけだま
1784,1,ハネッコのはっぱ
1784,9,Hoppip Leaf
1784,11,ハネッコのはっぱ
1785,1,ヒマナッツのはっぱ
1785,9,Sunkern Leaf
1785,11,ヒマナッツのはっぱ
1786,1,ヤミカラスのおたから
1786,9,Murkrow Bauble
1786,11,ヤミカラスのおたから
1787,1,ムウマのなみだ
1787,9,Misdreavus Tears
1787,11,ムウマのなみだ
1788,1,キリンリキのけ
1788,9,Girafarig Fur
1788,11,キリンリキのけ
1789,1,クヌギダマのから
1789,9,Pineco Husk
1789,11,クヌギダマのから
1790,1,ノコッチのウロコ
1790,9,Dunsparce Scales
1790,11,ノコッチのウロコ
1791,1,ハリーセンのトゲ
1791,9,Qwilfish Spines
1791,11,ハリーセンのトゲ
1792,1,ヘラクロスのツメ
1792,9,Heracross Claw
1792,11,ヘラクロスのツメ
1793,1,ニューラのツメ
1793,9,Sneasel Claw
1793,11,ニューラのツメ
1794,1,ヒメグマのツメ
1794,9,Teddiursa Claw
1794,11,ヒメグマのツメ
1795,1,デリバードのにもつ
1795,9,Delibird Parcel
1795,11,デリバードのにもつ
1796,1,デルビルのキバ
1796,9,Houndour Fang
1796,11,デルビルのキバ
1797,1,ゴマゾウのツメ
1797,9,Phanpy Nail
1797,11,ゴマゾウのツメ
1798,1,オドシシのけ
1798,9,Stantler Hair
1798,11,オドシシのけ
1799,1,ヨーギラスのツメ
1799,9,Larvitar Claw
1799,11,ヨーギラスのツメ
1800,1,キャモメのはね
1800,9,Wingull Feather
1800,11,キャモメのはね
1801,1,ラルトスのおとしもの
1801,9,Ralts Dust
1801,11,ラルトスのおとしもの
1802,1,アメタマのミツ
1802,9,Surskit Syrup
1802,11,アメタマのミツ
1803,1,キノココのほうし
1803,9,Shroomish Spores
1803,11,キノココのほうし
1804,1,ナマケロのけ
1804,9,Slakoth Fur
1804,11,ナマケロのけ
1805,1,マクノシタのあせ
1805,9,Makuhita Sweat
1805,11,マクノシタのあせ
1806,1,ルリリのけ
1806,9,Azurill Fur
1806,11,ルリリのけ
1807,1,ヤミラミのほうせき
1807,9,Sableye Gem
1807,11,ヤミラミのほうせき
1808,1,アサナンのあせ
1808,9,Meditite Sweat
1808,11,アサナンのあせ
1809,1,ゴクリンのねんえき
1809,9,Gulpin Mucus
1809,11,ゴクリンのねんえき
1810,1,ドンメルのようがん
1810,9,Numel Lava
1810,11,ドンメルのようがん
1811,1,コータスのせきたん
1811,9,Torkoal Coal
1811,11,コータスのせきたん
1812,1,バネブーのしんじゅ
1812,9,Spoink Pearl
1812,11,バネブーのしんじゅ
1813,1,サボネアのトゲ
1813,9,Cacnea Needle
1813,11,サボネアのトゲ
1814,1,チルットのはね
1814,9,Swablu Fluff
1814,11,チルットのはね
1815,1,ザングースのツメ
1815,9,Zangoose Claw
1815,11,ザングースのツメ
1816,1,ハブネークのキバ
1816,9,Seviper Fang
1816,11,ハブネークのキバ
1817,1,ドジョッチのねんえき
1817,9,Barboach Slime
1817,11,ドジョッチのねんえき
1818,1,カゲボウズのきれはし
1818,9,Shuppet Scrap
1818,11,カゲボウズのきれはし
1819,1,トロピウスのはっぱ
1819,9,Tropius Leaf
1819,11,トロピウスのはっぱ
1820,1,ユキワラシのけ
1820,9,Snorunt Fur
1820,11,ユキワラシのけ
1821,1,ラブカスのウロコ
1821,9,Luvdisc Scales
1821,11,ラブカスのウロコ
1822,1,タツベイのウロコ
1822,9,Bagon Scales
1822,11,タツベイのウロコ
1823,1,ムックルのはね
1823,9,Starly Feather
1823,11,ムックルのはね
1824,1,コロボーシのぬけがら
1824,9,Kricketot Shell
1824,11,コロボーシのぬけがら
1825,1,コリンクのキバ
1825,9,Shinx Fang
1825,11,コリンクのキバ
1826,1,ミツハニーのミツ
1826,9,Combee Honey
1826,11,ミツハニーのミツ
1827,1,パチリスのけ
1827,9,Pachirisu Fur
1827,11,パチリスのけ
1828,1,ブイゼルのけ
1828,9,Buizel Fur
1828,11,ブイゼルのけ
1829,1,カラナクシのねんえき
1829,9,Shellos Mucus
1829,11,カラナクシのねんえき
1830,1,フワンテのガス
1830,9,Drifloon Gas
1830,11,フワンテのガス
1831,1,スカンプーのけ
1831,9,Stunky Fur
1831,11,スカンプーのけ
1832,1,ドーミラーのかけら
1832,9,Bronzor Fragment
1832,11,ドーミラーのかけら
1833,1,ウソハチのなみだ
1833,9,Bonsly Tears
1833,11,ウソハチのなみだ
1834,1,ピンプクのおとしもの
1834,9,Happiny Dust
1834,11,ピンプクのおとしもの
1835,1,ミカルゲのかけら
1835,9,Spiritomb Fragment
1835,11,ミカルゲのかけら
1836,1,フカマルのウロコ
1836,9,Gible Scales
1836,11,フカマルのウロコ
1837,1,リオルのけ
1837,9,Riolu Fur
1837,11,リオルのけ
1838,1,ヒポポタスのすな
1838,9,Hippopotas Sand
1838,11,ヒポポタスのすな
1839,1,グレッグルのどくそ
1839,9,Croagunk Poison
1839,11,グレッグルのどくそ
1840,1,ケイコウオのウロコ
1840,9,Finneon Scales
1840,11,ケイコウオのウロコ
1841,1,ユキカブリのみ
1841,9,Snover Berries
1841,11,ユキカブリのみ
1842,1,ロトムのでんき
1842,9,Rotom Sparks
1842,11,ロトムのでんき
1843,1,チュリネのはっぱ
1843,9,Petilil Leaf
1843,11,チュリネのはっぱ
1844,1,バスラオのキバ
1844,9,Basculin Fang
1844,11,バスラオのキバ
1845,1,メグロコのツメ
1845,9,Sandile Claw
1845,11,メグロコのツメ
1846,1,ゾロアのけ
1846,9,Zorua Fur
1846,11,ゾロアのけ
1847,1,ゴチムのまつげ
1847,9,Gothita Eyelash
1847,11,ゴチムのまつげ
1848,1,シキジカのけ
1848,9,Deerling Hair
1848,11,シキジカのけ
1849,1,タマゲタケのほうし
1849,9,Foongus Spores
1849,11,タマゲタケのほうし
1850,1,ママンボウのねんえき
1850,9,Alomomola Mucus
1850,11,ママンボウのねんえき
1851,1,シビシラスのねんえき
1851,9,Tynamo Slime
1851,11,シビシラスのねんえき
1852,1,キバゴのウロコ
1852,9,Axew Scales
1852,11,キバゴのウロコ
1853,1,クマシュンのけ
1853,9,Cubchoo Fur
1853,11,クマシュンのけ
1854,1,フリージオのこおり
1854,9,Cryogonal Ice
1854,11,フリージオのこおり
1855,1,コマタナのやいば
1855,9,Pawniard Blade
1855,11,コマタナのやいば
1856,1,ワシボンのはね
1856,9,Rufflet Feather
1856,11,ワシボンのはね
1857,1,モノズのウロコ
1857,9,Deino Scales
1857,11,モノズのウロコ
1858,1,メラルバのけ
1858,9,Larvesta Fuzz
1858,11,メラルバのけ
1859,1,ヤヤコマのはね
1859,9,Fletchling Feather
1859,11,ヤヤコマのはね
1860,1,コフキムシのこな
1860,9,Scatterbug Powder
1860,11,コフキムシのこな
1861,1,シシコのたてがみ
1861,9,Litleo Tuft
1861,11,シシコのたてがみ
1862,1,フラベベのかふん
1862,9,Flabébé Pollen
1862,11,フラベベのかふん
1863,1,メェークルのはっぱ
1863,9,Skiddo Leaf
1863,11,メェークルのはっぱ
1864,1,クズモーのもくず
1864,9,Skrelp Kelp
1864,11,クズモーのもくず
1865,1,ウデッポウのハサミ
1865,9,Clauncher Claw
1865,11,ウデッポウのハサミ
1866,1,ルチャブルのうもう
1866,9,Hawlucha Down
1866,11,ルチャブルのうもう
1867,1,デデンネのけ
1867,9,Dedenne Fur
1867,11,デデンネのけ
1868,1,ヌメラのねんえき
1868,9,Goomy Goo
1868,11,ヌメラのねんえき
1869,1,クレッフィのかぎ
1869,9,Klefki Key
1869,11,クレッフィのかぎ
1870,1,カチコールのこおり
1870,9,Bergmite Ice
1870,11,カチコールのこおり
1871,1,オンバットのけ
1871,9,Noibat Fur
1871,11,オンバットのけ
1872,1,ヤングースのけ
1872,9,Yungoos Fur
1872,11,ヤングースのけ
1873,1,マケンカニのから
1873,9,Crabrawler Shell
1873,11,マケンカニのから
1874,1,オドリドリのはね
1874,9,Oricorio Feather
1874,11,オドリドリのはね
1875,1,イワンコのいわ
1875,9,Rockruff Rock
1875,11,イワンコのいわ
1876,1,ヒドイデのトゲ
1876,9,Mareanie Spike
1876,11,ヒドイデのトゲ
1877,1,ドロバンコのどろ
1877,9,Mudbray Mud
1877,11,ドロバンコのどろ
1878,1,カリキリのはっぱ
1878,9,Fomantis Leaf
1878,11,カリキリのはっぱ
1879,1,ヤトウモリのガス
1879,9,Salandit Gas
1879,11,ヤトウモリのガス
1880,1,アマカジのあせ
1880,9,Bounsweet Sweat
1880,11,アマカジのあせ
1881,1,ヤレユータンのけ
1881,9,Oranguru Fur
1881,11,ヤレユータンのけ
1882,1,ナゲツケサルのけ
1882,9,Passimian Fur
1882,11,ナゲツケサルのけ
1883,1,スナバァのすな
1883,9,Sandygast Sand
1883,11,スナバァのすな
1884,1,ネッコアラのツメ
1884,9,Komala Claw
1884,11,ネッコアラのツメ
1885,1,ミミッキュのきれはし
1885,9,Mimikyu Scrap
1885,11,ミミッキュのきれはし
1886,1,ハギギシリのは
1886,9,Bruxish Tooth
1886,11,ハギギシリのは
1887,1,カムカメのツメ
1887,9,Chewtle Claw
1887,11,カムカメのツメ
1888,1,ホシガリスのけ
1888,9,Skwovet Fur
1888,11,ホシガリスのけ
1889,1,サシカマスのウロコ
1889,9,Arrokuda Scales
1889,11,サシカマスのウロコ
1890,1,ココガラのはね
1890,9,Rookidee Feather
1890,11,ココガラのはね
1891,1,エレズンのでんき
1891,9,Toxel Sparks
1891,11,エレズンのでんき
1892,1,タイレーツのあせ
1892,9,Falinks Sweat
1892,11,タイレーツのあせ
1893,1,ゾウドウのさび
1893,9,Cufant Tarnish
1893,11,ゾウドウのさび
1894,1,タンドンのせきたん
1894,9,Rolycoly Coal
1894,11,タンドンのせきたん
1895,1,スナヘビのすな
1895,9,Silicobra Sand
1895,11,スナヘビのすな
1896,1,イエッサンのけ
1896,9,Indeedee Fur
1896,11,イエッサンのけ
1897,1,バチンウニのはり
1897,9,Pincurchin Spines
1897,11,バチンウニのはり
1898,1,ユキハミのいと
1898,9,Snom Thread
1898,11,ユキハミのいと
1899,1,ベロバーのけ
1899,9,Impidimp Hair
1899,11,ベロバーのけ
1900,1,カジッチュのかじゅう
1900,9,Applin Juice
1900,11,カジッチュのかじゅう
1901,1,ヤバチャのかけら
1901,9,Sinistea Chip
1901,11,ヤバチャのかけら
1902,1,ミブリムのおとしもの
1902,9,Hatenna Dust
1902,11,ミブリムのおとしもの
1903,1,イシヘンジンのいわ
1903,9,Stonjourner Stone
1903,11,イシヘンジンのいわ
1904,1,コオリッポのうもう
1904,9,Eiscue Down
1904,11,コオリッポのうもう
1905,1,ドラメシヤのこな
1905,9,Dreepy Powder
1905,11,ドラメシヤのこな
1906,1,グルトンのけ
1906,9,Lechonk Hair
1906,11,グルトンのけ
1907,1,タマンチュラのいと
1907,9,Tarountula Thread
1907,11,タマンチュラのいと
1908,1,マメバッタのツメ
1908,9,Nymble Claw
1908,11,マメバッタのツメ
1909,1,シガロコのどろ
1909,9,Rellor Mud
1909,11,シガロコのどろ
1910,1,ボチのろう
1910,9,Greavard Wax
1910,11,ボチのろう
1911,1,ヒラヒナのうもう
1911,9,Flittle Down
1911,11,ヒラヒナのうもう
1912,1,ウミディグダのすな
1912,9,Wiglett Sand
1912,11,ウミディグダのすな
1913,1,ヘイラッシャのヒゲ
1913,9,Dondozo Whisker
1913,11,ヘイラッシャのヒゲ
1914,1,ミガルーサのきりみ
1914,9,Veluza Fillet
1914,11,ミガルーサのきりみ
1915,1,ナミイルカのねんえき
1915,9,Finizen Mucus
1915,11,ナミイルカのねんえき
1916,1,ミニーブのオイル
1916,9,Smoliv Oil
1916,11,ミニーブのオイル
1917,1,カプサイジのたね
1917,9,Capsakid Seed
1917,11,カプサイジのたね
1918,1,ズピカのねんえき
1918,9,Tadbulb Mucus
1918,11,ズピカのねんえき
1919,1,ブロロンのガス
1919,9,Varoom Fume
1919,11,ブロロンのガス
1920,1,ミミズズのさび
1920,9,Orthworm Tarnish
1920,11,ミミズズのさび
1921,1,ワッカネズミのけ
1921,9,Tandemaus Fur
1921,11,ワッカネズミのけ
1922,1,アルクジラのあぶら
1922,9,Cetoddle Grease
1922,11,アルクジラのあぶら
1923,1,セビエのウロコ
1923,9,Frigibax Scales
1923,11,セビエのウロコ
1924,1,シャリタツのウロコ
1924,9,Tatsugiri Scales
1924,11,シャリタツのウロコ
1925,1,モトトカゲのウロコ
1925,9,Cyclizar Scales
1925,11,モトトカゲのウロコ
1926,1,パモのけ
1926,9,Pawmi Fur
1926,11,パモのけ
1927,1,カイデンのはね
1927,9,Wattrel Feather
1927,11,カイデンのはね
1928,1,オトシドリのはね
1928,9,Bombirdier Feather
1928,11,オトシドリのはね
1929,1,イキリンコのはね
1929,9,Squawkabilly Feather
1929,11,イキリンコのはね
1930,1,カラミンゴのうもう
1930,9,Flamigo Down
1930,11,カラミンゴのうもう
1931,1,ガケガニのハサミ
1931,9,Klawf Claw
1931,11,ガケガニのハサミ
1932,1,コジオのしお
1932,9,Nacli Salt
1932,11,コジオのしお
1933,1,キラーメのけっしょう
1933,9,Glimmet Crystal
1933,11,キラーメのけっしょう
1934,1,シルシュルーのインク
1934,9,Shroodle Ink
1934,11,シルシュルーのインク
1935,1,パピモッチのけ
1935,9,Fidough Fur
1935,11,パピモッチのけ
1936,1,オラチフのキバ
1936,9,Maschiff Fang
1936,11,オラチフのキバ
1937,1,アノクサのえだ
1937,9,Bramblin Twig
1937,11,アノクサのえだ
1938,1,コレクレーのコイン
1938,9,Gimmighoul Coin
1938,11,コレクレーのコイン
1939,1,カヌチャンのけ
1939,9,Tinkatink Hair
1939,11,カヌチャンのけ
1940,1,カルボウのすす
1940,9,Charcadet Soot
1940,11,カルボウのすす
1941,1,ノノクラゲのヒラヒラ
1941,9,Toedscool Flaps
1941,11,ノノクラゲのヒラヒラ
1942,1,ウパーのねんえき
1942,9,Wooper Slime
1942,11,ウパーのねんえき
1944,1,わざマシン１０１
1944,9,TM101
1944,11,わざマシン１０１
1945,1,わざマシン１０２
1945,9,TM102
1945,11,わざマシン１０２
1946,1,わざマシン１０３
1946,9,TM103
1946,11,わざマシン１０３
1947,1,わざマシン１０４
1947,9,TM104
1947,11,わざマシン１０４
1948,1,わざマシン１０５
1948,9,TM105
1948,11,わざマシン１０５
1949,1,わざマシン１０６
1949,9,TM106
1949,11,わざマシン１０６
1950,1,わざマシン１０７
1950,9,TM107
1950,11,わざマシン１０７
1951,1,わざマシン１０８
1951,9,TM108
1951,11,わざマシン１０８
1952,1,わざマシン１０９
1952,9,TM109
1952,11,わざマシン１０９
1953,1,わざマシン１１０
1953,9,TM110
1953,11,わざマシン１１０
1954,1,わざマシン１１１
1954,9,TM111
1954,11,わざマシン１１１
1955,1,わざマシン１１２
1955,9,TM112
1955,11,わざマシン１１２
1956,1,わざマシン１１３
1956,9,TM113
1956,11,わざマシン１１３
1957,1,わざマシン１１４
1957,9,TM114
1957,11,わざマシン１１４
1958,1,わざマシン１１５
1958,9,TM115
1958,11,わざマシン１１５
1959,1,わざマシン１１６
1959,9,TM116
1959,11,わざマシン１１６
1960,1,わざマシン１１７
1960,9,TM117
1960,11,わざマシン１１７
1961,1,わざマシン１１８
1961,9,TM118
1961,11,わざマシン１１８
1962,1,わざマシン１１９
1962,9,TM119
1962,11,わざマシン１１９
1963,1,わざマシン１２０
1963,9,TM120
1963,11,わざマシン１２０
1964,1,わざマシン１２１
1964,9,TM121
1964,11,わざマシン１２１
1965,1,わざマシン１２２
1965,9,TM122
1965,11,わざマシン１２２
1966,1,わざマシン１２３
1966,9,TM123
1966,11,わざマシン１２３
1967,1,わざマシン１２４
1967,9,TM124
1967,11,わざマシン１２４
1968,1,わざマシン１２５
1968,9,TM125
1968,11,わざマシン１２５
1969,1,わざマシン１２６
1969,9,TM126
1969,11,わざマシン１２６
1970,1,わざマシン１２７
1970,9,TM127
1970,11,わざマシン１２７
1971,1,わざマシン１２８
1971,9,TM128
1971,11,わざマシン１２８
1972,1,わざマシン１２９
1972,9,TM129
1972,11,わざマシン１２９
1973,1,わざマシン１３０
1973,9,TM130
1973,11,わざマシン１３０
1974,1,わざマシン１３１
1974,9,TM131
1974,11,わざマシン１３１
1975,1,わざマシン１３２
1975,9,TM132
1975,11,わざマシン１３２
1976,1,わざマシン１３３
1976,9,TM133
1976,11,わざマシン１３３
1977,1,わざマシン１３４
1977,9,TM134
1977,11,わざマシン１３４
1978,1,わざマシン１３５
1978,9,TM135
1978,11,わざマシン１３５
1979,1,わざマシン１３６
1979,9,TM136
1979,11,わざマシン１３６
1980,1,わざマシン１３７
1980,9,TM137
1980,11,わざマシン１３７
1981,1,わざマシン１３８
1981,9,TM138
1981,11,わざマシン１３８
1982,1,わざマシン１３９
1982,9,TM139
1982,11,わざマシン１３９
1983,1,わざマシン１４０
1983,9,TM140
1983,11,わざマシン１４０
1984,1,わざマシン１４１
1984,9,TM141
1984,11,わざマシン１４１
1985,1,わざマシン１４２
1985,9,TM142
1985,11,わざマシン１４２
1986,1,わざマシン１４３
1986,9,TM143
1986,11,わざマシン１４３
1987,1,わざマシン１４４
1987,9,TM144
1987,11,わざマシン１４４
1988,1,わざマシン１４５
1988,9,TM145
1988,11,わざマシン１４５
1989,1,わざマシン１４６
1989,9,TM146
1989,11,わざマシン１４６
1990,1,わざマシン１４７
1990,9,TM147
1990,11,わざマシン１４７
1991,1,わざマシン１４８
1991,9,TM148
1991,11,わざマシン１４８
1992,1,わざマシン１４９
1992,9,TM149
1992,11,わざマシン１４９
1993,1,わざマシン１５０
1993,9,TM150
1993,11,わざマシン１５０
1994,1,わざマシン１５１
1994,9,TM151
1994,11,わざマシン１５１
1995,1,わざマシン１５２
1995,9,TM152
1995,11,わざマシン１５２
1996,1,わざマシン１５３
1996,9,TM153
1996,11,わざマシン１５３
1997,1,わざマシン１５４
1997,9,TM154
1997,11,わざマシン１５４
1998,1,わざマシン１５５
1998,9,TM155
1998,11,わざマシン１５５
1999,1,わざマシン１５６
1999,9,TM156
1999,11,わざマシン１５６
2000,1,わざマシン１５７
2000,9,TM157
2000,11,わざマシン１５７
2001,1,わざマシン１５８
2001,9,TM158
2001,11,わざマシン１５８
2002,1,わざマシン１５９
2002,9,TM159
2002,11,わざマシン１５９
2003,1,わざマシン１６０
2003,9,TM160
2003,11,わざマシン１６０
2004,1,わざマシン１６１
2004,9,TM161
2004,11,わざマシン１６１
2005,1,わざマシン１６２
2005,9,TM162
2005,11,わざマシン１６２
2006,1,わざマシン１６３
2006,9,TM163
2006,11,わざマシン１６３
2007,1,わざマシン１６４
2007,9,TM164
2007,11,わざマシン１６４
2008,1,わざマシン１６５
2008,9,TM165
2008,11,わざマシン１６５
2009,1,わざマシン１６６
2009,9,TM166
2009,11,わざマシン１６６
2010,1,わざマシン１６７
2010,9,TM167
2010,11,わざマシン１６７
2011,1,わざマシン１６８
2011,9,TM168
2011,11,わざマシン１６８
2012,1,わざマシン１６９
2012,9,TM169
2012,11,わざマシン１６９
2013,1,わざマシン１７０
2013,9,TM170
2013,11,わざマシン１７０
2014,1,わざマシン１７１
2014,9,TM171
2014,11,わざマシン１７１
2015,1,ピクニックセット
2015,9,Picnic Set
2015,11,ピクニックセット
2016,1,スクールボトル
2016,9,Academy Bottle
2016,11,スクールボトル
2018,1,みずたまボトル
2018,9,Polka-Dot Bottle
2018,11,みずたまボトル
2019,1,ストライプボトル
2019,9,Striped Bottle
2019,11,ストライプボトル
2020,1,ダイヤボトル
2020,9,Diamond Bottle
2020,11,ダイヤボトル
2021,1,スクールカップ
2021,9,Academy Cup
2021,11,スクールカップ
2023,1,たてストライプカップ
2023,9,Striped Cup
2023,11,たてストライプカップ
2024,1,みずたまカップ
2024,9,Polka-Dot Cup
2024,11,みずたまカップ
2025,1,フラワーカップ
2025,9,Flower Pattern Cup
2025,11,フラワーカップ
2026,1,スクールクロス
2026,9,Academy Tablecloth
2026,11,スクールクロス
2028,1,ファンシークロス
2028,9,Whimsical Tablecloth
2028,11,ファンシークロス
2029,1,ネイチャークロス
2029,9,Leafy Tablecloth
2029,11,ネイチャークロス
2030,1,うらめしクロス
2030,9,Spooky Tablecloth
2030,11,うらめしクロス
2031,1,スクールボール
2031,9,Academy Ball
2031,11,スクールボール
2033,1,マリルボール
2033,9,Marill Ball
2033,11,マリルボール
2034,1,けいとボール
2034,9,Yarn Ball
2034,11,けいとボール
2035,1,ゲーミングボール
2035,9,Cyber Ball
2035,11,ゲーミングボール
2036,1,ゴールドピック
2036,9,Gold Pick
2036,11,ゴールドピック
2037,1,シルバーピック
2037,9,Silver Pick
2037,11,シルバーピック
2038,1,あかいはたピック
2038,9,Red-Flag Pick
2038,11,あかいはたピック
2039,1,あおいはたピック
2039,9,Blue-Flag Pick
2039,11,あおいはたピック
2040,1,ピカピカピック
2040,9,Pika-Pika Pick
2040,11,ピカピカピック
2041,1,パチピカピック
2041,9,Winking Pika Pick
2041,11,パチピカピック
2042,1,ブイブイピック
2042,9,Vee-Vee Pick
2042,11,ブイブイピック
2043,1,ニコブイピック
2043,9,Smiling Vee Pick
2043,11,ニコブイピック
2044,1,あおボールピック
2044,9,Blue Poké Ball Pick
2044,11,あおボールピック
2045,1,イワイノヨロイ
2045,9,Auspicious Armor
2045,11,イワイノヨロイ
2046,1,かしらのしるし
2046,9,Leader’s Crest
2046,11,かしらのしるし
2047,1,ピンクボトル
2047,9,Pink Bottle
2047,11,ピンクボトル
2048,1,ブルーボトル
2048,9,Blue Bottle
2048,11,ブルーボトル
2049,1,イエローボトル
2049,9,Yellow Bottle
2049,11,イエローボトル
2050,1,Rステンレスボトル
2050,9,Steel Bottle (R)
2050,11,Rステンレスボトル
2051,1,Yステンレスボトル
2051,9,Steel Bottle (Y)
2051,11,Yステンレスボトル
2052,1,Bステンレスボトル
2052,9,Steel Bottle (B)
2052,11,Bステンレスボトル
2053,1,シルバーチタンボトル
2053,9,Silver Bottle
2053,11,シルバーチタンボトル
2054,1,よこストライプカップ
2054,9,Barred Cup
2054,11,よこストライプカップ
2055,1,ダイヤカップ
2055,9,Diamond Pattern Cup
2055,11,ダイヤカップ
2056,1,ファイヤーカップ
2056,9,Fire Pattern Cup
2056,11,ファイヤーカップ
2057,1,ピンクカップ
2057,9,Pink Cup
2057,11,ピンクカップ
2058,1,ブルーカップ
2058,9,Blue Cup
2058,11,ブルーカップ
2059,1,イエローカップ
2059,9,Yellow Cup
2059,11,イエローカップ
2060,1,ピカチュウカップ
2060,9,Pikachu Cup
2060,11,ピカチュウカップ
2061,1,イーブイカップ
2061,9,Eevee Cup
2061,11,イーブイカップ
2062,1,ヤドンカップ
2062,9,Slowpoke Cup
2062,11,ヤドンカップ
2063,1,シルバーチタンカップ
2063,9,Silver Cup
2063,11,シルバーチタンカップ
2064,1,バランスボール
2064,9,Exercise Ball
2064,11,バランスボール
2065,1,きいろチェッククロス
2065,9,Plaid Tablecloth (Y)
2065,11,きいろチェッククロス
2066,1,あおチェッククロス
2066,9,Plaid Tablecloth (B)
2066,11,あおチェッククロス
2067,1,あかチェッククロス
2067,9,Plaid Tablecloth (R)
2067,11,あかチェッククロス
2068,1,くさむらモノクロス
2068,9,B&W Grass Tablecloth
2068,11,くさむらモノクロス
2069,1,しょうぶクロス
2069,9,Battle Tablecloth
2069,11,しょうぶクロス
2070,1,かいじゅうクロス
2070,9,Monstrous Tablecloth
2070,11,かいじゅうクロス
2071,1,ストライプクロス
2071,9,Striped Tablecloth
2071,11,ストライプクロス
2072,1,ダイヤクロス
2072,9,Diamond Tablecloth
2072,11,ダイヤクロス
2073,1,みずたまクロス
2073,9,Polka-Dot Tablecloth
2073,11,みずたまクロス
2074,1,パープルクロス
2074,9,Lilac Tablecloth
2074,11,パープルクロス
2075,1,ミントクロス
2075,9,Mint Tablecloth
2075,11,ミントクロス
2076,1,ベージュクロス
2076,9,Peach Tablecloth
2076,11,ベージュクロス
2077,1,イエロークロス
2077,9,Yellow Tablecloth
2077,11,イエロークロス
2078,1,ブルークロス
2078,9,Blue Tablecloth
2078,11,ブルークロス
2079,1,ピンククロス
2079,9,Pink Tablecloth
2079,11,ピンククロス
2080,1,ゴールドチタンボトル
2080,9,Gold Bottle
2080,11,ゴールドチタンボトル
2081,1,ブロンズチタンボトル
2081,9,Bronze Bottle
2081,11,ブロンズチタンボトル
2082,1,ゴールドチタンカップ
2082,9,Gold Cup
2082,11,ゴールドチタンカップ
2083,1,ブロンズチタンカップ
2083,9,Bronze Cup
2083,11,ブロンズチタンカップ
2084,1,みどりボールピック
2084,9,Green Poké Ball Pick
2084,11,みどりボールピック
2085,1,あかボールピック
2085,9,Red Poké Ball Pick
2085,11,あかボールピック
2086,1,おいわいはなびピック
2086,9,Party Sparkler Pick
2086,11,おいわいはなびピック
2087,1,ゆうしゃのけんピック
2087,9,Heroic Sword Pick
2087,11,ゆうしゃのけんピック
2088,1,マジカルスターピック
2088,9,Magical Star Pick
2088,11,マジカルスターピック
2089,1,マジカルハートピック
2089,9,Magical Heart Pick
2089,11,マジカルハートピック
2090,1,パラソルピック
2090,9,Parasol Pick
2090,11,パラソルピック
2091,1,あおぞらおはなピック
2091,9,Blue-Sky Flower Pick
2091,11,あおぞらおはなピック
2092,1,ゆうやけおはなピック
2092,9,Sunset Flower Pick
2092,11,ゆうやけおはなピック
2093,1,あさやけおはなピック
2093,9,Sunrise Flower Pick
2093,11,あさやけおはなピック
2094,1,ブループレート
2094,9,Blue Dish
2094,11,ブループレート
2095,1,グリーンプレート
2095,9,Green Dish
2095,11,グリーンプレート
2096,1,オレンジプレート
2096,9,Orange Dish
2096,11,オレンジプレート
2097,1,レッドプレート
2097,9,Red Dish
2097,11,レッドプレート
2098,1,ホワイトプレート
2098,9,White Dish
2098,11,ホワイトプレート
2099,1,イエロープレート
2099,9,Yellow Dish
2099,11,イエロープレート
2100,1,ロトりぼう
2100,9,Roto Stick
2100,11,ロトりぼう
2101,1,おしゃれカードみどり
2101,9,Teal Style Card
2101,11,おしゃれカードみどり
2102,1,みどりのめん
2102,9,Teal Mask
2102,11,みどりのめん
2103,1,きらめくおまもり
2103,9,Glimmering Charm
2103,11,きらめくおまもり
2104,1,けっしょうのかけら
2104,9,Crystal Cluster
2104,11,けっしょうのかけら
2105,1,ようせいのハネ
2105,9,Fairy Feather
2105,11,ようせいのハネ
2106,1,いどのめん
2106,9,Wellspring Mask
2106,11,いどのめん
2107,1,かまどのめん
2107,9,Hearthflame Mask
2107,11,かまどのめん
2108,1,いしずえのめん
2108,9,Cornerstone Mask
2108,11,いしずえのめん
2109,1,みついりりんご
2109,9,Syrupy Apple
2109,11,みついりりんご
2110,1,ボンサクのちゃわん
2110,9,Unremarkable Teacup
2110,11,ボンサクのちゃわん
2111,1,ケッサクのちゃわん
2111,9,Masterpiece Teacup
2111,11,ボンサクのちゃわん
2112,1,たいりょくのもち
2112,9,Health Mochi
2112,11,たいりょくのもち
2113,1,きんりょくのもち
2113,9,Muscle Mochi
2113,11,きんりょくのもち
2114,1,ていこうのもち
2114,9,Resist Mochi
2114,11,ていこうのもち
2115,1,ちりょくのもち
2115,9,Genius Mochi
2115,11,ちりょくのもち
2116,1,せいしんのもち
2116,9,Clever Mochi
2116,11,せいしんのもち
2117,1,しゅんぱつのもち
2117,9,Swift Mochi
2117,11,しゅんぱつのもち
2118,1,まっさらもち
2118,9,Fresh Start Mochi
2118,11,まっさらもち
2119,1,アーボのきば
2119,9,Ekans Fang
2119,11,アーボのきば
2120,1,サンドのツメ
2120,9,Sandshrew Claw
2120,11,サンドのツメ
2121,1,ピィのけ
2121,9,Cleffa Fur
2121,11,ピィのけ
2122,1,ロコンのけ
2122,9,Vulpix Fur
2122,11,ロコンのけ
2123,1,ニョロモのめんえき
2123,9,Poliwag Slime
2123,11,ニョロモのめんえき
2124,1,マダツボミのツル
2124,9,Bellsprout Vine
2124,11,マダツボミのツル
2125,1,イシツブテのかけら
2125,9,Geodude Fragment
2125,11,イシツブテのかけら
2126,1,ドガースのガス
2126,9,Koffing Gas
2126,11,ドガースのガス
2127,1,ゴンベのキバ
2127,9,Munchlax Fang
2127,11,ゴンベのキバ
2128,1,オタチのけ
2128,9,Sentret Fur
2128,11,オタチのけ
2129,1,ホーホーのはね
2129,9,Hoothoot Feather
2129,11,ホーホーのはね
2130,1,イトマルのいと
2130,9,Spinarak Thread
2130,11,イトマルのいと
2131,1,エイパムのけ
2131,9,Aipom Hair
2131,11,エイパムのけ
2132,1,ヤンヤンマのトゲ
2132,9,Yanma Spike
2132,11,ヤンヤンマのトゲ
2133,1,グライガーのキバ
2133,9,Gligar Fang
2133,11,グライガーのキバ
2134,1,マグマッグのようがん
2134,9,Slugma Lava
2134,11,マグマッグのようがん
2135,1,ウリムーのけ
2135,9,Swinub Hair
2135,11,ウリムーのけ
2136,1,ポチエナのキバ
2136,9,Poochyena Fang
2136,11,ポチエナのキバ
2137,1,ハスボーのはっぱ
2137,9,Lotad Leaf
2137,11,ハスボーのはっぱ
2138,1,タネボーのえだ
2138,9,Seedot Stem
2138,11,タネボーのえだ
2139,1,ノズパスのかけら
2139,9,Nosepass Fragment
2139,11,ノズパスのかけら
2140,1,バルビートのしる
2140,9,Volbeat Fluid
2140,11,バルビートのしる
2141,1,イルミーゼのしる
2141,9,Illumise Fluid
2141,11,イルミーゼのしる
2142,1,ヘイガニのから
2142,9,Corphish Shell
2142,11,ヘイガニのから
2143,1,ヒンバスのうろこ
2143,9,Feebas Scales
2143,11,ヒンバスのうろこ
2144,1,ヨマワルのかけら
2144,9,Duskull Fragment
2144,11,ヨマワルのかけら
2145,1,リーシャンのかけら
2145,9,Chingling Fragment
2145,11,リーシャンのかけら
2146,1,ドッコラーのあせ
2146,9,Timburr Sweat
2146,11,ドッコラーのあせ
2147,1,クルミルのはっぱ
2147,9,Sewaddle Leaf
2147,11,クルミルのはっぱ
2148,1,コアルヒーのはね
2148,9,Ducklett Feather
2148,11,コアルヒーのはね
2149,1,ヒトモシのすす
2149,9,Litwick Soot
2149,11,ヒトモシのすす
2150,1,コジョフーのツメ
2150,9,Mienfoo Claw
2150,11,コジョフーのツメ
2151,1,バルチャイのはね
2151,9,Vullaby Feather
2151,11,バルチャイのはね
2152,1,メレシーのほうせき
2152,9,Carbink Jewel
2152,11,メレシーのほうせき
2153,1,ボクレーのえだ
2153,9,Phantump Twig
2153,11,ボクレーのえだ
2154,1,アゴジムシのいと
2154,9,Grubbin Thread
2154,11,アゴジムシのいと
2155,1,アブリーのこな
2155,9,Cutiefly Powder
2155,11,アブリーのこな
2156,1,ジャラコのウロコ
2156,9,Jangmo-o Scales
2156,11,ジャラコのウロコ
2157,1,ウッウのうもう
2157,9,Cramorant Down
2157,11,ウッウのうもう
2158,1,モルペコのたね
2158,9,Morpeko Snack
2158,11,モルペコのたね
2159,1,チャデスのこな
2159,9,Poltchageist Powder
2159,11,チャデスのこな
2160,9,Linking Cord
2160,11, つながりのヒモ
2161,9,TM172
2161,11,わざマシン１７２
2162,9,TM173
2162,11,わざマシン１７３
2163,9,TM174
2163,11,わざマシン１７４
2164,9,TM175
2164,11,わざマシン１７５
2165,9,TM176
2165,11,わざマシン１７６
2166,9,TM177
2166,11,わざマシン１７７
2167,9,TM178
2167,11,わざマシン１７８
2168,9,TM179
2168,11,わざマシン１７９
2169,9,TM180
2169,11,わざマシン１８０
2170,9,TM181
2170,11,わざマシン１８１
2171,9,TM182
2171,11,わざマシン１８２
2172,9,TM183
2172,11,わざマシン１８３
2173,9,TM184
2173,11,わざマシン１８４
2174,9,TM185
2174,11,わざマシン１８５
2175,9,TM186
2175,11,わざマシン１８６
2176,9,TM187
2176,11,わざマシン１８７
2177,9,TM188
2177,11,わざマシン１８８
2178,9,TM189
2178,11,わざマシン１８９
2179,9,TM190
2179,11,わざマシン１９０
2180,9,TM191
2180,11,わざマシン１９１
2181,9,TM192
2181,11,わざマシン１９２
2182,9,TM193
2182,11,わざマシン１９３
2183,9,TM194
2183,11,わざマシン１９４
2184,9,TM195
2184,11,わざマシン１９５
2185,9,TM196
2185,11,わざマシン１９６
2186,9,TM197
2186,11,わざマシン１９７
2187,9,TM198
2187,11,わざマシン１９８
2188,9,TM199
2188,11,わざマシン１９９
2189,9,TM200
2189,11,わざマシン２００
2190,9,TM201
2190,11,わざマシン２０１
2191,9,TM202
2191,11,わざマシン２０２
2192,9,TM203
2192,11,わざマシン２０３
2193,9,TM204
2193,11,わざマシン２０４
2194,9,TM205
2194,11,わざマシン２０５
2195,9,TM206
2195,11,わざマシン２０６
2196,9,TM207
2196,11,わざマシン２０７
2197,9,TM208
2197,11,わざマシン２０８
2198,9,TM209
2198,11,わざマシン２０９
2199,9,TM210
2199,11,わざマシン２１０
2200,9,TM211
2200,11,わざマシン２１１
2201,9,TM212
2201,11,わざマシン２１２
2202,9,TM213
2202,11,わざマシン２１３
2203,9,TM214
2203,11,わざマシン２１４
2204,9,TM215
2204,11,わざマシン２１５
2205,9,TM216
2205,11,わざマシン２１６
2206,9,TM217
2206,11,わざマシン２１７
2207,9,TM218
2207,11,わざマシン２１８
2208,9,TM219
2208,11,わざマシン２１９
2209,9,TM220
2209,11,わざマシン２２０
2210,9,TM221
2210,11,わざマシン２２１
2211,9,TM222
2211,11,わざマシン２２２
2212,9,TM223
2212,11,わざマシン２２３
2213,9,TM224
2213,11,わざマシン２２４
2214,9,TM225
2214,11,わざマシン２２５
2215,9,TM226
2215,11,わざマシン２２６
2216,9,TM227
2216,11,わざマシン２２７
2217,9,TM228
2217,11,わざマシン２２８
2218,9,TM229
2218,11,わざマシン２２９
2219,9,Strange Ball
2219,11,ストレンジボール
2220,9,Poké Ball
2220,11,モンスターボール
2221,9,Great Ball
2221,11,スーパーボール
2222,9,Ultra Ball
2222,11,ハイパーボール
2223,9,Heavy Ball
2223,11,ヘビーボール
2224,9,Leaden Ball
2224,11,メガトンボール
2225,9,Gigaton Ball
2225,11,ギガトンボール
2226,9,Feather Ball
2226,11,フェザーボール
2227,9,Wing Ball
2227,11,ウイングボール
2228,9,Jet Ball
2228,11,ジェットボール
2229,9,Origin Ball
2229,11,オリジンボール
2230,9,Black Augurite
2230,11,くろのきせき
2231,9,Peat Block
2231,11,ピートブロック
2232,9,Metal Alloy
2232,11,ふくごうきんぞく
